country_code,country_name,indicator,indicator_name,year,value
AR,Argentina,DT.DOD.DECT.GN.ZS,Debt-to-GNI ratio,2024,39.0583452380588
AR,Argentina,DT.DOD.DECT.GN.ZS,Debt-to-GNI ratio,2023,39.9528949452964
AR,Argentina,DT.DOD.DECT.GN.ZS,Debt-to-GNI ratio,2022,40.0821942544545
AR,Argentina,DT.DOD.DECT.GN.ZS,Debt-to-GNI ratio,2021,51.6176877458835
AR,Argentina,DT.DOD.DECT.GN.ZS,Debt-to-GNI ratio,2020,68.0983401439473
AR,Argentina,DT.DOD.DECT.GN.ZS,Debt-to-GNI ratio,2019,65.2499452681964
AR,Argentina,DT.DOD.DECT.GN.ZS,Debt-to-GNI ratio,2018,54.8960712180333
AR,Argentina,DT.DOD.DECT.GN.ZS,Debt-to-GNI ratio,2017,36.0210140421607
AR,Argentina,DT.DOD.DECT.GN.ZS,Debt-to-GNI ratio,2016,33.3125611167404
AR,Argentina,DT.DOD.DECT.GN.ZS,Debt-to-GNI ratio,2015,30.3597130322943
BR,Brazil,DT.DOD.DECT.GN.ZS,Debt-to-GNI ratio,2024,28.6612661075538
BR,Brazil,DT.DOD.DECT.GN.ZS,Debt-to-GNI ratio,2023,28.628650184641
BR,Brazil,DT.DOD.DECT.GN.ZS,Debt-to-GNI ratio,2022,30.5621181630478
BR,Brazil,DT.DOD.DECT.GN.ZS,Debt-to-GNI ratio,2021,35.2910131878973
BR,Brazil,DT.DOD.DECT.GN.ZS,Debt-to-GNI ratio,2020,38.0076646022397
BR,Brazil,DT.DOD.DECT.GN.ZS,Debt-to-GNI ratio,2019,31.1964144613097
BR,Brazil,DT.DOD.DECT.GN.ZS,Debt-to-GNI ratio,2018,29.9289604206331
BR,Brazil,DT.DOD.DECT.GN.ZS,Debt-to-GNI ratio,2017,26.8156664558868
BR,Brazil,DT.DOD.DECT.GN.ZS,Debt-to-GNI ratio,2016,30.9090873467642
BR,Brazil,DT.DOD.DECT.GN.ZS,Debt-to-GNI ratio,2015,30.7299282835538
CN,China,DT.DOD.DECT.GN.ZS,Debt-to-GNI ratio,2024,13.0007522555005
CN,China,DT.DOD.DECT.GN.ZS,Debt-to-GNI ratio,2023,13.50675136222
CN,China,DT.DOD.DECT.GN.ZS,Debt-to-GNI ratio,2022,13.9317634143876
CN,China,DT.DOD.DECT.GN.ZS,Debt-to-GNI ratio,2021,15.0703683293598
CN,China,DT.DOD.DECT.GN.ZS,Debt-to-GNI ratio,2020,15.634535209813
CN,China,DT.DOD.DECT.GN.ZS,Debt-to-GNI ratio,2019,14.5601860956403
CN,China,DT.DOD.DECT.GN.ZS,Debt-to-GNI ratio,2018,13.9248882428061
CN,China,DT.DOD.DECT.GN.ZS,Debt-to-GNI ratio,2017,13.6631367045646
CN,China,DT.DOD.DECT.GN.ZS,Debt-to-GNI ratio,2016,12.4023168814925
CN,China,DT.DOD.DECT.GN.ZS,Debt-to-GNI ratio,2015,11.8789197021152
CO,Colombia,DT.DOD.DECT.GN.ZS,Debt-to-GNI ratio,2024,49.2038699846531
CO,Colombia,DT.DOD.DECT.GN.ZS,Debt-to-GNI ratio,2023,54.9698144239845
CO,Colombia,DT.DOD.DECT.GN.ZS,Debt-to-GNI ratio,2022,55.2901604295775
CO,Colombia,DT.DOD.DECT.GN.ZS,Debt-to-GNI ratio,2021,54.5702530730857
CO,Colombia,DT.DOD.DECT.GN.ZS,Debt-to-GNI ratio,2020,58.195276425352
CO,Colombia,DT.DOD.DECT.GN.ZS,Debt-to-GNI ratio,2019,44.0144816213322
CO,Colombia,DT.DOD.DECT.GN.ZS,Debt-to-GNI ratio,2018,40.935302359277
CO,Colombia,DT.DOD.DECT.GN.ZS,Debt-to-GNI ratio,2017,41.1813299968956
CO,Colombia,DT.DOD.DECT.GN.ZS,Debt-to-GNI ratio,2016,43.2364464218603
CO,Colombia,DT.DOD.DECT.GN.ZS,Debt-to-GNI ratio,2015,39.1551312422504
EG,"Egypt, Arab Rep.",DT.DOD.DECT.GN.ZS,Debt-to-GNI ratio,2024,41.9820138564051
EG,"Egypt, Arab Rep.",DT.DOD.DECT.GN.ZS,Debt-to-GNI ratio,2023,44.4212432479616
EG,"Egypt, Arab Rep.",DT.DOD.DECT.GN.ZS,Debt-to-GNI ratio,2022,35.3832819125992
EG,"Egypt, Arab Rep.",DT.DOD.DECT.GN.ZS,Debt-to-GNI ratio,2021,35.4130599251787
EG,"Egypt, Arab Rep.",DT.DOD.DECT.GN.ZS,Debt-to-GNI ratio,2020,35.5843178235706
EG,"Egypt, Arab Rep.",DT.DOD.DECT.GN.ZS,Debt-to-GNI ratio,2019,37.3486377137165
EG,"Egypt, Arab Rep.",DT.DOD.DECT.GN.ZS,Debt-to-GNI ratio,2018,38.8036123837843
EG,"Egypt, Arab Rep.",DT.DOD.DECT.GN.ZS,Debt-to-GNI ratio,2017,34.6961018574758
EG,"Egypt, Arab Rep.",DT.DOD.DECT.GN.ZS,Debt-to-GNI ratio,2016,21.0959884446522
EG,"Egypt, Arab Rep.",DT.DOD.DECT.GN.ZS,Debt-to-GNI ratio,2015,15.4090910799379
ID,Indonesia,DT.DOD.DECT.GN.ZS,Debt-to-GNI ratio,2024,30.9729980083421
ID,Indonesia,DT.DOD.DECT.GN.ZS,Debt-to-GNI ratio,2023,29.935375315129
ID,Indonesia,DT.DOD.DECT.GN.ZS,Debt-to-GNI ratio,2022,30.8527352858338
ID,Indonesia,DT.DOD.DECT.GN.ZS,Debt-to-GNI ratio,2021,36.1990816015577
ID,Indonesia,DT.DOD.DECT.GN.ZS,Debt-to-GNI ratio,2020,40.4899520829926
ID,Indonesia,DT.DOD.DECT.GN.ZS,Debt-to-GNI ratio,2019,37.0829978168899
ID,Indonesia,DT.DOD.DECT.GN.ZS,Debt-to-GNI ratio,2018,37.5639689128338
ID,Indonesia,DT.DOD.DECT.GN.ZS,Debt-to-GNI ratio,2017,35.9645370946451
ID,Indonesia,DT.DOD.DECT.GN.ZS,Debt-to-GNI ratio,2016,35.3699048723645
ID,Indonesia,DT.DOD.DECT.GN.ZS,Debt-to-GNI ratio,2015,36.9878652515237
IN,India,DT.DOD.DECT.GN.ZS,Debt-to-GNI ratio,2024,18.5795533694083
IN,India,DT.DOD.DECT.GN.ZS,Debt-to-GNI ratio,2023,18.0442974446192
IN,India,DT.DOD.DECT.GN.ZS,Debt-to-GNI ratio,2022,18.6518069060743
IN,India,DT.DOD.DECT.GN.ZS,Debt-to-GNI ratio,2021,19.5524130311129
IN,India,DT.DOD.DECT.GN.ZS,Debt-to-GNI ratio,2020,21.4094740100862
IN,India,DT.DOD.DECT.GN.ZS,Debt-to-GNI ratio,2019,19.9766366353145
IN,India,DT.DOD.DECT.GN.ZS,Debt-to-GNI ratio,2018,19.4905310721105
IN,India,DT.DOD.DECT.GN.ZS,Debt-to-GNI ratio,2017,19.5049373712632
IN,India,DT.DOD.DECT.GN.ZS,Debt-to-GNI ratio,2016,20.0812235448632
IN,India,DT.DOD.DECT.GN.ZS,Debt-to-GNI ratio,2015,23.0297689509967
JO,Jordan,DT.DOD.DECT.GN.ZS,Debt-to-GNI ratio,2024,90.1349716229773
JO,Jordan,DT.DOD.DECT.GN.ZS,Debt-to-GNI ratio,2023,87.8712529400758
JO,Jordan,DT.DOD.DECT.GN.ZS,Debt-to-GNI ratio,2022,85.3105835968273
JO,Jordan,DT.DOD.DECT.GN.ZS,Debt-to-GNI ratio,2021,90.649566277089
JO,Jordan,DT.DOD.DECT.GN.ZS,Debt-to-GNI ratio,2020,87.2903094132487
JO,Jordan,DT.DOD.DECT.GN.ZS,Debt-to-GNI ratio,2019,75.2477556467505
JO,Jordan,DT.DOD.DECT.GN.ZS,Debt-to-GNI ratio,2018,73.9512312696322
JO,Jordan,DT.DOD.DECT.GN.ZS,Debt-to-GNI ratio,2017,72.5857469158017
JO,Jordan,DT.DOD.DECT.GN.ZS,Debt-to-GNI ratio,2016,68.4833967118955
JO,Jordan,DT.DOD.DECT.GN.ZS,Debt-to-GNI ratio,2015,67.0927641139484
KE,Kenya,DT.DOD.DECT.GN.ZS,Debt-to-GNI ratio,2024,34.992669732423
KE,Kenya,DT.DOD.DECT.GN.ZS,Debt-to-GNI ratio,2023,40.4232521954815
KE,Kenya,DT.DOD.DECT.GN.ZS,Debt-to-GNI ratio,2022,36.8769031537885
KE,Kenya,DT.DOD.DECT.GN.ZS,Debt-to-GNI ratio,2021,38.1042168095825
KE,Kenya,DT.DOD.DECT.GN.ZS,Debt-to-GNI ratio,2020,38.0454096339675
KE,Kenya,DT.DOD.DECT.GN.ZS,Debt-to-GNI ratio,2019,35.4042862038635
KE,Kenya,DT.DOD.DECT.GN.ZS,Debt-to-GNI ratio,2018,34.6140434138868
KE,Kenya,DT.DOD.DECT.GN.ZS,Debt-to-GNI ratio,2017,33.4901470475528
KE,Kenya,DT.DOD.DECT.GN.ZS,Debt-to-GNI ratio,2016,28.5315668521598
KE,Kenya,DT.DOD.DECT.GN.ZS,Debt-to-GNI ratio,2015,31.3058278228131
MA,Morocco,DT.DOD.DECT.GN.ZS,Debt-to-GNI ratio,2024,44.7188367863758
MA,Morocco,DT.DOD.DECT.GN.ZS,Debt-to-GNI ratio,2023,48.9147951964991
MA,Morocco,DT.DOD.DECT.GN.ZS,Debt-to-GNI ratio,2022,50.35106931617
MA,Morocco,DT.DOD.DECT.GN.ZS,Debt-to-GNI ratio,2021,46.8983264543197
MA,Morocco,DT.DOD.DECT.GN.ZS,Debt-to-GNI ratio,2020,54.9196081945346
MA,Morocco,DT.DOD.DECT.GN.ZS,Debt-to-GNI ratio,2019,43.5343377341004
MA,Morocco,DT.DOD.DECT.GN.ZS,Debt-to-GNI ratio,2018,40.4114034285646
MA,Morocco,DT.DOD.DECT.GN.ZS,Debt-to-GNI ratio,2017,44.0032096192297
MA,Morocco,DT.DOD.DECT.GN.ZS,Debt-to-GNI ratio,2016,43.4727961452493
MA,Morocco,DT.DOD.DECT.GN.ZS,Debt-to-GNI ratio,2015,41.0525743321797
MX,Mexico,DT.DOD.DECT.GN.ZS,Debt-to-GNI ratio,2024,32.8920519832698
MX,Mexico,DT.DOD.DECT.GN.ZS,Debt-to-GNI ratio,2023,34.0722892134803
MX,Mexico,DT.DOD.DECT.GN.ZS,Debt-to-GNI ratio,2022,40.8971913213688
MX,Mexico,DT.DOD.DECT.GN.ZS,Debt-to-GNI ratio,2021,46.8965782589805
MX,Mexico,DT.DOD.DECT.GN.ZS,Debt-to-GNI ratio,2020,56.8349663684666
MX,Mexico,DT.DOD.DECT.GN.ZS,Debt-to-GNI ratio,2019,48.7169187460769
MX,Mexico,DT.DOD.DECT.GN.ZS,Debt-to-GNI ratio,2018,49.1902287834628
MX,Mexico,DT.DOD.DECT.GN.ZS,Debt-to-GNI ratio,2017,49.85860000761
MX,Mexico,DT.DOD.DECT.GN.ZS,Debt-to-GNI ratio,2016,50.2965927131738
MX,Mexico,DT.DOD.DECT.GN.ZS,Debt-to-GNI ratio,2015,45.4803129174973
NG,Nigeria,DT.DOD.DECT.GN.ZS,Debt-to-GNI ratio,2024,60.0447244122839
NG,Nigeria,DT.DOD.DECT.GN.ZS,Debt-to-GNI ratio,2023,29.036832236491
NG,Nigeria,DT.DOD.DECT.GN.ZS,Debt-to-GNI ratio,2022,22.1867351582616
NG,Nigeria,DT.DOD.DECT.GN.ZS,Debt-to-GNI ratio,2021,22.2682603874306
NG,Nigeria,DT.DOD.DECT.GN.ZS,Debt-to-GNI ratio,2020,20.4924439613801
NG,Nigeria,DT.DOD.DECT.GN.ZS,Debt-to-GNI ratio,2019,17.479665389895
NG,Nigeria,DT.DOD.DECT.GN.ZS,Debt-to-GNI ratio,2018,16.9165675219792
NG,Nigeria,DT.DOD.DECT.GN.ZS,Debt-to-GNI ratio,2017,17.7307590012602
NG,Nigeria,DT.DOD.DECT.GN.ZS,Debt-to-GNI ratio,2016,10.978230289557
NG,Nigeria,DT.DOD.DECT.GN.ZS,Debt-to-GNI ratio,2015,9.37394526748953
PE,Peru,DT.DOD.DECT.GN.ZS,Debt-to-GNI ratio,2024,34.2282212044217
PE,Peru,DT.DOD.DECT.GN.ZS,Debt-to-GNI ratio,2023,37.1975658585426
PE,Peru,DT.DOD.DECT.GN.ZS,Debt-to-GNI ratio,2022,39.9788909505895
PE,Peru,DT.DOD.DECT.GN.ZS,Debt-to-GNI ratio,2021,42.6071664051668
PE,Peru,DT.DOD.DECT.GN.ZS,Debt-to-GNI ratio,2020,38.1780303630646
PE,Peru,DT.DOD.DECT.GN.ZS,Debt-to-GNI ratio,2019,29.5044834900041
PE,Peru,DT.DOD.DECT.GN.ZS,Debt-to-GNI ratio,2018,32.4819714568868
PE,Peru,DT.DOD.DECT.GN.ZS,Debt-to-GNI ratio,2017,33.9083827987592
PE,Peru,DT.DOD.DECT.GN.ZS,Debt-to-GNI ratio,2016,38.1972280258854
PE,Peru,DT.DOD.DECT.GN.ZS,Debt-to-GNI ratio,2015,37.0040696483009
PH,Philippines,DT.DOD.DECT.GN.ZS,Debt-to-GNI ratio,2024,26.2604550502335
PH,Philippines,DT.DOD.DECT.GN.ZS,Debt-to-GNI ratio,2023,25.6668725797068
PH,Philippines,DT.DOD.DECT.GN.ZS,Debt-to-GNI ratio,2022,25.875290276635
PH,Philippines,DT.DOD.DECT.GN.ZS,Debt-to-GNI ratio,2021,26.1303951987477
PH,Philippines,DT.DOD.DECT.GN.ZS,Debt-to-GNI ratio,2020,25.3116389229833
PH,Philippines,DT.DOD.DECT.GN.ZS,Debt-to-GNI ratio,2019,20.3516842117646
PH,Philippines,DT.DOD.DECT.GN.ZS,Debt-to-GNI ratio,2018,20.6399906442903
PH,Philippines,DT.DOD.DECT.GN.ZS,Debt-to-GNI ratio,2017,20.1794848256215
PH,Philippines,DT.DOD.DECT.GN.ZS,Debt-to-GNI ratio,2016,21.2638927411851
PH,Philippines,DT.DOD.DECT.GN.ZS,Debt-to-GNI ratio,2015,23.3400182272902
RU,Russian Federation,DT.DOD.DECT.GN.ZS,Debt-to-GNI ratio,2022,16.757438584072
RU,Russian Federation,DT.DOD.DECT.GN.ZS,Debt-to-GNI ratio,2021,26.4340953468359
RU,Russian Federation,DT.DOD.DECT.GN.ZS,Debt-to-GNI ratio,2020,31.6125814211445
RU,Russian Federation,DT.DOD.DECT.GN.ZS,Debt-to-GNI ratio,2019,29.6288697909038
RU,Russian Federation,DT.DOD.DECT.GN.ZS,Debt-to-GNI ratio,2018,29.548796109
RU,Russian Federation,DT.DOD.DECT.GN.ZS,Debt-to-GNI ratio,2017,33.8872742360339
RU,Russian Federation,DT.DOD.DECT.GN.ZS,Debt-to-GNI ratio,2016,43.1184713428485
RU,Russian Federation,DT.DOD.DECT.GN.ZS,Debt-to-GNI ratio,2015,37.125952762227
TH,Thailand,DT.DOD.DECT.GN.ZS,Debt-to-GNI ratio,2024,37.4891208226563
TH,Thailand,DT.DOD.DECT.GN.ZS,Debt-to-GNI ratio,2023,38.7070888237378
TH,Thailand,DT.DOD.DECT.GN.ZS,Debt-to-GNI ratio,2022,41.8986110741223
TH,Thailand,DT.DOD.DECT.GN.ZS,Debt-to-GNI ratio,2021,40.2520564409155
TH,Thailand,DT.DOD.DECT.GN.ZS,Debt-to-GNI ratio,2020,38.1852515690645
TH,Thailand,DT.DOD.DECT.GN.ZS,Debt-to-GNI ratio,2019,32.1769086458462
TH,Thailand,DT.DOD.DECT.GN.ZS,Debt-to-GNI ratio,2018,35.6858960191966
TH,Thailand,DT.DOD.DECT.GN.ZS,Debt-to-GNI ratio,2017,35.229827656924
TH,Thailand,DT.DOD.DECT.GN.ZS,Debt-to-GNI ratio,2016,33.2711074983591
TH,Thailand,DT.DOD.DECT.GN.ZS,Debt-to-GNI ratio,2015,32.3148092281891
TN,Tunisia,DT.DOD.DECT.GN.ZS,Debt-to-GNI ratio,2024,77.6996062630389
TN,Tunisia,DT.DOD.DECT.GN.ZS,Debt-to-GNI ratio,2023,90.2495580226375
TN,Tunisia,DT.DOD.DECT.GN.ZS,Debt-to-GNI ratio,2022,93.3278878231755
TN,Tunisia,DT.DOD.DECT.GN.ZS,Debt-to-GNI ratio,2021,93.8461326685163
TN,Tunisia,DT.DOD.DECT.GN.ZS,Debt-to-GNI ratio,2020,102.147025479701
TN,Tunisia,DT.DOD.DECT.GN.ZS,Debt-to-GNI ratio,2019,98.5572804435593
TN,Tunisia,DT.DOD.DECT.GN.ZS,Debt-to-GNI ratio,2018,84.6215604863162
TN,Tunisia,DT.DOD.DECT.GN.ZS,Debt-to-GNI ratio,2017,81.888186770087
TN,Tunisia,DT.DOD.DECT.GN.ZS,Debt-to-GNI ratio,2016,68.0294246068561
TN,Tunisia,DT.DOD.DECT.GN.ZS,Debt-to-GNI ratio,2015,63.2230339634337
TR,Turkiye,DT.DOD.DECT.GN.ZS,Debt-to-GNI ratio,2024,39.3880494718611
TR,Turkiye,DT.DOD.DECT.GN.ZS,Debt-to-GNI ratio,2023,45.157151097837
TR,Turkiye,DT.DOD.DECT.GN.ZS,Debt-to-GNI ratio,2022,50.758322367613
TR,Turkiye,DT.DOD.DECT.GN.ZS,Debt-to-GNI ratio,2021,53.7425891882514
TR,Turkiye,DT.DOD.DECT.GN.ZS,Debt-to-GNI ratio,2020,60.3150906136416
TR,Turkiye,DT.DOD.DECT.GN.ZS,Debt-to-GNI ratio,2019,55.3071524639806
TR,Turkiye,DT.DOD.DECT.GN.ZS,Debt-to-GNI ratio,2018,55.4453574540502
TR,Turkiye,DT.DOD.DECT.GN.ZS,Debt-to-GNI ratio,2017,52.6882928024745
TR,Turkiye,DT.DOD.DECT.GN.ZS,Debt-to-GNI ratio,2016,46.3614777541171
TR,Turkiye,DT.DOD.DECT.GN.ZS,Debt-to-GNI ratio,2015,46.7405303729401
VN,Viet Nam,DT.DOD.DECT.GN.ZS,Debt-to-GNI ratio,2024,28.849298110528
VN,Viet Nam,DT.DOD.DECT.GN.ZS,Debt-to-GNI ratio,2023,34.4790753177648
VN,Viet Nam,DT.DOD.DECT.GN.ZS,Debt-to-GNI ratio,2022,37.2580281492659
VN,Viet Nam,DT.DOD.DECT.GN.ZS,Debt-to-GNI ratio,2021,40.2192163533687
VN,Viet Nam,DT.DOD.DECT.GN.ZS,Debt-to-GNI ratio,2020,39.0234679461042
VN,Viet Nam,DT.DOD.DECT.GN.ZS,Debt-to-GNI ratio,2019,38.5732191379908
VN,Viet Nam,DT.DOD.DECT.GN.ZS,Debt-to-GNI ratio,2018,38.2695640665703
VN,Viet Nam,DT.DOD.DECT.GN.ZS,Debt-to-GNI ratio,2017,41.5701252327449
VN,Viet Nam,DT.DOD.DECT.GN.ZS,Debt-to-GNI ratio,2016,37.2434368821309
VN,Viet Nam,DT.DOD.DECT.GN.ZS,Debt-to-GNI ratio,2015,36.0276512949194
ZA,South Africa,DT.DOD.DECT.GN.ZS,Debt-to-GNI ratio,2024,44.8309798829996
ZA,South Africa,DT.DOD.DECT.GN.ZS,Debt-to-GNI ratio,2023,44.1610440626778
ZA,South Africa,DT.DOD.DECT.GN.ZS,Debt-to-GNI ratio,2022,43.0995184381018
ZA,South Africa,DT.DOD.DECT.GN.ZS,Debt-to-GNI ratio,2021,41.0418957615734
ZA,South Africa,DT.DOD.DECT.GN.ZS,Debt-to-GNI ratio,2020,52.7841323729174
ZA,South Africa,DT.DOD.DECT.GN.ZS,Debt-to-GNI ratio,2019,50.2481328155576
ZA,South Africa,DT.DOD.DECT.GN.ZS,Debt-to-GNI ratio,2018,45.7412901934993
ZA,South Africa,DT.DOD.DECT.GN.ZS,Debt-to-GNI ratio,2017,47.1927189929926
ZA,South Africa,DT.DOD.DECT.GN.ZS,Debt-to-GNI ratio,2016,45.6902115131597
ZA,South Africa,DT.DOD.DECT.GN.ZS,Debt-to-GNI ratio,2015,37.711086621978
AR,Argentina,FR.INR.LEND,Lending interest rate,2024,61.7066666666666
AR,Argentina,FR.INR.LEND,Lending interest rate,2023,95.8941666666667
AR,Argentina,FR.INR.LEND,Lending interest rate,2022,52.3991666666667
AR,Argentina,FR.INR.LEND,Lending interest rate,2021,35.5583333333333
AR,Argentina,FR.INR.LEND,Lending interest rate,2020,29.3875
AR,Argentina,FR.INR.LEND,Lending interest rate,2019,67.2541666666667
AR,Argentina,FR.INR.LEND,Lending interest rate,2018,48.5166666666667
AR,Argentina,FR.INR.LEND,Lending interest rate,2017,26.5808333333333
AR,Argentina,FR.INR.LEND,Lending interest rate,2016,31.2325
AR,Argentina,FR.INR.LEND,Lending interest rate,2015,24.9158333333333
AU,Australia,FR.INR.LEND,Lending interest rate,2019,5.101
AU,Australia,FR.INR.LEND,Lending interest rate,2018,5.26083333333333
AU,Australia,FR.INR.LEND,Lending interest rate,2017,5.2455
AU,Australia,FR.INR.LEND,Lending interest rate,2016,5.42083333333333
AU,Australia,FR.INR.LEND,Lending interest rate,2015,5.575
BR,Brazil,FR.INR.LEND,Lending interest rate,2024,40.225
BR,Brazil,FR.INR.LEND,Lending interest rate,2023,43.6
BR,Brazil,FR.INR.LEND,Lending interest rate,2022,39.4
BR,Brazil,FR.INR.LEND,Lending interest rate,2021,30.0166666666667
BR,Brazil,FR.INR.LEND,Lending interest rate,2020,29.0416666666667
BR,Brazil,FR.INR.LEND,Lending interest rate,2019,37.475
BR,Brazil,FR.INR.LEND,Lending interest rate,2018,39.0833333333333
BR,Brazil,FR.INR.LEND,Lending interest rate,2017,46.9166666666667
BR,Brazil,FR.INR.LEND,Lending interest rate,2016,52.1
BR,Brazil,FR.INR.LEND,Lending interest rate,2015,43.9583333333333
CL,Chile,FR.INR.LEND,Lending interest rate,2018,4.17801925025561
CL,Chile,FR.INR.LEND,Lending interest rate,2017,4.55285507889072
CL,Chile,FR.INR.LEND,Lending interest rate,2016,5.58839657725206
CL,Chile,FR.INR.LEND,Lending interest rate,2015,5.51492732291402
CN,China,FR.INR.LEND,Lending interest rate,2024,4.35
CN,China,FR.INR.LEND,Lending interest rate,2023,4.35
CN,China,FR.INR.LEND,Lending interest rate,2022,4.35
CN,China,FR.INR.LEND,Lending interest rate,2021,4.35
CN,China,FR.INR.LEND,Lending interest rate,2020,4.35
CN,China,FR.INR.LEND,Lending interest rate,2019,4.35
CN,China,FR.INR.LEND,Lending interest rate,2018,4.35
CN,China,FR.INR.LEND,Lending interest rate,2017,4.35
CN,China,FR.INR.LEND,Lending interest rate,2016,4.35
CN,China,FR.INR.LEND,Lending interest rate,2015,4.35
CO,Colombia,FR.INR.LEND,Lending interest rate,2024,16.3744226380092
CO,Colombia,FR.INR.LEND,Lending interest rate,2023,21.0306368304862
CO,Colombia,FR.INR.LEND,Lending interest rate,2022,15.8075088706303
CO,Colombia,FR.INR.LEND,Lending interest rate,2021,9.3378484091001
CO,Colombia,FR.INR.LEND,Lending interest rate,2020,9.85052425129014
CO,Colombia,FR.INR.LEND,Lending interest rate,2019,11.7690653821827
CO,Colombia,FR.INR.LEND,Lending interest rate,2018,12.1148777449182
CO,Colombia,FR.INR.LEND,Lending interest rate,2017,13.6858303184817
CO,Colombia,FR.INR.LEND,Lending interest rate,2016,14.6454318106769
CO,Colombia,FR.INR.LEND,Lending interest rate,2015,11.4499872575296
CZ,Czechia,FR.INR.LEND,Lending interest rate,2024,4.71398151729159
CZ,Czechia,FR.INR.LEND,Lending interest rate,2023,4.68277500627328
CZ,Czechia,FR.INR.LEND,Lending interest rate,2022,4.22500917823384
CZ,Czechia,FR.INR.LEND,Lending interest rate,2021,3.20212533339961
CZ,Czechia,FR.INR.LEND,Lending interest rate,2020,3.34430704292427
CZ,Czechia,FR.INR.LEND,Lending interest rate,2019,3.68603218349691
CZ,Czechia,FR.INR.LEND,Lending interest rate,2018,3.54161587741081
CZ,Czechia,FR.INR.LEND,Lending interest rate,2017,3.58974364323778
CZ,Czechia,FR.INR.LEND,Lending interest rate,2016,3.9072462757748
CZ,Czechia,FR.INR.LEND,Lending interest rate,2015,4.28253332923938
EG,"Egypt, Arab Rep.",FR.INR.LEND,Lending interest rate,2024,24.2916666666667
EG,"Egypt, Arab Rep.",FR.INR.LEND,Lending interest rate,2023,17.7583333333333
EG,"Egypt, Arab Rep.",FR.INR.LEND,Lending interest rate,2022,10.5833333333333
EG,"Egypt, Arab Rep.",FR.INR.LEND,Lending interest rate,2021,9.425
EG,"Egypt, Arab Rep.",FR.INR.LEND,Lending interest rate,2020,11.3666666666667
EG,"Egypt, Arab Rep.",FR.INR.LEND,Lending interest rate,2019,16.1166666666667
EG,"Egypt, Arab Rep.",FR.INR.LEND,Lending interest rate,2018,18.3166666666667
EG,"Egypt, Arab Rep.",FR.INR.LEND,Lending interest rate,2017,18.175
EG,"Egypt, Arab Rep.",FR.INR.LEND,Lending interest rate,2016,13.6
EG,"Egypt, Arab Rep.",FR.INR.LEND,Lending interest rate,2015,11.625
HU,Hungary,FR.INR.LEND,Lending interest rate,2024,9.12671515640833
HU,Hungary,FR.INR.LEND,Lending interest rate,2023,15.3020823180167
HU,Hungary,FR.INR.LEND,Lending interest rate,2022,10.6554314535917
HU,Hungary,FR.INR.LEND,Lending interest rate,2021,2.9645376181
HU,Hungary,FR.INR.LEND,Lending interest rate,2020,1.95768913324167
HU,Hungary,FR.INR.LEND,Lending interest rate,2019,1.79243378790833
HU,Hungary,FR.INR.LEND,Lending interest rate,2018,1.47096759300833
HU,Hungary,FR.INR.LEND,Lending interest rate,2017,1.48114342166667
HU,Hungary,FR.INR.LEND,Lending interest rate,2016,2.08907111213333
HU,Hungary,FR.INR.LEND,Lending interest rate,2015,2.90249069046667
ID,Indonesia,FR.INR.LEND,Lending interest rate,2024,8.79568784927158
ID,Indonesia,FR.INR.LEND,Lending interest rate,2023,8.92666666666667
ID,Indonesia,FR.INR.LEND,Lending interest rate,2022,8.52
ID,Indonesia,FR.INR.LEND,Lending interest rate,2021,8.9225
ID,Indonesia,FR.INR.LEND,Lending interest rate,2020,9.54416666666667
ID,Indonesia,FR.INR.LEND,Lending interest rate,2019,10.3658333333333
ID,Indonesia,FR.INR.LEND,Lending interest rate,2018,10.5366666666667
ID,Indonesia,FR.INR.LEND,Lending interest rate,2017,11.0733333333333
ID,Indonesia,FR.INR.LEND,Lending interest rate,2016,11.8883333333333
ID,Indonesia,FR.INR.LEND,Lending interest rate,2015,12.6625
IN,India,FR.INR.LEND,Lending interest rate,2022,8.56714285714286
IN,India,FR.INR.LEND,Lending interest rate,2021,8.69833333333333
IN,India,FR.INR.LEND,Lending interest rate,2020,9.15
IN,India,FR.INR.LEND,Lending interest rate,2019,9.46625
IN,India,FR.INR.LEND,Lending interest rate,2018,9.45416666666667
IN,India,FR.INR.LEND,Lending interest rate,2017,9.50833333333333
IN,India,FR.INR.LEND,Lending interest rate,2016,9.6725
IN,India,FR.INR.LEND,Lending interest rate,2015,10.0083333333333
JO,Jordan,FR.INR.LEND,Lending interest rate,2024,8.48
JO,Jordan,FR.INR.LEND,Lending interest rate,2023,8.97833333333333
JO,Jordan,FR.INR.LEND,Lending interest rate,2022,7.36833333333333
JO,Jordan,FR.INR.LEND,Lending interest rate,2021,7.01583333333333
JO,Jordan,FR.INR.LEND,Lending interest rate,2020,7.48083333333333
JO,Jordan,FR.INR.LEND,Lending interest rate,2019,8.665
JO,Jordan,FR.INR.LEND,Lending interest rate,2018,8.66166666666667
JO,Jordan,FR.INR.LEND,Lending interest rate,2017,8.39333333333333
JO,Jordan,FR.INR.LEND,Lending interest rate,2016,8.115
JO,Jordan,FR.INR.LEND,Lending interest rate,2015,8.47666666666667
JP,Japan,FR.INR.LEND,Lending interest rate,2017,0.994
JP,Japan,FR.INR.LEND,Lending interest rate,2016,1.04475
JP,Japan,FR.INR.LEND,Lending interest rate,2015,1.14283333333333
KE,Kenya,FR.INR.LEND,Lending interest rate,2024,16.5931072517574
KE,Kenya,FR.INR.LEND,Lending interest rate,2023,13.588501716128
KE,Kenya,FR.INR.LEND,Lending interest rate,2022,12.3358409030593
KE,Kenya,FR.INR.LEND,Lending interest rate,2021,12.0799983467507
KE,Kenya,FR.INR.LEND,Lending interest rate,2020,11.9957846171539
KE,Kenya,FR.INR.LEND,Lending interest rate,2019,12.4411328875146
KE,Kenya,FR.INR.LEND,Lending interest rate,2018,13.0607588353757
KE,Kenya,FR.INR.LEND,Lending interest rate,2017,13.6675725164372
KE,Kenya,FR.INR.LEND,Lending interest rate,2016,16.5596306460545
KE,Kenya,FR.INR.LEND,Lending interest rate,2015,16.086613785739
MX,Mexico,FR.INR.LEND,Lending interest rate,2024,11.2233333333333
MX,Mexico,FR.INR.LEND,Lending interest rate,2023,11.5916666666667
MX,Mexico,FR.INR.LEND,Lending interest rate,2022,8.17916666666667
MX,Mexico,FR.INR.LEND,Lending interest rate,2021,4.89166666666667
MX,Mexico,FR.INR.LEND,Lending interest rate,2020,6.34166666666667
MX,Mexico,FR.INR.LEND,Lending interest rate,2019,8.42916666666667
MX,Mexico,FR.INR.LEND,Lending interest rate,2018,8.04
MX,Mexico,FR.INR.LEND,Lending interest rate,2017,7.3325
MX,Mexico,FR.INR.LEND,Lending interest rate,2016,4.75416666666667
MX,Mexico,FR.INR.LEND,Lending interest rate,2015,3.43916666666667
MY,Malaysia,FR.INR.LEND,Lending interest rate,2024,5.282681
MY,Malaysia,FR.INR.LEND,Lending interest rate,2023,5.31737500641025
MY,Malaysia,FR.INR.LEND,Lending interest rate,2022,3.90802666666667
MY,Malaysia,FR.INR.LEND,Lending interest rate,2021,3.44410640384615
MY,Malaysia,FR.INR.LEND,Lending interest rate,2020,3.94420769234615
MY,Malaysia,FR.INR.LEND,Lending interest rate,2019,4.87689294871795
MY,Malaysia,FR.INR.LEND,Lending interest rate,2018,4.92844038461538
MY,Malaysia,FR.INR.LEND,Lending interest rate,2017,4.60807808641975
MY,Malaysia,FR.INR.LEND,Lending interest rate,2016,4.53106666666667
MY,Malaysia,FR.INR.LEND,Lending interest rate,2015,4.565375
NG,Nigeria,FR.INR.LEND,Lending interest rate,2023,14.010553734975
NG,Nigeria,FR.INR.LEND,Lending interest rate,2022,12.3345442352326
NG,Nigeria,FR.INR.LEND,Lending interest rate,2021,11.4831327947137
NG,Nigeria,FR.INR.LEND,Lending interest rate,2020,13.6420216718796
NG,Nigeria,FR.INR.LEND,Lending interest rate,2019,15.3765869808333
NG,Nigeria,FR.INR.LEND,Lending interest rate,2018,16.9038969646886
NG,Nigeria,FR.INR.LEND,Lending interest rate,2017,17.5533333333333
NG,Nigeria,FR.INR.LEND,Lending interest rate,2016,16.8680157641191
NG,Nigeria,FR.INR.LEND,Lending interest rate,2015,16.8491666666667
PE,Peru,FR.INR.LEND,Lending interest rate,2022,12.5972583333333
PE,Peru,FR.INR.LEND,Lending interest rate,2021,10.9795083333333
PE,Peru,FR.INR.LEND,Lending interest rate,2020,12.9383333333333
PE,Peru,FR.INR.LEND,Lending interest rate,2019,14.38545
PE,Peru,FR.INR.LEND,Lending interest rate,2018,14.539125
PE,Peru,FR.INR.LEND,Lending interest rate,2017,16.7874916666667
PE,Peru,FR.INR.LEND,Lending interest rate,2016,16.4662
PE,Peru,FR.INR.LEND,Lending interest rate,2015,16.1058277777778
PH,Philippines,FR.INR.LEND,Lending interest rate,2019,7.09583333333333
PH,Philippines,FR.INR.LEND,Lending interest rate,2018,6.1185
PH,Philippines,FR.INR.LEND,Lending interest rate,2017,5.62725
PH,Philippines,FR.INR.LEND,Lending interest rate,2016,5.642
PH,Philippines,FR.INR.LEND,Lending interest rate,2015,5.57825
QA,Qatar,FR.INR.LEND,Lending interest rate,2024,6.18
QA,Qatar,FR.INR.LEND,Lending interest rate,2023,6.44900833333333
QA,Qatar,FR.INR.LEND,Lending interest rate,2022,4.56216060132599
QA,Qatar,FR.INR.LEND,Lending interest rate,2021,3.85107422420221
QA,Qatar,FR.INR.LEND,Lending interest rate,2020,4.08648019909165
QA,Qatar,FR.INR.LEND,Lending interest rate,2019,5.03907055609657
QA,Qatar,FR.INR.LEND,Lending interest rate,2018,4.98064264061083
QA,Qatar,FR.INR.LEND,Lending interest rate,2017,4.69653289329285
QA,Qatar,FR.INR.LEND,Lending interest rate,2016,4.04068494236452
QA,Qatar,FR.INR.LEND,Lending interest rate,2015,4.43596212623861
RO,Romania,FR.INR.LEND,Lending interest rate,2024,8.76207529347297
RO,Romania,FR.INR.LEND,Lending interest rate,2023,9.32096121452692
RO,Romania,FR.INR.LEND,Lending interest rate,2022,7.75709430926468
RO,Romania,FR.INR.LEND,Lending interest rate,2021,5.61349905718721
RO,Romania,FR.INR.LEND,Lending interest rate,2020,6.48640122828969
RO,Romania,FR.INR.LEND,Lending interest rate,2019,7.16166666666667
RO,Romania,FR.INR.LEND,Lending interest rate,2018,6.80820228932061
RO,Romania,FR.INR.LEND,Lending interest rate,2017,5.56451674276812
RO,Romania,FR.INR.LEND,Lending interest rate,2016,5.70916666666667
RO,Romania,FR.INR.LEND,Lending interest rate,2015,6.7675
RU,Russian Federation,FR.INR.LEND,Lending interest rate,2024,17.0925
RU,Russian Federation,FR.INR.LEND,Lending interest rate,2023,11.6225
RU,Russian Federation,FR.INR.LEND,Lending interest rate,2022,11.4591666666667
RU,Russian Federation,FR.INR.LEND,Lending interest rate,2021,7.18108333333333
RU,Russian Federation,FR.INR.LEND,Lending interest rate,2020,6.77583333333333
RU,Russian Federation,FR.INR.LEND,Lending interest rate,2019,8.75333333333333
RU,Russian Federation,FR.INR.LEND,Lending interest rate,2018,8.86666666666667
RU,Russian Federation,FR.INR.LEND,Lending interest rate,2017,10.56
RU,Russian Federation,FR.INR.LEND,Lending interest rate,2016,12.5983333333333
RU,Russian Federation,FR.INR.LEND,Lending interest rate,2015,15.7166666666667
TH,Thailand,FR.INR.LEND,Lending interest rate,2024,4.51416666666667
TH,Thailand,FR.INR.LEND,Lending interest rate,2023,4.28583333333333
TH,Thailand,FR.INR.LEND,Lending interest rate,2022,3.13833333333333
TH,Thailand,FR.INR.LEND,Lending interest rate,2021,3.06
TH,Thailand,FR.INR.LEND,Lending interest rate,2020,3.2925
TH,Thailand,FR.INR.LEND,Lending interest rate,2019,4.08416666666666
TH,Thailand,FR.INR.LEND,Lending interest rate,2018,4.14666666666666
TH,Thailand,FR.INR.LEND,Lending interest rate,2017,4.41658283333333
TH,Thailand,FR.INR.LEND,Lending interest rate,2016,4.46834552349908
TH,Thailand,FR.INR.LEND,Lending interest rate,2015,4.73187498877014
US,United States,FR.INR.LEND,Lending interest rate,2021,3.25
US,United States,FR.INR.LEND,Lending interest rate,2020,3.54416666666667
US,United States,FR.INR.LEND,Lending interest rate,2019,5.2825
US,United States,FR.INR.LEND,Lending interest rate,2018,4.90416666666667
US,United States,FR.INR.LEND,Lending interest rate,2017,4.09666666666667
US,United States,FR.INR.LEND,Lending interest rate,2016,3.51166666666667
US,United States,FR.INR.LEND,Lending interest rate,2015,3.26
VN,Viet Nam,FR.INR.LEND,Lending interest rate,2023,9.323
VN,Viet Nam,FR.INR.LEND,Lending interest rate,2022,8.01333333333333
VN,Viet Nam,FR.INR.LEND,Lending interest rate,2021,7.811
VN,Viet Nam,FR.INR.LEND,Lending interest rate,2020,7.6475
VN,Viet Nam,FR.INR.LEND,Lending interest rate,2019,7.7075
VN,Viet Nam,FR.INR.LEND,Lending interest rate,2018,7.371875
VN,Viet Nam,FR.INR.LEND,Lending interest rate,2017,7.0675
VN,Viet Nam,FR.INR.LEND,Lending interest rate,2016,6.96
VN,Viet Nam,FR.INR.LEND,Lending interest rate,2015,7.1175
ZA,South Africa,FR.INR.LEND,Lending interest rate,2024,11.625
ZA,South Africa,FR.INR.LEND,Lending interest rate,2023,11.5
ZA,South Africa,FR.INR.LEND,Lending interest rate,2022,8.79166666666667
ZA,South Africa,FR.INR.LEND,Lending interest rate,2021,7.04166666666667
ZA,South Africa,FR.INR.LEND,Lending interest rate,2020,7.70833333333333
ZA,South Africa,FR.INR.LEND,Lending interest rate,2019,10.125
ZA,South Africa,FR.INR.LEND,Lending interest rate,2018,10.0833333333333
ZA,South Africa,FR.INR.LEND,Lending interest rate,2017,10.375
ZA,South Africa,FR.INR.LEND,Lending interest rate,2016,10.4583333333333
ZA,South Africa,FR.INR.LEND,Lending interest rate,2015,9.41666666666667
AE,United Arab Emirates,FP.CPI.TOTL.ZG,Inflation (CPI),2024,1.66336510224894
AE,United Arab Emirates,FP.CPI.TOTL.ZG,Inflation (CPI),2023,1.62670837213248
AE,United Arab Emirates,FP.CPI.TOTL.ZG,Inflation (CPI),2022,5.29122604376849
AE,United Arab Emirates,FP.CPI.TOTL.ZG,Inflation (CPI),2021,0.179935336174431
AE,United Arab Emirates,FP.CPI.TOTL.ZG,Inflation (CPI),2020,-2.07940317940944
AE,United Arab Emirates,FP.CPI.TOTL.ZG,Inflation (CPI),2019,-1.93108114782173
AE,United Arab Emirates,FP.CPI.TOTL.ZG,Inflation (CPI),2018,3.06863379251997
AE,United Arab Emirates,FP.CPI.TOTL.ZG,Inflation (CPI),2017,1.96682557818842
AE,United Arab Emirates,FP.CPI.TOTL.ZG,Inflation (CPI),2016,1.61748808904198
AE,United Arab Emirates,FP.CPI.TOTL.ZG,Inflation (CPI),2015,4.06996608361593
AR,Argentina,FP.CPI.TOTL.ZG,Inflation (CPI),2024,219.883929014578
AR,Argentina,FP.CPI.TOTL.ZG,Inflation (CPI),2023,133.488935594175
AR,Argentina,FP.CPI.TOTL.ZG,Inflation (CPI),2022,72.430757531824
AR,Argentina,FP.CPI.TOTL.ZG,Inflation (CPI),2021,48.4093786255199
AR,Argentina,FP.CPI.TOTL.ZG,Inflation (CPI),2020,42.0150947376509
AR,Argentina,FP.CPI.TOTL.ZG,Inflation (CPI),2019,53.5483043492339
AR,Argentina,FP.CPI.TOTL.ZG,Inflation (CPI),2018,34.2772237131003
AU,Australia,FP.CPI.TOTL.ZG,Inflation (CPI),2024,3.16656665428797
AU,Australia,FP.CPI.TOTL.ZG,Inflation (CPI),2023,5.59701792296707
AU,Australia,FP.CPI.TOTL.ZG,Inflation (CPI),2022,6.59409658717841
AU,Australia,FP.CPI.TOTL.ZG,Inflation (CPI),2021,2.86391284709318
AU,Australia,FP.CPI.TOTL.ZG,Inflation (CPI),2020,0.846900734607273
AU,Australia,FP.CPI.TOTL.ZG,Inflation (CPI),2019,1.610770929127
AU,Australia,FP.CPI.TOTL.ZG,Inflation (CPI),2018,1.91140002818579
AU,Australia,FP.CPI.TOTL.ZG,Inflation (CPI),2017,1.94864309065653
AU,Australia,FP.CPI.TOTL.ZG,Inflation (CPI),2016,1.27699365720306
AU,Australia,FP.CPI.TOTL.ZG,Inflation (CPI),2015,1.50836803138463
BR,Brazil,FP.CPI.TOTL.ZG,Inflation (CPI),2024,4.36746407652337
BR,Brazil,FP.CPI.TOTL.ZG,Inflation (CPI),2023,4.59356282283204
BR,Brazil,FP.CPI.TOTL.ZG,Inflation (CPI),2022,9.28010608956873
BR,Brazil,FP.CPI.TOTL.ZG,Inflation (CPI),2021,8.30165975585673
BR,Brazil,FP.CPI.TOTL.ZG,Inflation (CPI),2020,3.21176803803376
BR,Brazil,FP.CPI.TOTL.ZG,Inflation (CPI),2019,3.73297621216894
BR,Brazil,FP.CPI.TOTL.ZG,Inflation (CPI),2018,3.66485028376729
BR,Brazil,FP.CPI.TOTL.ZG,Inflation (CPI),2017,3.44637335032669
BR,Brazil,FP.CPI.TOTL.ZG,Inflation (CPI),2016,8.73914352329393
BR,Brazil,FP.CPI.TOTL.ZG,Inflation (CPI),2015,9.02990102416136
CL,Chile,FP.CPI.TOTL.ZG,Inflation (CPI),2024,4.29763891572524
CL,Chile,FP.CPI.TOTL.ZG,Inflation (CPI),2023,7.58168251407962
CL,Chile,FP.CPI.TOTL.ZG,Inflation (CPI),2022,11.643866711056
CL,Chile,FP.CPI.TOTL.ZG,Inflation (CPI),2021,4.52456838259144
CL,Chile,FP.CPI.TOTL.ZG,Inflation (CPI),2020,3.04549084804326
CL,Chile,FP.CPI.TOTL.ZG,Inflation (CPI),2019,2.55754475703327
CL,Chile,FP.CPI.TOTL.ZG,Inflation (CPI),2018,2.43488981353057
CL,Chile,FP.CPI.TOTL.ZG,Inflation (CPI),2017,2.18271846868519
CL,Chile,FP.CPI.TOTL.ZG,Inflation (CPI),2016,3.78619355893118
CL,Chile,FP.CPI.TOTL.ZG,Inflation (CPI),2015,4.34877353217044
CN,China,FP.CPI.TOTL.ZG,Inflation (CPI),2024,0.218128938439177
CN,China,FP.CPI.TOTL.ZG,Inflation (CPI),2023,0.234836828893051
CN,China,FP.CPI.TOTL.ZG,Inflation (CPI),2022,1.97357555739051
CN,China,FP.CPI.TOTL.ZG,Inflation (CPI),2021,0.981015135544882
CN,China,FP.CPI.TOTL.ZG,Inflation (CPI),2020,2.41942189457782
CN,China,FP.CPI.TOTL.ZG,Inflation (CPI),2019,2.89923416358227
CN,China,FP.CPI.TOTL.ZG,Inflation (CPI),2018,2.07479039965576
CN,China,FP.CPI.TOTL.ZG,Inflation (CPI),2017,1.59313600071436
CN,China,FP.CPI.TOTL.ZG,Inflation (CPI),2016,2.00000182191943
CN,China,FP.CPI.TOTL.ZG,Inflation (CPI),2015,1.43702380935655
CO,Colombia,FP.CPI.TOTL.ZG,Inflation (CPI),2024,6.60908593728228
CO,Colombia,FP.CPI.TOTL.ZG,Inflation (CPI),2023,11.7359044948689
CO,Colombia,FP.CPI.TOTL.ZG,Inflation (CPI),2022,10.1772313546166
CO,Colombia,FP.CPI.TOTL.ZG,Inflation (CPI),2021,3.49505757399448
CO,Colombia,FP.CPI.TOTL.ZG,Inflation (CPI),2020,2.52663500084706
CO,Colombia,FP.CPI.TOTL.ZG,Inflation (CPI),2019,3.52301932741447
CO,Colombia,FP.CPI.TOTL.ZG,Inflation (CPI),2018,3.24056932930569
CO,Colombia,FP.CPI.TOTL.ZG,Inflation (CPI),2017,4.31431325695011
CO,Colombia,FP.CPI.TOTL.ZG,Inflation (CPI),2016,7.51346024627675
CO,Colombia,FP.CPI.TOTL.ZG,Inflation (CPI),2015,4.9898311584953
CZ,Czechia,FP.CPI.TOTL.ZG,Inflation (CPI),2024,2.43531202435314
CZ,Czechia,FP.CPI.TOTL.ZG,Inflation (CPI),2023,10.6612601372427
CZ,Czechia,FP.CPI.TOTL.ZG,Inflation (CPI),2022,15.1001651468371
CZ,Czechia,FP.CPI.TOTL.ZG,Inflation (CPI),2021,3.83984491500146
CZ,Czechia,FP.CPI.TOTL.ZG,Inflation (CPI),2020,3.1612952849781
CZ,Czechia,FP.CPI.TOTL.ZG,Inflation (CPI),2019,2.84787595918041
CZ,Czechia,FP.CPI.TOTL.ZG,Inflation (CPI),2018,2.14949494949493
CZ,Czechia,FP.CPI.TOTL.ZG,Inflation (CPI),2017,2.4505339846014
CZ,Czechia,FP.CPI.TOTL.ZG,Inflation (CPI),2016,0.683504209385703
CZ,Czechia,FP.CPI.TOTL.ZG,Inflation (CPI),2015,0.309364548494975
DE,Germany,FP.CPI.TOTL.ZG,Inflation (CPI),2024,2.2564981433876
DE,Germany,FP.CPI.TOTL.ZG,Inflation (CPI),2023,5.94643667725823
DE,Germany,FP.CPI.TOTL.ZG,Inflation (CPI),2022,6.87257438551097
DE,Germany,FP.CPI.TOTL.ZG,Inflation (CPI),2021,3.06666666666673
DE,Germany,FP.CPI.TOTL.ZG,Inflation (CPI),2020,0.144877925813982
DE,Germany,FP.CPI.TOTL.ZG,Inflation (CPI),2019,1.44565976888253
DE,Germany,FP.CPI.TOTL.ZG,Inflation (CPI),2018,1.73216879766942
DE,Germany,FP.CPI.TOTL.ZG,Inflation (CPI),2017,1.50949485109628
DE,Germany,FP.CPI.TOTL.ZG,Inflation (CPI),2016,0.491747008445174
DE,Germany,FP.CPI.TOTL.ZG,Inflation (CPI),2015,0.514426137125456
EG,"Egypt, Arab Rep.",FP.CPI.TOTL.ZG,Inflation (CPI),2024,28.2705899322083
EG,"Egypt, Arab Rep.",FP.CPI.TOTL.ZG,Inflation (CPI),2023,33.8847763115546
EG,"Egypt, Arab Rep.",FP.CPI.TOTL.ZG,Inflation (CPI),2022,13.8956609775178
EG,"Egypt, Arab Rep.",FP.CPI.TOTL.ZG,Inflation (CPI),2021,5.21404940513043
EG,"Egypt, Arab Rep.",FP.CPI.TOTL.ZG,Inflation (CPI),2020,5.04493288977539
EG,"Egypt, Arab Rep.",FP.CPI.TOTL.ZG,Inflation (CPI),2019,9.15279959324804
EG,"Egypt, Arab Rep.",FP.CPI.TOTL.ZG,Inflation (CPI),2018,14.4014657807422
EG,"Egypt, Arab Rep.",FP.CPI.TOTL.ZG,Inflation (CPI),2017,29.5066083940039
EG,"Egypt, Arab Rep.",FP.CPI.TOTL.ZG,Inflation (CPI),2016,13.813606214829
EG,"Egypt, Arab Rep.",FP.CPI.TOTL.ZG,Inflation (CPI),2015,10.370490343517
FR,France,FP.CPI.TOTL.ZG,Inflation (CPI),2024,1.99904942291463
FR,France,FP.CPI.TOTL.ZG,Inflation (CPI),2023,4.8783572650844
FR,France,FP.CPI.TOTL.ZG,Inflation (CPI),2022,5.22236748369725
FR,France,FP.CPI.TOTL.ZG,Inflation (CPI),2021,1.64233141038394
FR,France,FP.CPI.TOTL.ZG,Inflation (CPI),2020,0.476498852725065
FR,France,FP.CPI.TOTL.ZG,Inflation (CPI),2019,1.10825492288294
FR,France,FP.CPI.TOTL.ZG,Inflation (CPI),2018,1.85081508315493
FR,France,FP.CPI.TOTL.ZG,Inflation (CPI),2017,1.03228275064681
FR,France,FP.CPI.TOTL.ZG,Inflation (CPI),2016,0.183334861123765
FR,France,FP.CPI.TOTL.ZG,Inflation (CPI),2015,0.0375143805125182
GB,United Kingdom,FP.CPI.TOTL.ZG,Inflation (CPI),2024,3.2715729463592
GB,United Kingdom,FP.CPI.TOTL.ZG,Inflation (CPI),2023,6.79396706793963
GB,United Kingdom,FP.CPI.TOTL.ZG,Inflation (CPI),2022,7.92204883147902
GB,United Kingdom,FP.CPI.TOTL.ZG,Inflation (CPI),2021,2.51837109614213
GB,United Kingdom,FP.CPI.TOTL.ZG,Inflation (CPI),2020,0.989486703772491
GB,United Kingdom,FP.CPI.TOTL.ZG,Inflation (CPI),2019,1.73810460086513
GB,United Kingdom,FP.CPI.TOTL.ZG,Inflation (CPI),2018,2.29283990345938
GB,United Kingdom,FP.CPI.TOTL.ZG,Inflation (CPI),2017,2.55775577557747
GB,United Kingdom,FP.CPI.TOTL.ZG,Inflation (CPI),2016,1.0084173681141
GB,United Kingdom,FP.CPI.TOTL.ZG,Inflation (CPI),2015,0.36804684232536
HU,Hungary,FP.CPI.TOTL.ZG,Inflation (CPI),2024,3.70370370370369
HU,Hungary,FP.CPI.TOTL.ZG,Inflation (CPI),2023,17.1249659678737
HU,Hungary,FP.CPI.TOTL.ZG,Inflation (CPI),2022,14.6081439492433
HU,Hungary,FP.CPI.TOTL.ZG,Inflation (CPI),2021,5.11096534382855
HU,Hungary,FP.CPI.TOTL.ZG,Inflation (CPI),2020,3.32674385766738
HU,Hungary,FP.CPI.TOTL.ZG,Inflation (CPI),2019,3.33858635382008
HU,Hungary,FP.CPI.TOTL.ZG,Inflation (CPI),2018,2.85024792594646
HU,Hungary,FP.CPI.TOTL.ZG,Inflation (CPI),2017,2.34824281150154
HU,Hungary,FP.CPI.TOTL.ZG,Inflation (CPI),2016,0.394769306686392
HU,Hungary,FP.CPI.TOTL.ZG,Inflation (CPI),2015,-0.0616446800641672
ID,Indonesia,FP.CPI.TOTL.ZG,Inflation (CPI),2024,2.18151273615189
ID,Indonesia,FP.CPI.TOTL.ZG,Inflation (CPI),2023,3.66938654859761
ID,Indonesia,FP.CPI.TOTL.ZG,Inflation (CPI),2022,4.20946463714784
ID,Indonesia,FP.CPI.TOTL.ZG,Inflation (CPI),2021,1.56007882983334
ID,Indonesia,FP.CPI.TOTL.ZG,Inflation (CPI),2020,1.91983527270793
ID,Indonesia,FP.CPI.TOTL.ZG,Inflation (CPI),2019,3.03058460941661
ID,Indonesia,FP.CPI.TOTL.ZG,Inflation (CPI),2018,3.19834755924996
ID,Indonesia,FP.CPI.TOTL.ZG,Inflation (CPI),2017,3.80879857691949
ID,Indonesia,FP.CPI.TOTL.ZG,Inflation (CPI),2016,3.52580452815451
ID,Indonesia,FP.CPI.TOTL.ZG,Inflation (CPI),2015,6.36312061196646
IN,India,FP.CPI.TOTL.ZG,Inflation (CPI),2024,4.95303550973661
IN,India,FP.CPI.TOTL.ZG,Inflation (CPI),2023,5.64914318907925
IN,India,FP.CPI.TOTL.ZG,Inflation (CPI),2022,6.69903414079858
IN,India,FP.CPI.TOTL.ZG,Inflation (CPI),2021,5.13140747176364
IN,India,FP.CPI.TOTL.ZG,Inflation (CPI),2020,6.6234367762853
IN,India,FP.CPI.TOTL.ZG,Inflation (CPI),2019,3.72950573539123
IN,India,FP.CPI.TOTL.ZG,Inflation (CPI),2018,3.93882646691643
IN,India,FP.CPI.TOTL.ZG,Inflation (CPI),2017,3.32817337461305
IN,India,FP.CPI.TOTL.ZG,Inflation (CPI),2016,4.94821634062134
IN,India,FP.CPI.TOTL.ZG,Inflation (CPI),2015,4.90697344127249
JO,Jordan,FP.CPI.TOTL.ZG,Inflation (CPI),2024,1.55659611283953
JO,Jordan,FP.CPI.TOTL.ZG,Inflation (CPI),2023,2.08486986327134
JO,Jordan,FP.CPI.TOTL.ZG,Inflation (CPI),2022,4.22915568897117
JO,Jordan,FP.CPI.TOTL.ZG,Inflation (CPI),2021,1.34609377243118
JO,Jordan,FP.CPI.TOTL.ZG,Inflation (CPI),2020,0.333294350628378
JO,Jordan,FP.CPI.TOTL.ZG,Inflation (CPI),2019,0.761514047265601
JO,Jordan,FP.CPI.TOTL.ZG,Inflation (CPI),2018,4.46231108475481
JO,Jordan,FP.CPI.TOTL.ZG,Inflation (CPI),2017,3.32389447576097
JO,Jordan,FP.CPI.TOTL.ZG,Inflation (CPI),2016,-0.778430463054142
JO,Jordan,FP.CPI.TOTL.ZG,Inflation (CPI),2015,-0.876851359704049
JP,Japan,FP.CPI.TOTL.ZG,Inflation (CPI),2024,2.73853681635241
JP,Japan,FP.CPI.TOTL.ZG,Inflation (CPI),2023,3.26813365933163
JP,Japan,FP.CPI.TOTL.ZG,Inflation (CPI),2022,2.49770278172255
JP,Japan,FP.CPI.TOTL.ZG,Inflation (CPI),2021,-0.233352779398264
JP,Japan,FP.CPI.TOTL.ZG,Inflation (CPI),2020,-0.024995834027731
JP,Japan,FP.CPI.TOTL.ZG,Inflation (CPI),2019,0.46877615938395
JP,Japan,FP.CPI.TOTL.ZG,Inflation (CPI),2018,0.989094598021848
JP,Japan,FP.CPI.TOTL.ZG,Inflation (CPI),2017,0.484199796126385
JP,Japan,FP.CPI.TOTL.ZG,Inflation (CPI),2016,-0.127258844489754
JP,Japan,FP.CPI.TOTL.ZG,Inflation (CPI),2015,0.795279630579839
KE,Kenya,FP.CPI.TOTL.ZG,Inflation (CPI),2024,4.48978854243448
KE,Kenya,FP.CPI.TOTL.ZG,Inflation (CPI),2023,7.67139634029402
KE,Kenya,FP.CPI.TOTL.ZG,Inflation (CPI),2022,7.65986268272224
KE,Kenya,FP.CPI.TOTL.ZG,Inflation (CPI),2021,6.10793603659176
KE,Kenya,FP.CPI.TOTL.ZG,Inflation (CPI),2020,5.40516207933392
KE,Kenya,FP.CPI.TOTL.ZG,Inflation (CPI),2019,5.23963795764792
KE,Kenya,FP.CPI.TOTL.ZG,Inflation (CPI),2018,4.6898064677633
KE,Kenya,FP.CPI.TOTL.ZG,Inflation (CPI),2017,8.00564967709945
KE,Kenya,FP.CPI.TOTL.ZG,Inflation (CPI),2016,6.29724953814625
KE,Kenya,FP.CPI.TOTL.ZG,Inflation (CPI),2015,6.58215429284779
MA,Morocco,FP.CPI.TOTL.ZG,Inflation (CPI),2024,0.985256592004507
MA,Morocco,FP.CPI.TOTL.ZG,Inflation (CPI),2023,6.09114152504141
MA,Morocco,FP.CPI.TOTL.ZG,Inflation (CPI),2022,6.65704202759067
MA,Morocco,FP.CPI.TOTL.ZG,Inflation (CPI),2021,1.40195883962006
MA,Morocco,FP.CPI.TOTL.ZG,Inflation (CPI),2020,0.705968661338261
MA,Morocco,FP.CPI.TOTL.ZG,Inflation (CPI),2019,0.303386036590383
MA,Morocco,FP.CPI.TOTL.ZG,Inflation (CPI),2018,1.80391671141896
MA,Morocco,FP.CPI.TOTL.ZG,Inflation (CPI),2017,0.754663249323619
MA,Morocco,FP.CPI.TOTL.ZG,Inflation (CPI),2016,1.63531114327064
MA,Morocco,FP.CPI.TOTL.ZG,Inflation (CPI),2015,1.5579071134626
MX,Mexico,FP.CPI.TOTL.ZG,Inflation (CPI),2024,4.72225588452932
MX,Mexico,FP.CPI.TOTL.ZG,Inflation (CPI),2023,5.52796087314389
MX,Mexico,FP.CPI.TOTL.ZG,Inflation (CPI),2022,7.8962761916855
MX,Mexico,FP.CPI.TOTL.ZG,Inflation (CPI),2021,5.68920847683753
MX,Mexico,FP.CPI.TOTL.ZG,Inflation (CPI),2020,3.39683415570006
MX,Mexico,FP.CPI.TOTL.ZG,Inflation (CPI),2019,3.63596142127046
MX,Mexico,FP.CPI.TOTL.ZG,Inflation (CPI),2018,4.89935015356551
MX,Mexico,FP.CPI.TOTL.ZG,Inflation (CPI),2017,6.04145724018986
MX,Mexico,FP.CPI.TOTL.ZG,Inflation (CPI),2016,2.8217078474766
MX,Mexico,FP.CPI.TOTL.ZG,Inflation (CPI),2015,2.72064064964023
MY,Malaysia,FP.CPI.TOTL.ZG,Inflation (CPI),2024,1.834100204499
MY,Malaysia,FP.CPI.TOTL.ZG,Inflation (CPI),2023,2.48886560125754
MY,Malaysia,FP.CPI.TOTL.ZG,Inflation (CPI),2022,3.37869862549928
MY,Malaysia,FP.CPI.TOTL.ZG,Inflation (CPI),2021,2.47710241465447
MY,Malaysia,FP.CPI.TOTL.ZG,Inflation (CPI),2020,-1.1387021539305
MY,Malaysia,FP.CPI.TOTL.ZG,Inflation (CPI),2019,0.662891865764326
MY,Malaysia,FP.CPI.TOTL.ZG,Inflation (CPI),2018,0.884709160571235
MY,Malaysia,FP.CPI.TOTL.ZG,Inflation (CPI),2017,3.87120115774237
MY,Malaysia,FP.CPI.TOTL.ZG,Inflation (CPI),2016,2.09056659525742
MY,Malaysia,FP.CPI.TOTL.ZG,Inflation (CPI),2015,2.10438980238359
NG,Nigeria,FP.CPI.TOTL.ZG,Inflation (CPI),2024,33.2416590552749
NG,Nigeria,FP.CPI.TOTL.ZG,Inflation (CPI),2023,24.659550203114
NG,Nigeria,FP.CPI.TOTL.ZG,Inflation (CPI),2022,18.8471877843274
NG,Nigeria,FP.CPI.TOTL.ZG,Inflation (CPI),2021,16.9528457221608
NG,Nigeria,FP.CPI.TOTL.ZG,Inflation (CPI),2020,13.2460234276598
NG,Nigeria,FP.CPI.TOTL.ZG,Inflation (CPI),2019,11.3964223378115
NG,Nigeria,FP.CPI.TOTL.ZG,Inflation (CPI),2018,12.0951065173432
NG,Nigeria,FP.CPI.TOTL.ZG,Inflation (CPI),2017,16.5022662139641
NG,Nigeria,FP.CPI.TOTL.ZG,Inflation (CPI),2016,15.6968126387972
NG,Nigeria,FP.CPI.TOTL.ZG,Inflation (CPI),2015,9.00943498007706
PE,Peru,FP.CPI.TOTL.ZG,Inflation (CPI),2024,2.00770739412712
PE,Peru,FP.CPI.TOTL.ZG,Inflation (CPI),2023,6.45561348369586
PE,Peru,FP.CPI.TOTL.ZG,Inflation (CPI),2022,8.33370630096231
PE,Peru,FP.CPI.TOTL.ZG,Inflation (CPI),2021,4.27166381536798
PE,Peru,FP.CPI.TOTL.ZG,Inflation (CPI),2020,2.00241205759292
PE,Peru,FP.CPI.TOTL.ZG,Inflation (CPI),2019,2.25212191358027
PE,Peru,FP.CPI.TOTL.ZG,Inflation (CPI),2018,1.50915423024742
PE,Peru,FP.CPI.TOTL.ZG,Inflation (CPI),2017,2.99490045809443
PE,Peru,FP.CPI.TOTL.ZG,Inflation (CPI),2016,3.55717663556279
PE,Peru,FP.CPI.TOTL.ZG,Inflation (CPI),2015,3.39809194746308
PH,Philippines,FP.CPI.TOTL.ZG,Inflation (CPI),2024,3.21260487006347
PH,Philippines,FP.CPI.TOTL.ZG,Inflation (CPI),2023,5.97802515541409
PH,Philippines,FP.CPI.TOTL.ZG,Inflation (CPI),2022,5.82115811213955
PH,Philippines,FP.CPI.TOTL.ZG,Inflation (CPI),2021,3.92718022100332
PH,Philippines,FP.CPI.TOTL.ZG,Inflation (CPI),2020,2.3931623931624
PH,Philippines,FP.CPI.TOTL.ZG,Inflation (CPI),2019,2.39206534422404
PH,Philippines,FP.CPI.TOTL.ZG,Inflation (CPI),2018,5.30934661627707
PH,Philippines,FP.CPI.TOTL.ZG,Inflation (CPI),2017,2.85318772590947
PH,Philippines,FP.CPI.TOTL.ZG,Inflation (CPI),2016,1.25369880080982
PH,Philippines,FP.CPI.TOTL.ZG,Inflation (CPI),2015,0.674192536845408
PL,Poland,FP.CPI.TOTL.ZG,Inflation (CPI),2024,3.79060897630197
PL,Poland,FP.CPI.TOTL.ZG,Inflation (CPI),2023,11.5289127961105
PL,Poland,FP.CPI.TOTL.ZG,Inflation (CPI),2022,14.4294507575758
PL,Poland,FP.CPI.TOTL.ZG,Inflation (CPI),2021,5.05502704719272
PL,Poland,FP.CPI.TOTL.ZG,Inflation (CPI),2020,3.37446972618589
PL,Poland,FP.CPI.TOTL.ZG,Inflation (CPI),2019,2.22747880938291
PL,Poland,FP.CPI.TOTL.ZG,Inflation (CPI),2018,1.81295156542689
PL,Poland,FP.CPI.TOTL.ZG,Inflation (CPI),2017,2.07593553673859
PL,Poland,FP.CPI.TOTL.ZG,Inflation (CPI),2016,-0.664767331433962
PL,Poland,FP.CPI.TOTL.ZG,Inflation (CPI),2015,-0.874125874125862
QA,Qatar,FP.CPI.TOTL.ZG,Inflation (CPI),2024,1.26734310292375
QA,Qatar,FP.CPI.TOTL.ZG,Inflation (CPI),2023,3.02764899198902
QA,Qatar,FP.CPI.TOTL.ZG,Inflation (CPI),2022,4.99527553740761
QA,Qatar,FP.CPI.TOTL.ZG,Inflation (CPI),2021,2.30446565742003
QA,Qatar,FP.CPI.TOTL.ZG,Inflation (CPI),2020,-2.5403150300476
QA,Qatar,FP.CPI.TOTL.ZG,Inflation (CPI),2019,-0.666641124861147
QA,Qatar,FP.CPI.TOTL.ZG,Inflation (CPI),2018,0.255815382724408
QA,Qatar,FP.CPI.TOTL.ZG,Inflation (CPI),2017,0.394878914083005
QA,Qatar,FP.CPI.TOTL.ZG,Inflation (CPI),2016,2.6765917009819
QA,Qatar,FP.CPI.TOTL.ZG,Inflation (CPI),2015,1.8140772393776
RO,Romania,FP.CPI.TOTL.ZG,Inflation (CPI),2024,5.72140574354439
RO,Romania,FP.CPI.TOTL.ZG,Inflation (CPI),2023,10.3971874764996
RO,Romania,FP.CPI.TOTL.ZG,Inflation (CPI),2022,13.7954887432521
RO,Romania,FP.CPI.TOTL.ZG,Inflation (CPI),2021,5.05232876096582
RO,Romania,FP.CPI.TOTL.ZG,Inflation (CPI),2020,2.63107311184743
RO,Romania,FP.CPI.TOTL.ZG,Inflation (CPI),2019,3.82785432599438
RO,Romania,FP.CPI.TOTL.ZG,Inflation (CPI),2018,4.62548443137779
RO,Romania,FP.CPI.TOTL.ZG,Inflation (CPI),2017,1.3390212110439
RO,Romania,FP.CPI.TOTL.ZG,Inflation (CPI),2016,-1.54479666813897
RO,Romania,FP.CPI.TOTL.ZG,Inflation (CPI),2015,-0.594156437495203
RU,Russian Federation,FP.CPI.TOTL.ZG,Inflation (CPI),2024,8.43486410496723
RU,Russian Federation,FP.CPI.TOTL.ZG,Inflation (CPI),2023,5.86571931748967
RU,Russian Federation,FP.CPI.TOTL.ZG,Inflation (CPI),2022,13.7436797398232
RU,Russian Federation,FP.CPI.TOTL.ZG,Inflation (CPI),2021,6.69445891957612
RU,Russian Federation,FP.CPI.TOTL.ZG,Inflation (CPI),2020,3.38219796948068
RU,Russian Federation,FP.CPI.TOTL.ZG,Inflation (CPI),2019,4.47202631837903
RU,Russian Federation,FP.CPI.TOTL.ZG,Inflation (CPI),2018,2.87831382614981
RU,Russian Federation,FP.CPI.TOTL.ZG,Inflation (CPI),2017,3.68333072334495
RU,Russian Federation,FP.CPI.TOTL.ZG,Inflation (CPI),2016,7.04243725413707
RU,Russian Federation,FP.CPI.TOTL.ZG,Inflation (CPI),2015,15.5343959935701
SA,Saudi Arabia,FP.CPI.TOTL.ZG,Inflation (CPI),2024,1.68792112375809
SA,Saudi Arabia,FP.CPI.TOTL.ZG,Inflation (CPI),2023,2.32708518362706
SA,Saudi Arabia,FP.CPI.TOTL.ZG,Inflation (CPI),2022,2.47407371925372
SA,Saudi Arabia,FP.CPI.TOTL.ZG,Inflation (CPI),2021,3.06328988941548
SA,Saudi Arabia,FP.CPI.TOTL.ZG,Inflation (CPI),2020,3.37234961012303
SA,Saudi Arabia,FP.CPI.TOTL.ZG,Inflation (CPI),2019,-1.19298644533328
SA,Saudi Arabia,FP.CPI.TOTL.ZG,Inflation (CPI),2018,2.46594308994843
SA,Saudi Arabia,FP.CPI.TOTL.ZG,Inflation (CPI),2017,-0.834845735027162
SA,Saudi Arabia,FP.CPI.TOTL.ZG,Inflation (CPI),2016,2.05347076823965
SA,Saudi Arabia,FP.CPI.TOTL.ZG,Inflation (CPI),2015,1.22269318552328
TH,Thailand,FP.CPI.TOTL.ZG,Inflation (CPI),2024,0.398333333333422
TH,Thailand,FP.CPI.TOTL.ZG,Inflation (CPI),2023,1.22908986612448
TH,Thailand,FP.CPI.TOTL.ZG,Inflation (CPI),2022,6.07589952842433
TH,Thailand,FP.CPI.TOTL.ZG,Inflation (CPI),2021,1.23104516549814
TH,Thailand,FP.CPI.TOTL.ZG,Inflation (CPI),2020,-0.846087518861799
TH,Thailand,FP.CPI.TOTL.ZG,Inflation (CPI),2019,0.705524801910317
TH,Thailand,FP.CPI.TOTL.ZG,Inflation (CPI),2018,1.06683487370758
TH,Thailand,FP.CPI.TOTL.ZG,Inflation (CPI),2017,0.664415139830893
TH,Thailand,FP.CPI.TOTL.ZG,Inflation (CPI),2016,0.186235191075453
TH,Thailand,FP.CPI.TOTL.ZG,Inflation (CPI),2015,-0.898143410569433
TN,Tunisia,FP.CPI.TOTL.ZG,Inflation (CPI),2024,7.20661657168794
TN,Tunisia,FP.CPI.TOTL.ZG,Inflation (CPI),2023,9.32899597507865
TN,Tunisia,FP.CPI.TOTL.ZG,Inflation (CPI),2022,8.30646124447623
TN,Tunisia,FP.CPI.TOTL.ZG,Inflation (CPI),2021,5.706350208307
TN,Tunisia,FP.CPI.TOTL.ZG,Inflation (CPI),2020,5.63415115897625
TN,Tunisia,FP.CPI.TOTL.ZG,Inflation (CPI),2019,6.72007532863799
TN,Tunisia,FP.CPI.TOTL.ZG,Inflation (CPI),2018,7.30759176031652
TN,Tunisia,FP.CPI.TOTL.ZG,Inflation (CPI),2017,5.30884839565844
TN,Tunisia,FP.CPI.TOTL.ZG,Inflation (CPI),2016,3.62939937384381
TN,Tunisia,FP.CPI.TOTL.ZG,Inflation (CPI),2015,4.437371273215
TR,Turkiye,FP.CPI.TOTL.ZG,Inflation (CPI),2024,58.5064507300342
TR,Turkiye,FP.CPI.TOTL.ZG,Inflation (CPI),2023,53.8594087593315
TR,Turkiye,FP.CPI.TOTL.ZG,Inflation (CPI),2022,72.3088359891207
TR,Turkiye,FP.CPI.TOTL.ZG,Inflation (CPI),2021,19.5964926913324
TR,Turkiye,FP.CPI.TOTL.ZG,Inflation (CPI),2020,12.2789574462574
TR,Turkiye,FP.CPI.TOTL.ZG,Inflation (CPI),2019,15.1768215720022
TR,Turkiye,FP.CPI.TOTL.ZG,Inflation (CPI),2018,16.3324638988929
TR,Turkiye,FP.CPI.TOTL.ZG,Inflation (CPI),2017,11.1443110840764
TR,Turkiye,FP.CPI.TOTL.ZG,Inflation (CPI),2016,7.7751341532833
TR,Turkiye,FP.CPI.TOTL.ZG,Inflation (CPI),2015,7.67085364845885
US,United States,FP.CPI.TOTL.ZG,Inflation (CPI),2024,2.94952520485207
US,United States,FP.CPI.TOTL.ZG,Inflation (CPI),2023,4.11633838374488
US,United States,FP.CPI.TOTL.ZG,Inflation (CPI),2022,8.00279982052121
US,United States,FP.CPI.TOTL.ZG,Inflation (CPI),2021,4.69785886363742
US,United States,FP.CPI.TOTL.ZG,Inflation (CPI),2020,1.23358439630629
US,United States,FP.CPI.TOTL.ZG,Inflation (CPI),2019,1.81221007526021
US,United States,FP.CPI.TOTL.ZG,Inflation (CPI),2018,2.44258329692817
US,United States,FP.CPI.TOTL.ZG,Inflation (CPI),2017,2.13011000365961
US,United States,FP.CPI.TOTL.ZG,Inflation (CPI),2016,1.26158320570536
US,United States,FP.CPI.TOTL.ZG,Inflation (CPI),2015,0.118627135552451
VN,Viet Nam,FP.CPI.TOTL.ZG,Inflation (CPI),2024,3.62109273885844
VN,Viet Nam,FP.CPI.TOTL.ZG,Inflation (CPI),2023,3.25289282667662
VN,Viet Nam,FP.CPI.TOTL.ZG,Inflation (CPI),2022,3.15650749963112
VN,Viet Nam,FP.CPI.TOTL.ZG,Inflation (CPI),2021,1.83471554810462
VN,Viet Nam,FP.CPI.TOTL.ZG,Inflation (CPI),2020,3.22093436652515
VN,Viet Nam,FP.CPI.TOTL.ZG,Inflation (CPI),2019,2.79582367452244
VN,Viet Nam,FP.CPI.TOTL.ZG,Inflation (CPI),2018,3.53962805942641
VN,Viet Nam,FP.CPI.TOTL.ZG,Inflation (CPI),2017,3.52025688811618
VN,Viet Nam,FP.CPI.TOTL.ZG,Inflation (CPI),2016,2.66824816969082
VN,Viet Nam,FP.CPI.TOTL.ZG,Inflation (CPI),2015,0.631200905175685
ZA,South Africa,FP.CPI.TOTL.ZG,Inflation (CPI),2024,4.36115246518962
ZA,South Africa,FP.CPI.TOTL.ZG,Inflation (CPI),2023,6.0752438457966
ZA,South Africa,FP.CPI.TOTL.ZG,Inflation (CPI),2022,7.03987272546482
ZA,South Africa,FP.CPI.TOTL.ZG,Inflation (CPI),2021,4.61874544887136
ZA,South Africa,FP.CPI.TOTL.ZG,Inflation (CPI),2020,3.23238831615113
ZA,South Africa,FP.CPI.TOTL.ZG,Inflation (CPI),2019,4.10285075461156
ZA,South Africa,FP.CPI.TOTL.ZG,Inflation (CPI),2018,4.50987264867388
ZA,South Africa,FP.CPI.TOTL.ZG,Inflation (CPI),2017,5.18618655524149
ZA,South Africa,FP.CPI.TOTL.ZG,Inflation (CPI),2016,6.60290842394872
ZA,South Africa,FP.CPI.TOTL.ZG,Inflation (CPI),2015,4.51869094892506
AE,United Arab Emirates,NY.GDP.MKTP.KD.ZG,GDP growth,2024,3.99181200361831
AE,United Arab Emirates,NY.GDP.MKTP.KD.ZG,GDP growth,2023,4.30113648499413
AE,United Arab Emirates,NY.GDP.MKTP.KD.ZG,GDP growth,2022,7.51452414254605
AE,United Arab Emirates,NY.GDP.MKTP.KD.ZG,GDP growth,2021,4.55280140106356
AE,United Arab Emirates,NY.GDP.MKTP.KD.ZG,GDP growth,2020,-8.69343363776639
AE,United Arab Emirates,NY.GDP.MKTP.KD.ZG,GDP growth,2019,1.27129120536284
AE,United Arab Emirates,NY.GDP.MKTP.KD.ZG,GDP growth,2018,1.53720634021511
AE,United Arab Emirates,NY.GDP.MKTP.KD.ZG,GDP growth,2017,-1.06137114472548
AE,United Arab Emirates,NY.GDP.MKTP.KD.ZG,GDP growth,2016,5.65790147196586
AE,United Arab Emirates,NY.GDP.MKTP.KD.ZG,GDP growth,2015,7.08766622657654
AR,Argentina,NY.GDP.MKTP.KD.ZG,GDP growth,2024,-1.34293072157739
AR,Argentina,NY.GDP.MKTP.KD.ZG,GDP growth,2023,-1.85578803046339
AR,Argentina,NY.GDP.MKTP.KD.ZG,GDP growth,2022,6.02074537534855
AR,Argentina,NY.GDP.MKTP.KD.ZG,GDP growth,2021,10.4418119882506
AR,Argentina,NY.GDP.MKTP.KD.ZG,GDP growth,2020,-9.9004848136464
AR,Argentina,NY.GDP.MKTP.KD.ZG,GDP growth,2019,-2.00086100285785
AR,Argentina,NY.GDP.MKTP.KD.ZG,GDP growth,2018,-2.61739646282038
AR,Argentina,NY.GDP.MKTP.KD.ZG,GDP growth,2017,2.81850297775918
AR,Argentina,NY.GDP.MKTP.KD.ZG,GDP growth,2016,-2.08032784377811
AR,Argentina,NY.GDP.MKTP.KD.ZG,GDP growth,2015,2.73115982828944
AU,Australia,NY.GDP.MKTP.KD.ZG,GDP growth,2024,1.37340773365975
AU,Australia,NY.GDP.MKTP.KD.ZG,GDP growth,2023,3.58382100798981
AU,Australia,NY.GDP.MKTP.KD.ZG,GDP growth,2022,4.25304559238732
AU,Australia,NY.GDP.MKTP.KD.ZG,GDP growth,2021,2.00694844335034
AU,Australia,NY.GDP.MKTP.KD.ZG,GDP growth,2020,-0.133531904304775
AU,Australia,NY.GDP.MKTP.KD.ZG,GDP growth,2019,2.19401703622717
AU,Australia,NY.GDP.MKTP.KD.ZG,GDP growth,2018,2.87417039499501
AU,Australia,NY.GDP.MKTP.KD.ZG,GDP growth,2017,2.29331030192918
AU,Australia,NY.GDP.MKTP.KD.ZG,GDP growth,2016,2.75564065529868
AU,Australia,NY.GDP.MKTP.KD.ZG,GDP growth,2015,2.16434780647852
BR,Brazil,NY.GDP.MKTP.KD.ZG,GDP growth,2024,3.41931516501906
BR,Brazil,NY.GDP.MKTP.KD.ZG,GDP growth,2023,3.24165532906981
BR,Brazil,NY.GDP.MKTP.KD.ZG,GDP growth,2022,3.01669435393015
BR,Brazil,NY.GDP.MKTP.KD.ZG,GDP growth,2021,4.76260437908608
BR,Brazil,NY.GDP.MKTP.KD.ZG,GDP growth,2020,-3.2767587964736
BR,Brazil,NY.GDP.MKTP.KD.ZG,GDP growth,2019,1.22077782360842
BR,Brazil,NY.GDP.MKTP.KD.ZG,GDP growth,2018,1.783666761634
BR,Brazil,NY.GDP.MKTP.KD.ZG,GDP growth,2017,1.32286905404399
BR,Brazil,NY.GDP.MKTP.KD.ZG,GDP growth,2016,-3.27591690782192
BR,Brazil,NY.GDP.MKTP.KD.ZG,GDP growth,2015,-3.54576339269425
CL,Chile,NY.GDP.MKTP.KD.ZG,GDP growth,2024,2.80512637106611
CL,Chile,NY.GDP.MKTP.KD.ZG,GDP growth,2023,0.677024831595858
CL,Chile,NY.GDP.MKTP.KD.ZG,GDP growth,2022,2.06391864254198
CL,Chile,NY.GDP.MKTP.KD.ZG,GDP growth,2021,11.3374032409913
CL,Chile,NY.GDP.MKTP.KD.ZG,GDP growth,2020,-6.1396969411886
CL,Chile,NY.GDP.MKTP.KD.ZG,GDP growth,2019,0.644223402631923
CL,Chile,NY.GDP.MKTP.KD.ZG,GDP growth,2018,3.99002947789977
CL,Chile,NY.GDP.MKTP.KD.ZG,GDP growth,2017,1.35769537343957
CL,Chile,NY.GDP.MKTP.KD.ZG,GDP growth,2016,1.753038749071
CL,Chile,NY.GDP.MKTP.KD.ZG,GDP growth,2015,2.15194249981184
CN,China,NY.GDP.MKTP.KD.ZG,GDP growth,2024,4.95830378788091
CN,China,NY.GDP.MKTP.KD.ZG,GDP growth,2023,5.41600334492955
CN,China,NY.GDP.MKTP.KD.ZG,GDP growth,2022,3.13385438394069
CN,China,NY.GDP.MKTP.KD.ZG,GDP growth,2021,8.57038414981781
CN,China,NY.GDP.MKTP.KD.ZG,GDP growth,2020,2.33950385203023
CN,China,NY.GDP.MKTP.KD.ZG,GDP growth,2019,6.06737806333672
CN,China,NY.GDP.MKTP.KD.ZG,GDP growth,2018,6.757806142324
CN,China,NY.GDP.MKTP.KD.ZG,GDP growth,2017,6.89123916636191
CN,China,NY.GDP.MKTP.KD.ZG,GDP growth,2016,6.7736886867727
CN,China,NY.GDP.MKTP.KD.ZG,GDP growth,2015,6.98162255562367
CO,Colombia,NY.GDP.MKTP.KD.ZG,GDP growth,2024,1.49330728771066
CO,Colombia,NY.GDP.MKTP.KD.ZG,GDP growth,2023,0.841819555752039
CO,Colombia,NY.GDP.MKTP.KD.ZG,GDP growth,2022,7.32827729427979
CO,Colombia,NY.GDP.MKTP.KD.ZG,GDP growth,2021,10.8011981904878
CO,Colombia,NY.GDP.MKTP.KD.ZG,GDP growth,2020,-7.18591413760859
CO,Colombia,NY.GDP.MKTP.KD.ZG,GDP growth,2019,3.18685539245533
CO,Colombia,NY.GDP.MKTP.KD.ZG,GDP growth,2018,2.56432428277704
CO,Colombia,NY.GDP.MKTP.KD.ZG,GDP growth,2017,1.35936086788746
CO,Colombia,NY.GDP.MKTP.KD.ZG,GDP growth,2016,2.08738250162794
CO,Colombia,NY.GDP.MKTP.KD.ZG,GDP growth,2015,2.95590137527523
CZ,Czechia,NY.GDP.MKTP.KD.ZG,GDP growth,2024,1.25131096245923
CZ,Czechia,NY.GDP.MKTP.KD.ZG,GDP growth,2023,0.0475803308973752
CZ,Czechia,NY.GDP.MKTP.KD.ZG,GDP growth,2022,2.8471706583814
CZ,Czechia,NY.GDP.MKTP.KD.ZG,GDP growth,2021,4.02901832055149
CZ,Czechia,NY.GDP.MKTP.KD.ZG,GDP growth,2020,-5.30487955463876
CZ,Czechia,NY.GDP.MKTP.KD.ZG,GDP growth,2019,3.56577658128261
CZ,Czechia,NY.GDP.MKTP.KD.ZG,GDP growth,2018,2.83030588267866
CZ,Czechia,NY.GDP.MKTP.KD.ZG,GDP growth,2017,5.17356529967881
CZ,Czechia,NY.GDP.MKTP.KD.ZG,GDP growth,2016,2.58087013921376
CZ,Czechia,NY.GDP.MKTP.KD.ZG,GDP growth,2015,4.95875848915604
DE,Germany,NY.GDP.MKTP.KD.ZG,GDP growth,2024,-0.495851897260366
DE,Germany,NY.GDP.MKTP.KD.ZG,GDP growth,2023,-0.869647578573321
DE,Germany,NY.GDP.MKTP.KD.ZG,GDP growth,2022,1.8092581243061
DE,Germany,NY.GDP.MKTP.KD.ZG,GDP growth,2021,3.90999994204108
DE,Germany,NY.GDP.MKTP.KD.ZG,GDP growth,2020,-4.13191443239947
DE,Germany,NY.GDP.MKTP.KD.ZG,GDP growth,2019,0.977734697038784
DE,Germany,NY.GDP.MKTP.KD.ZG,GDP growth,2018,1.13569604599849
DE,Germany,NY.GDP.MKTP.KD.ZG,GDP growth,2017,2.797906720551
DE,Germany,NY.GDP.MKTP.KD.ZG,GDP growth,2016,2.22222216259371
DE,Germany,NY.GDP.MKTP.KD.ZG,GDP growth,2015,1.66300602334775
EG,"Egypt, Arab Rep.",NY.GDP.MKTP.KD.ZG,GDP growth,2024,2.3991692678251
EG,"Egypt, Arab Rep.",NY.GDP.MKTP.KD.ZG,GDP growth,2023,3.76028052279247
EG,"Egypt, Arab Rep.",NY.GDP.MKTP.KD.ZG,GDP growth,2022,6.58784560870467
EG,"Egypt, Arab Rep.",NY.GDP.MKTP.KD.ZG,GDP growth,2021,3.29064601193245
EG,"Egypt, Arab Rep.",NY.GDP.MKTP.KD.ZG,GDP growth,2020,3.55016483883115
EG,"Egypt, Arab Rep.",NY.GDP.MKTP.KD.ZG,GDP growth,2019,5.55209307084222
EG,"Egypt, Arab Rep.",NY.GDP.MKTP.KD.ZG,GDP growth,2018,5.33110861887155
EG,"Egypt, Arab Rep.",NY.GDP.MKTP.KD.ZG,GDP growth,2017,4.18122099961562
EG,"Egypt, Arab Rep.",NY.GDP.MKTP.KD.ZG,GDP growth,2016,4.34664345601914
EG,"Egypt, Arab Rep.",NY.GDP.MKTP.KD.ZG,GDP growth,2015,4.37201907781687
FR,France,NY.GDP.MKTP.KD.ZG,GDP growth,2024,1.19046798275883
FR,France,NY.GDP.MKTP.KD.ZG,GDP growth,2023,1.43921494437743
FR,France,NY.GDP.MKTP.KD.ZG,GDP growth,2022,2.71676264185913
FR,France,NY.GDP.MKTP.KD.ZG,GDP growth,2021,6.88233783360239
FR,France,NY.GDP.MKTP.KD.ZG,GDP growth,2020,-7.44064589948231
FR,France,NY.GDP.MKTP.KD.ZG,GDP growth,2019,2.02744646419237
FR,France,NY.GDP.MKTP.KD.ZG,GDP growth,2018,1.64590872395887
FR,France,NY.GDP.MKTP.KD.ZG,GDP growth,2017,2.08361485997399
FR,France,NY.GDP.MKTP.KD.ZG,GDP growth,2016,0.860031075424033
FR,France,NY.GDP.MKTP.KD.ZG,GDP growth,2015,1.06675474783462
GB,United Kingdom,NY.GDP.MKTP.KD.ZG,GDP growth,2024,1.08027716858781
GB,United Kingdom,NY.GDP.MKTP.KD.ZG,GDP growth,2023,0.271650048355255
GB,United Kingdom,NY.GDP.MKTP.KD.ZG,GDP growth,2022,5.14970388522993
GB,United Kingdom,NY.GDP.MKTP.KD.ZG,GDP growth,2021,8.5431118453255
GB,United Kingdom,NY.GDP.MKTP.KD.ZG,GDP growth,2020,-10.047896637362
GB,United Kingdom,NY.GDP.MKTP.KD.ZG,GDP growth,2019,1.25629899760824
GB,United Kingdom,NY.GDP.MKTP.KD.ZG,GDP growth,2018,1.55133095078786
GB,United Kingdom,NY.GDP.MKTP.KD.ZG,GDP growth,2017,3.02322219840339
GB,United Kingdom,NY.GDP.MKTP.KD.ZG,GDP growth,2016,2.20652020635357
GB,United Kingdom,NY.GDP.MKTP.KD.ZG,GDP growth,2015,2.14040560033371
HU,Hungary,NY.GDP.MKTP.KD.ZG,GDP growth,2024,0.709070599066038
HU,Hungary,NY.GDP.MKTP.KD.ZG,GDP growth,2023,-0.817107370513455
HU,Hungary,NY.GDP.MKTP.KD.ZG,GDP growth,2022,4.15238057779229
HU,Hungary,NY.GDP.MKTP.KD.ZG,GDP growth,2021,7.22291580811137
HU,Hungary,NY.GDP.MKTP.KD.ZG,GDP growth,2020,-4.33872540024058
HU,Hungary,NY.GDP.MKTP.KD.ZG,GDP growth,2019,5.07718495088933
HU,Hungary,NY.GDP.MKTP.KD.ZG,GDP growth,2018,5.60613813768876
HU,Hungary,NY.GDP.MKTP.KD.ZG,GDP growth,2017,4.12418389451805
HU,Hungary,NY.GDP.MKTP.KD.ZG,GDP growth,2016,2.43864141309342
HU,Hungary,NY.GDP.MKTP.KD.ZG,GDP growth,2015,3.65981615406955
ID,Indonesia,NY.GDP.MKTP.KD.ZG,GDP growth,2024,5.03257477088519
ID,Indonesia,NY.GDP.MKTP.KD.ZG,GDP growth,2023,5.04883117855516
ID,Indonesia,NY.GDP.MKTP.KD.ZG,GDP growth,2022,5.30719722664799
ID,Indonesia,NY.GDP.MKTP.KD.ZG,GDP growth,2021,3.70288562827751
ID,Indonesia,NY.GDP.MKTP.KD.ZG,GDP growth,2020,-2.06551182934165
ID,Indonesia,NY.GDP.MKTP.KD.ZG,GDP growth,2019,5.01928768046282
ID,Indonesia,NY.GDP.MKTP.KD.ZG,GDP growth,2018,5.17429153955024
ID,Indonesia,NY.GDP.MKTP.KD.ZG,GDP growth,2017,5.06978590134916
ID,Indonesia,NY.GDP.MKTP.KD.ZG,GDP growth,2016,5.03306918280177
ID,Indonesia,NY.GDP.MKTP.KD.ZG,GDP growth,2015,4.87632230022123
IN,India,NY.GDP.MKTP.KD.ZG,GDP growth,2024,7.09927893176518
IN,India,NY.GDP.MKTP.KD.ZG,GDP growth,2023,7.210224629335
IN,India,NY.GDP.MKTP.KD.ZG,GDP growth,2022,7.6093649776932
IN,India,NY.GDP.MKTP.KD.ZG,GDP growth,2021,9.68959249191741
IN,India,NY.GDP.MKTP.KD.ZG,GDP growth,2020,-5.77772470687303
IN,India,NY.GDP.MKTP.KD.ZG,GDP growth,2019,3.87143694070524
IN,India,NY.GDP.MKTP.KD.ZG,GDP growth,2018,6.45385134495295
IN,India,NY.GDP.MKTP.KD.ZG,GDP growth,2017,6.79538341902422
IN,India,NY.GDP.MKTP.KD.ZG,GDP growth,2016,8.25630550176662
IN,India,NY.GDP.MKTP.KD.ZG,GDP growth,2015,7.99625378567987
JO,Jordan,NY.GDP.MKTP.KD.ZG,GDP growth,2024,2.55605891810194
JO,Jordan,NY.GDP.MKTP.KD.ZG,GDP growth,2023,3.12900102017251
JO,Jordan,NY.GDP.MKTP.KD.ZG,GDP growth,2022,2.7468615450031
JO,Jordan,NY.GDP.MKTP.KD.ZG,GDP growth,2021,3.75201276755828
JO,Jordan,NY.GDP.MKTP.KD.ZG,GDP growth,2020,-1.15257534158022
JO,Jordan,NY.GDP.MKTP.KD.ZG,GDP growth,2019,1.85633006592765
JO,Jordan,NY.GDP.MKTP.KD.ZG,GDP growth,2018,1.85383415616927
JO,Jordan,NY.GDP.MKTP.KD.ZG,GDP growth,2017,2.50770398070352
JO,Jordan,NY.GDP.MKTP.KD.ZG,GDP growth,2016,2.11166806967252
JO,Jordan,NY.GDP.MKTP.KD.ZG,GDP growth,2015,2.52261671092148
JP,Japan,NY.GDP.MKTP.KD.ZG,GDP growth,2024,-0.240084236041696
JP,Japan,NY.GDP.MKTP.KD.ZG,GDP growth,2023,0.720785304749811
JP,Japan,NY.GDP.MKTP.KD.ZG,GDP growth,2022,1.33164750653741
JP,Japan,NY.GDP.MKTP.KD.ZG,GDP growth,2021,3.56419531474475
JP,Japan,NY.GDP.MKTP.KD.ZG,GDP growth,2020,-4.28327942675573
JP,Japan,NY.GDP.MKTP.KD.ZG,GDP growth,2019,-0.308496921143259
JP,Japan,NY.GDP.MKTP.KD.ZG,GDP growth,2018,0.834143845965585
JP,Japan,NY.GDP.MKTP.KD.ZG,GDP growth,2017,1.62345062245441
JP,Japan,NY.GDP.MKTP.KD.ZG,GDP growth,2016,0.704986495111257
JP,Japan,NY.GDP.MKTP.KD.ZG,GDP growth,2015,1.79997735783475
KE,Kenya,NY.GDP.MKTP.KD.ZG,GDP growth,2024,4.66019594571891
KE,Kenya,NY.GDP.MKTP.KD.ZG,GDP growth,2023,5.71999241214208
KE,Kenya,NY.GDP.MKTP.KD.ZG,GDP growth,2022,4.85998104287999
KE,Kenya,NY.GDP.MKTP.KD.ZG,GDP growth,2021,7.59048947333467
KE,Kenya,NY.GDP.MKTP.KD.ZG,GDP growth,2020,-0.272766327438816
KE,Kenya,NY.GDP.MKTP.KD.ZG,GDP growth,2019,5.11415885767801
KE,Kenya,NY.GDP.MKTP.KD.ZG,GDP growth,2018,5.64794640709219
KE,Kenya,NY.GDP.MKTP.KD.ZG,GDP growth,2017,3.83795817364721
KE,Kenya,NY.GDP.MKTP.KD.ZG,GDP growth,2016,4.21351706814744
KE,Kenya,NY.GDP.MKTP.KD.ZG,GDP growth,2015,4.96772112759767
MA,Morocco,NY.GDP.MKTP.KD.ZG,GDP growth,2024,3.79336515978963
MA,Morocco,NY.GDP.MKTP.KD.ZG,GDP growth,2023,3.65564411017931
MA,Morocco,NY.GDP.MKTP.KD.ZG,GDP growth,2022,1.81269242194809
MA,Morocco,NY.GDP.MKTP.KD.ZG,GDP growth,2021,8.15473889823681
MA,Morocco,NY.GDP.MKTP.KD.ZG,GDP growth,2020,-7.17820744246774
MA,Morocco,NY.GDP.MKTP.KD.ZG,GDP growth,2019,2.89097476137077
MA,Morocco,NY.GDP.MKTP.KD.ZG,GDP growth,2018,3.06564133025955
MA,Morocco,NY.GDP.MKTP.KD.ZG,GDP growth,2017,5.05789816173446
MA,Morocco,NY.GDP.MKTP.KD.ZG,GDP growth,2016,0.52118550608968
MA,Morocco,NY.GDP.MKTP.KD.ZG,GDP growth,2015,4.34458297635238
MX,Mexico,NY.GDP.MKTP.KD.ZG,GDP growth,2024,1.35057631384696
MX,Mexico,NY.GDP.MKTP.KD.ZG,GDP growth,2023,3.1067964131456
MX,Mexico,NY.GDP.MKTP.KD.ZG,GDP growth,2022,3.70975708309098
MX,Mexico,NY.GDP.MKTP.KD.ZG,GDP growth,2021,6.04848347173572
MX,Mexico,NY.GDP.MKTP.KD.ZG,GDP growth,2020,-8.35403459379062
MX,Mexico,NY.GDP.MKTP.KD.ZG,GDP growth,2019,-0.392690513290532
MX,Mexico,NY.GDP.MKTP.KD.ZG,GDP growth,2018,1.97208211101069
MX,Mexico,NY.GDP.MKTP.KD.ZG,GDP growth,2017,1.87172854648381
MX,Mexico,NY.GDP.MKTP.KD.ZG,GDP growth,2016,1.7724932254128
MX,Mexico,NY.GDP.MKTP.KD.ZG,GDP growth,2015,2.70232343024026
MY,Malaysia,NY.GDP.MKTP.KD.ZG,GDP growth,2024,5.10545921024041
MY,Malaysia,NY.GDP.MKTP.KD.ZG,GDP growth,2023,3.5370638041057
MY,Malaysia,NY.GDP.MKTP.KD.ZG,GDP growth,2022,9.03173723044451
MY,Malaysia,NY.GDP.MKTP.KD.ZG,GDP growth,2021,3.31534954399166
MY,Malaysia,NY.GDP.MKTP.KD.ZG,GDP growth,2020,-5.45684658426701
MY,Malaysia,NY.GDP.MKTP.KD.ZG,GDP growth,2019,4.41318742129586
MY,Malaysia,NY.GDP.MKTP.KD.ZG,GDP growth,2018,4.84308697634881
MY,Malaysia,NY.GDP.MKTP.KD.ZG,GDP growth,2017,5.81272240983328
MY,Malaysia,NY.GDP.MKTP.KD.ZG,GDP growth,2016,4.44978139761541
MY,Malaysia,NY.GDP.MKTP.KD.ZG,GDP growth,2015,5.09153242155011
NG,Nigeria,NY.GDP.MKTP.KD.ZG,GDP growth,2024,4.07106650147703
NG,Nigeria,NY.GDP.MKTP.KD.ZG,GDP growth,2023,3.31590368111438
NG,Nigeria,NY.GDP.MKTP.KD.ZG,GDP growth,2022,4.31882949157136
NG,Nigeria,NY.GDP.MKTP.KD.ZG,GDP growth,2021,1.109252540249
NG,Nigeria,NY.GDP.MKTP.KD.ZG,GDP growth,2020,-6.36889840468527
NG,Nigeria,NY.GDP.MKTP.KD.ZG,GDP growth,2019,2.20842927835211
NG,Nigeria,NY.GDP.MKTP.KD.ZG,GDP growth,2018,1.92275734199798
NG,Nigeria,NY.GDP.MKTP.KD.ZG,GDP growth,2017,0.805886619091581
NG,Nigeria,NY.GDP.MKTP.KD.ZG,GDP growth,2016,-1.61686894903467
NG,Nigeria,NY.GDP.MKTP.KD.ZG,GDP growth,2015,2.65269329541779
PE,Peru,NY.GDP.MKTP.KD.ZG,GDP growth,2024,3.5152749274832
PE,Peru,NY.GDP.MKTP.KD.ZG,GDP growth,2023,-0.350699814345759
PE,Peru,NY.GDP.MKTP.KD.ZG,GDP growth,2022,2.81819976419922
PE,Peru,NY.GDP.MKTP.KD.ZG,GDP growth,2021,13.4166456126513
PE,Peru,NY.GDP.MKTP.KD.ZG,GDP growth,2020,-10.9333065010382
PE,Peru,NY.GDP.MKTP.KD.ZG,GDP growth,2019,2.24063176875049
PE,Peru,NY.GDP.MKTP.KD.ZG,GDP growth,2018,3.969351341365
PE,Peru,NY.GDP.MKTP.KD.ZG,GDP growth,2017,2.51883544233135
PE,Peru,NY.GDP.MKTP.KD.ZG,GDP growth,2016,3.95331871520767
PE,Peru,NY.GDP.MKTP.KD.ZG,GDP growth,2015,3.25224477218451
PH,Philippines,NY.GDP.MKTP.KD.ZG,GDP growth,2024,5.71474526128652
PH,Philippines,NY.GDP.MKTP.KD.ZG,GDP growth,2023,5.51894967856043
PH,Philippines,NY.GDP.MKTP.KD.ZG,GDP growth,2022,7.58098212785563
PH,Philippines,NY.GDP.MKTP.KD.ZG,GDP growth,2021,5.71473313185116
PH,Philippines,NY.GDP.MKTP.KD.ZG,GDP growth,2020,-9.51829474045297
PH,Philippines,NY.GDP.MKTP.KD.ZG,GDP growth,2019,6.11852566221303
PH,Philippines,NY.GDP.MKTP.KD.ZG,GDP growth,2018,6.34148557153473
PH,Philippines,NY.GDP.MKTP.KD.ZG,GDP growth,2017,6.9309883258402
PH,Philippines,NY.GDP.MKTP.KD.ZG,GDP growth,2016,7.14945675000752
PH,Philippines,NY.GDP.MKTP.KD.ZG,GDP growth,2015,6.34830971672761
PL,Poland,NY.GDP.MKTP.KD.ZG,GDP growth,2024,3.02841630700273
PL,Poland,NY.GDP.MKTP.KD.ZG,GDP growth,2023,0.249610834017872
PL,Poland,NY.GDP.MKTP.KD.ZG,GDP growth,2022,5.25545697386036
PL,Poland,NY.GDP.MKTP.KD.ZG,GDP growth,2021,6.92718266052501
PL,Poland,NY.GDP.MKTP.KD.ZG,GDP growth,2020,-2.03556882399977
PL,Poland,NY.GDP.MKTP.KD.ZG,GDP growth,2019,4.58045817256199
PL,Poland,NY.GDP.MKTP.KD.ZG,GDP growth,2018,6.2458584723942
PL,Poland,NY.GDP.MKTP.KD.ZG,GDP growth,2017,5.15245773325907
PL,Poland,NY.GDP.MKTP.KD.ZG,GDP growth,2016,3.03117767594847
PL,Poland,NY.GDP.MKTP.KD.ZG,GDP growth,2015,4.43176700264478
QA,Qatar,NY.GDP.MKTP.KD.ZG,GDP growth,2024,3.10963283242745
QA,Qatar,NY.GDP.MKTP.KD.ZG,GDP growth,2023,1.18715991623776
QA,Qatar,NY.GDP.MKTP.KD.ZG,GDP growth,2022,4.18500970982862
QA,Qatar,NY.GDP.MKTP.KD.ZG,GDP growth,2021,1.62684671918775
QA,Qatar,NY.GDP.MKTP.KD.ZG,GDP growth,2020,-3.5576039896784
QA,Qatar,NY.GDP.MKTP.KD.ZG,GDP growth,2019,0.688240954592672
QA,Qatar,NY.GDP.MKTP.KD.ZG,GDP growth,2018,1.23487220191065
QA,Qatar,NY.GDP.MKTP.KD.ZG,GDP growth,2017,-1.49760470227838
QA,Qatar,NY.GDP.MKTP.KD.ZG,GDP growth,2016,3.06419188430156
QA,Qatar,NY.GDP.MKTP.KD.ZG,GDP growth,2015,4.75334572438737
RO,Romania,NY.GDP.MKTP.KD.ZG,GDP growth,2024,0.916003764382594
RO,Romania,NY.GDP.MKTP.KD.ZG,GDP growth,2023,2.25773416555121
RO,Romania,NY.GDP.MKTP.KD.ZG,GDP growth,2022,4.18771305104109
RO,Romania,NY.GDP.MKTP.KD.ZG,GDP growth,2021,5.58735072538869
RO,Romania,NY.GDP.MKTP.KD.ZG,GDP growth,2020,-3.59802546034757
RO,Romania,NY.GDP.MKTP.KD.ZG,GDP growth,2019,3.96028958497598
RO,Romania,NY.GDP.MKTP.KD.ZG,GDP growth,2018,5.39452228185675
RO,Romania,NY.GDP.MKTP.KD.ZG,GDP growth,2017,8.19547826641261
RO,Romania,NY.GDP.MKTP.KD.ZG,GDP growth,2016,2.85993252302089
RO,Romania,NY.GDP.MKTP.KD.ZG,GDP growth,2015,3.1570360543854
RU,Russian Federation,NY.GDP.MKTP.KD.ZG,GDP growth,2024,4.92167966203073
RU,Russian Federation,NY.GDP.MKTP.KD.ZG,GDP growth,2023,4.06661395813023
RU,Russian Federation,NY.GDP.MKTP.KD.ZG,GDP growth,2022,-1.43537063467896
RU,Russian Federation,NY.GDP.MKTP.KD.ZG,GDP growth,2021,5.866491772979
RU,Russian Federation,NY.GDP.MKTP.KD.ZG,GDP growth,2020,-2.65365449695453
RU,Russian Federation,NY.GDP.MKTP.KD.ZG,GDP growth,2019,2.19807571381982
RU,Russian Federation,NY.GDP.MKTP.KD.ZG,GDP growth,2018,2.80634082046656
RU,Russian Federation,NY.GDP.MKTP.KD.ZG,GDP growth,2017,1.82670527549192
RU,Russian Federation,NY.GDP.MKTP.KD.ZG,GDP growth,2016,0.193671130698817
RU,Russian Federation,NY.GDP.MKTP.KD.ZG,GDP growth,2015,-1.9727192264298
SA,Saudi Arabia,NY.GDP.MKTP.KD.ZG,GDP growth,2024,2.64893068308965
SA,Saudi Arabia,NY.GDP.MKTP.KD.ZG,GDP growth,2023,0.542592439393161
SA,Saudi Arabia,NY.GDP.MKTP.KD.ZG,GDP growth,2022,12.0005874752929
SA,Saudi Arabia,NY.GDP.MKTP.KD.ZG,GDP growth,2021,6.51959698325419
SA,Saudi Arabia,NY.GDP.MKTP.KD.ZG,GDP growth,2020,-3.80478901996312
SA,Saudi Arabia,NY.GDP.MKTP.KD.ZG,GDP growth,2019,1.65158925617395
SA,Saudi Arabia,NY.GDP.MKTP.KD.ZG,GDP growth,2018,3.2269508901591
SA,Saudi Arabia,NY.GDP.MKTP.KD.ZG,GDP growth,2017,1.18210705878283
SA,Saudi Arabia,NY.GDP.MKTP.KD.ZG,GDP growth,2016,1.70404739202878
SA,Saudi Arabia,NY.GDP.MKTP.KD.ZG,GDP growth,2015,4.65512316652699
TH,Thailand,NY.GDP.MKTP.KD.ZG,GDP growth,2024,2.94859986593323
TH,Thailand,NY.GDP.MKTP.KD.ZG,GDP growth,2023,2.24883437970568
TH,Thailand,NY.GDP.MKTP.KD.ZG,GDP growth,2022,2.63784213566305
TH,Thailand,NY.GDP.MKTP.KD.ZG,GDP growth,2021,1.55858232076893
TH,Thailand,NY.GDP.MKTP.KD.ZG,GDP growth,2020,-6.09306312966953
TH,Thailand,NY.GDP.MKTP.KD.ZG,GDP growth,2019,2.11455779628278
TH,Thailand,NY.GDP.MKTP.KD.ZG,GDP growth,2018,4.22287028746071
TH,Thailand,NY.GDP.MKTP.KD.ZG,GDP growth,2017,4.1776810321001
TH,Thailand,NY.GDP.MKTP.KD.ZG,GDP growth,2016,3.43515771692182
TH,Thailand,NY.GDP.MKTP.KD.ZG,GDP growth,2015,3.13404724911635
TN,Tunisia,NY.GDP.MKTP.KD.ZG,GDP growth,2024,1.61444564976986
TN,Tunisia,NY.GDP.MKTP.KD.ZG,GDP growth,2023,0.184015548469745
TN,Tunisia,NY.GDP.MKTP.KD.ZG,GDP growth,2022,2.75228761004381
TN,Tunisia,NY.GDP.MKTP.KD.ZG,GDP growth,2021,4.73603648206102
TN,Tunisia,NY.GDP.MKTP.KD.ZG,GDP growth,2020,-8.97512622934723
TN,Tunisia,NY.GDP.MKTP.KD.ZG,GDP growth,2019,1.55009304966742
TN,Tunisia,NY.GDP.MKTP.KD.ZG,GDP growth,2018,2.60696965356362
TN,Tunisia,NY.GDP.MKTP.KD.ZG,GDP growth,2017,2.25261437620587
TN,Tunisia,NY.GDP.MKTP.KD.ZG,GDP growth,2016,1.117231963992
TN,Tunisia,NY.GDP.MKTP.KD.ZG,GDP growth,2015,0.967834205635981
TR,Turkiye,NY.GDP.MKTP.KD.ZG,GDP growth,2024,3.3276230893799
TR,Turkiye,NY.GDP.MKTP.KD.ZG,GDP growth,2023,5.04512369812289
TR,Turkiye,NY.GDP.MKTP.KD.ZG,GDP growth,2022,5.44122511322401
TR,Turkiye,NY.GDP.MKTP.KD.ZG,GDP growth,2021,11.811094450607
TR,Turkiye,NY.GDP.MKTP.KD.ZG,GDP growth,2020,1.80306247087255
TR,Turkiye,NY.GDP.MKTP.KD.ZG,GDP growth,2019,1.30162365464503
TR,Turkiye,NY.GDP.MKTP.KD.ZG,GDP growth,2018,3.46815306092219
TR,Turkiye,NY.GDP.MKTP.KD.ZG,GDP growth,2017,7.82585730002594
TR,Turkiye,NY.GDP.MKTP.KD.ZG,GDP growth,2016,3.32366508200445
TR,Turkiye,NY.GDP.MKTP.KD.ZG,GDP growth,2015,5.80557386628684
US,United States,NY.GDP.MKTP.KD.ZG,GDP growth,2024,2.79318715363841
US,United States,NY.GDP.MKTP.KD.ZG,GDP growth,2023,2.93436322440155
US,United States,NY.GDP.MKTP.KD.ZG,GDP growth,2022,2.52421385073222
US,United States,NY.GDP.MKTP.KD.ZG,GDP growth,2021,6.15202247867526
US,United States,NY.GDP.MKTP.KD.ZG,GDP growth,2020,-2.081375977796
US,United States,NY.GDP.MKTP.KD.ZG,GDP growth,2019,2.58382533052225
US,United States,NY.GDP.MKTP.KD.ZG,GDP growth,2018,2.96650506701943
US,United States,NY.GDP.MKTP.KD.ZG,GDP growth,2017,2.45762230126449
US,United States,NY.GDP.MKTP.KD.ZG,GDP growth,2016,1.81945147909089
US,United States,NY.GDP.MKTP.KD.ZG,GDP growth,2015,2.94555045227337
VN,Viet Nam,NY.GDP.MKTP.KD.ZG,GDP growth,2024,7.03955197123018
VN,Viet Nam,NY.GDP.MKTP.KD.ZG,GDP growth,2023,4.97865959483225
VN,Viet Nam,NY.GDP.MKTP.KD.ZG,GDP growth,2022,8.53750041218142
VN,Viet Nam,NY.GDP.MKTP.KD.ZG,GDP growth,2021,2.55372852648131
VN,Viet Nam,NY.GDP.MKTP.KD.ZG,GDP growth,2020,2.86541320912272
VN,Viet Nam,NY.GDP.MKTP.KD.ZG,GDP growth,2019,7.35926270105006
VN,Viet Nam,NY.GDP.MKTP.KD.ZG,GDP growth,2018,7.46500685572751
VN,Viet Nam,NY.GDP.MKTP.KD.ZG,GDP growth,2017,6.94019037359206
VN,Viet Nam,NY.GDP.MKTP.KD.ZG,GDP growth,2016,6.69000892660424
VN,Viet Nam,NY.GDP.MKTP.KD.ZG,GDP growth,2015,6.98715430598611
ZA,South Africa,NY.GDP.MKTP.KD.ZG,GDP growth,2024,0.534843531905139
ZA,South Africa,NY.GDP.MKTP.KD.ZG,GDP growth,2023,0.80610455095804
ZA,South Africa,NY.GDP.MKTP.KD.ZG,GDP growth,2022,2.05813661692193
ZA,South Africa,NY.GDP.MKTP.KD.ZG,GDP growth,2021,4.85864865060148
ZA,South Africa,NY.GDP.MKTP.KD.ZG,GDP growth,2020,-6.1689177146757
ZA,South Africa,NY.GDP.MKTP.KD.ZG,GDP growth,2019,0.25993557687633
ZA,South Africa,NY.GDP.MKTP.KD.ZG,GDP growth,2018,1.55678384721676
ZA,South Africa,NY.GDP.MKTP.KD.ZG,GDP growth,2017,1.15794695181735
ZA,South Africa,NY.GDP.MKTP.KD.ZG,GDP growth,2016,0.664552307858116
ZA,South Africa,NY.GDP.MKTP.KD.ZG,GDP growth,2015,1.32186223678229
AE,United Arab Emirates,BN.CAB.XOKA.GD.ZS,Current account (% GDP),2024,14.4792979326645
AE,United Arab Emirates,BN.CAB.XOKA.GD.ZS,Current account (% GDP),2023,13.1295797567307
AR,Argentina,BN.CAB.XOKA.GD.ZS,Current account (% GDP),2024,0.893118418089375
AR,Argentina,BN.CAB.XOKA.GD.ZS,Current account (% GDP),2023,-3.1951463789585
AR,Argentina,BN.CAB.XOKA.GD.ZS,Current account (% GDP),2022,-0.62525456692328
AR,Argentina,BN.CAB.XOKA.GD.ZS,Current account (% GDP),2021,1.36154422203441
AR,Argentina,BN.CAB.XOKA.GD.ZS,Current account (% GDP),2020,0.696935361136031
AR,Argentina,BN.CAB.XOKA.GD.ZS,Current account (% GDP),2019,-0.779998447561848
AR,Argentina,BN.CAB.XOKA.GD.ZS,Current account (% GDP),2018,-5.16055257152295
AR,Argentina,BN.CAB.XOKA.GD.ZS,Current account (% GDP),2017,-4.83995921807391
AR,Argentina,BN.CAB.XOKA.GD.ZS,Current account (% GDP),2016,-2.70922168361454
AR,Argentina,BN.CAB.XOKA.GD.ZS,Current account (% GDP),2015,-2.96292666513534
AU,Australia,BN.CAB.XOKA.GD.ZS,Current account (% GDP),2024,-2.3075014713626
AU,Australia,BN.CAB.XOKA.GD.ZS,Current account (% GDP),2023,-0.433071259302467
AU,Australia,BN.CAB.XOKA.GD.ZS,Current account (% GDP),2022,0.254202501603949
AU,Australia,BN.CAB.XOKA.GD.ZS,Current account (% GDP),2021,2.44729769999574
AU,Australia,BN.CAB.XOKA.GD.ZS,Current account (% GDP),2020,1.64272242623869
AU,Australia,BN.CAB.XOKA.GD.ZS,Current account (% GDP),2019,-0.0757460083721145
AU,Australia,BN.CAB.XOKA.GD.ZS,Current account (% GDP),2018,-2.58947975974169
AU,Australia,BN.CAB.XOKA.GD.ZS,Current account (% GDP),2017,-3.00525814878872
AU,Australia,BN.CAB.XOKA.GD.ZS,Current account (% GDP),2016,-3.60213104879027
AU,Australia,BN.CAB.XOKA.GD.ZS,Current account (% GDP),2015,-4.2950643949091
BR,Brazil,BN.CAB.XOKA.GD.ZS,Current account (% GDP),2024,-2.9880142706208
BR,Brazil,BN.CAB.XOKA.GD.ZS,Current account (% GDP),2023,-1.23139445763703
BR,Brazil,BN.CAB.XOKA.GD.ZS,Current account (% GDP),2022,-2.14967698505073
BR,Brazil,BN.CAB.XOKA.GD.ZS,Current account (% GDP),2021,-2.35822097223117
BR,Brazil,BN.CAB.XOKA.GD.ZS,Current account (% GDP),2020,-1.64103541830151
BR,Brazil,BN.CAB.XOKA.GD.ZS,Current account (% GDP),2019,-3.41429103072781
BR,Brazil,BN.CAB.XOKA.GD.ZS,Current account (% GDP),2018,-2.80752008594698
BR,Brazil,BN.CAB.XOKA.GD.ZS,Current account (% GDP),2017,-1.22429925769002
BR,Brazil,BN.CAB.XOKA.GD.ZS,Current account (% GDP),2016,-1.700113396765
BR,Brazil,BN.CAB.XOKA.GD.ZS,Current account (% GDP),2015,-3.51839166799859
CL,Chile,BN.CAB.XOKA.GD.ZS,Current account (% GDP),2024,-1.16817210444884
CL,Chile,BN.CAB.XOKA.GD.ZS,Current account (% GDP),2023,-3.10428872521174
CL,Chile,BN.CAB.XOKA.GD.ZS,Current account (% GDP),2022,-8.87430060140152
CL,Chile,BN.CAB.XOKA.GD.ZS,Current account (% GDP),2021,-7.29452522459608
CL,Chile,BN.CAB.XOKA.GD.ZS,Current account (% GDP),2020,-1.96248572878056
CL,Chile,BN.CAB.XOKA.GD.ZS,Current account (% GDP),2019,-5.21201190646601
CL,Chile,BN.CAB.XOKA.GD.ZS,Current account (% GDP),2018,-4.48367554777816
CL,Chile,BN.CAB.XOKA.GD.ZS,Current account (% GDP),2017,-2.75779980852367
CL,Chile,BN.CAB.XOKA.GD.ZS,Current account (% GDP),2016,-2.62065852365988
CL,Chile,BN.CAB.XOKA.GD.ZS,Current account (% GDP),2015,-2.73506821605392
CN,China,BN.CAB.XOKA.GD.ZS,Current account (% GDP),2024,2.46818591485776
CN,China,BN.CAB.XOKA.GD.ZS,Current account (% GDP),2023,1.40681103517507
CN,China,BN.CAB.XOKA.GD.ZS,Current account (% GDP),2022,2.20640460953834
CN,China,BN.CAB.XOKA.GD.ZS,Current account (% GDP),2021,1.6339546037037
CN,China,BN.CAB.XOKA.GD.ZS,Current account (% GDP),2020,1.49179592498582
CN,China,BN.CAB.XOKA.GD.ZS,Current account (% GDP),2019,0.619961080716059
CN,China,BN.CAB.XOKA.GD.ZS,Current account (% GDP),2018,0.170563391928727
CN,China,BN.CAB.XOKA.GD.ZS,Current account (% GDP),2017,1.50488723669316
CN,China,BN.CAB.XOKA.GD.ZS,Current account (% GDP),2016,1.67018709565352
CN,China,BN.CAB.XOKA.GD.ZS,Current account (% GDP),2015,2.59752794949746
CO,Colombia,BN.CAB.XOKA.GD.ZS,Current account (% GDP),2024,-1.66760721722233
CO,Colombia,BN.CAB.XOKA.GD.ZS,Current account (% GDP),2023,-2.26762349420469
CO,Colombia,BN.CAB.XOKA.GD.ZS,Current account (% GDP),2022,-6.04054199360168
CO,Colombia,BN.CAB.XOKA.GD.ZS,Current account (% GDP),2021,-5.6351694946032
CO,Colombia,BN.CAB.XOKA.GD.ZS,Current account (% GDP),2020,-3.42772945914236
CO,Colombia,BN.CAB.XOKA.GD.ZS,Current account (% GDP),2019,-4.5842751726606
CO,Colombia,BN.CAB.XOKA.GD.ZS,Current account (% GDP),2018,-4.20138344687969
CO,Colombia,BN.CAB.XOKA.GD.ZS,Current account (% GDP),2017,-3.18224191114871
CO,Colombia,BN.CAB.XOKA.GD.ZS,Current account (% GDP),2016,-4.4519506775159
CO,Colombia,BN.CAB.XOKA.GD.ZS,Current account (% GDP),2015,-6.3723044223088
CZ,Czechia,BN.CAB.XOKA.GD.ZS,Current account (% GDP),2024,1.69610102238123
CZ,Czechia,BN.CAB.XOKA.GD.ZS,Current account (% GDP),2023,-0.125406557037842
CZ,Czechia,BN.CAB.XOKA.GD.ZS,Current account (% GDP),2022,-4.52048439437013
CZ,Czechia,BN.CAB.XOKA.GD.ZS,Current account (% GDP),2021,-2.04624111898244
CZ,Czechia,BN.CAB.XOKA.GD.ZS,Current account (% GDP),2020,1.78520080795831
CZ,Czechia,BN.CAB.XOKA.GD.ZS,Current account (% GDP),2019,0.356195094422181
CZ,Czechia,BN.CAB.XOKA.GD.ZS,Current account (% GDP),2018,0.451859774047593
CZ,Czechia,BN.CAB.XOKA.GD.ZS,Current account (% GDP),2017,1.35301705500194
CZ,Czechia,BN.CAB.XOKA.GD.ZS,Current account (% GDP),2016,1.74734921729713
CZ,Czechia,BN.CAB.XOKA.GD.ZS,Current account (% GDP),2015,0.446971205922034
DE,Germany,BN.CAB.XOKA.GD.ZS,Current account (% GDP),2024,5.89380863529108
DE,Germany,BN.CAB.XOKA.GD.ZS,Current account (% GDP),2023,5.50327392607703
DE,Germany,BN.CAB.XOKA.GD.ZS,Current account (% GDP),2022,4.11376375249819
DE,Germany,BN.CAB.XOKA.GD.ZS,Current account (% GDP),2021,6.92006966375342
DE,Germany,BN.CAB.XOKA.GD.ZS,Current account (% GDP),2020,6.34782686016016
DE,Germany,BN.CAB.XOKA.GD.ZS,Current account (% GDP),2019,7.87471222403173
DE,Germany,BN.CAB.XOKA.GD.ZS,Current account (% GDP),2018,8.43761219902204
DE,Germany,BN.CAB.XOKA.GD.ZS,Current account (% GDP),2017,8.07873526112888
DE,Germany,BN.CAB.XOKA.GD.ZS,Current account (% GDP),2016,8.90236036837271
DE,Germany,BN.CAB.XOKA.GD.ZS,Current account (% GDP),2015,8.09671429040112
EG,"Egypt, Arab Rep.",BN.CAB.XOKA.GD.ZS,Current account (% GDP),2024,-5.68596234093524
EG,"Egypt, Arab Rep.",BN.CAB.XOKA.GD.ZS,Current account (% GDP),2023,-3.17338763053558
EG,"Egypt, Arab Rep.",BN.CAB.XOKA.GD.ZS,Current account (% GDP),2022,-2.2100904275198
EG,"Egypt, Arab Rep.",BN.CAB.XOKA.GD.ZS,Current account (% GDP),2021,-4.38240299812001
EG,"Egypt, Arab Rep.",BN.CAB.XOKA.GD.ZS,Current account (% GDP),2020,-3.70903990583375
EG,"Egypt, Arab Rep.",BN.CAB.XOKA.GD.ZS,Current account (% GDP),2019,-3.20758543154938
EG,"Egypt, Arab Rep.",BN.CAB.XOKA.GD.ZS,Current account (% GDP),2018,-2.93164483711978
EG,"Egypt, Arab Rep.",BN.CAB.XOKA.GD.ZS,Current account (% GDP),2017,-3.19681566782461
EG,"Egypt, Arab Rep.",BN.CAB.XOKA.GD.ZS,Current account (% GDP),2016,-6.16465951871263
EG,"Egypt, Arab Rep.",BN.CAB.XOKA.GD.ZS,Current account (% GDP),2015,-5.23529137853431
FR,France,BN.CAB.XOKA.GD.ZS,Current account (% GDP),2024,0.0851279883251641
FR,France,BN.CAB.XOKA.GD.ZS,Current account (% GDP),2023,-1.04301703799496
FR,France,BN.CAB.XOKA.GD.ZS,Current account (% GDP),2022,-1.43234855251881
FR,France,BN.CAB.XOKA.GD.ZS,Current account (% GDP),2021,0.244238511780543
FR,France,BN.CAB.XOKA.GD.ZS,Current account (% GDP),2020,-2.00313613657686
FR,France,BN.CAB.XOKA.GD.ZS,Current account (% GDP),2019,0.587362764575748
FR,France,BN.CAB.XOKA.GD.ZS,Current account (% GDP),2018,-0.735670615255372
FR,France,BN.CAB.XOKA.GD.ZS,Current account (% GDP),2017,-0.47461518521567
FR,France,BN.CAB.XOKA.GD.ZS,Current account (% GDP),2016,-0.538632351885894
FR,France,BN.CAB.XOKA.GD.ZS,Current account (% GDP),2015,-0.334528437032909
GB,United Kingdom,BN.CAB.XOKA.GD.ZS,Current account (% GDP),2024,-2.95960422411904
GB,United Kingdom,BN.CAB.XOKA.GD.ZS,Current account (% GDP),2023,-3.57676183842871
GB,United Kingdom,BN.CAB.XOKA.GD.ZS,Current account (% GDP),2022,-2.06737101121871
GB,United Kingdom,BN.CAB.XOKA.GD.ZS,Current account (% GDP),2021,-0.752836357784013
GB,United Kingdom,BN.CAB.XOKA.GD.ZS,Current account (% GDP),2020,-2.92883387550299
GB,United Kingdom,BN.CAB.XOKA.GD.ZS,Current account (% GDP),2019,-2.66245642145608
GB,United Kingdom,BN.CAB.XOKA.GD.ZS,Current account (% GDP),2018,-3.88728858372976
GB,United Kingdom,BN.CAB.XOKA.GD.ZS,Current account (% GDP),2017,-3.47326460218152
GB,United Kingdom,BN.CAB.XOKA.GD.ZS,Current account (% GDP),2016,-5.46283821927875
GB,United Kingdom,BN.CAB.XOKA.GD.ZS,Current account (% GDP),2015,-4.91700489264857
HU,Hungary,BN.CAB.XOKA.GD.ZS,Current account (% GDP),2024,1.84213300452467
HU,Hungary,BN.CAB.XOKA.GD.ZS,Current account (% GDP),2023,-0.00798002024458191
HU,Hungary,BN.CAB.XOKA.GD.ZS,Current account (% GDP),2022,-8.78389100676721
HU,Hungary,BN.CAB.XOKA.GD.ZS,Current account (% GDP),2021,-4.28505680487642
HU,Hungary,BN.CAB.XOKA.GD.ZS,Current account (% GDP),2020,-1.03428088875148
HU,Hungary,BN.CAB.XOKA.GD.ZS,Current account (% GDP),2019,-0.606737568975121
HU,Hungary,BN.CAB.XOKA.GD.ZS,Current account (% GDP),2018,0.340906702488933
HU,Hungary,BN.CAB.XOKA.GD.ZS,Current account (% GDP),2017,1.71954655139942
HU,Hungary,BN.CAB.XOKA.GD.ZS,Current account (% GDP),2016,4.40234047330024
HU,Hungary,BN.CAB.XOKA.GD.ZS,Current account (% GDP),2015,2.11856059497338
ID,Indonesia,BN.CAB.XOKA.GD.ZS,Current account (% GDP),2024,-0.614730078804115
ID,Indonesia,BN.CAB.XOKA.GD.ZS,Current account (% GDP),2023,-0.148899596516736
ID,Indonesia,BN.CAB.XOKA.GD.ZS,Current account (% GDP),2022,1.00182875104005
ID,Indonesia,BN.CAB.XOKA.GD.ZS,Current account (% GDP),2021,0.295885914526078
ID,Indonesia,BN.CAB.XOKA.GD.ZS,Current account (% GDP),2020,-0.418606247736126
ID,Indonesia,BN.CAB.XOKA.GD.ZS,Current account (% GDP),2019,-2.7056619813955
ID,Indonesia,BN.CAB.XOKA.GD.ZS,Current account (% GDP),2018,-2.93907291477017
ID,Indonesia,BN.CAB.XOKA.GD.ZS,Current account (% GDP),2017,-1.59465689989364
ID,Indonesia,BN.CAB.XOKA.GD.ZS,Current account (% GDP),2016,-1.81915089251384
ID,Indonesia,BN.CAB.XOKA.GD.ZS,Current account (% GDP),2015,-2.03504192745969
IN,India,BN.CAB.XOKA.GD.ZS,Current account (% GDP),2024,-0.851289719084462
IN,India,BN.CAB.XOKA.GD.ZS,Current account (% GDP),2023,-0.912777939495827
IN,India,BN.CAB.XOKA.GD.ZS,Current account (% GDP),2022,-2.43238270956779
IN,India,BN.CAB.XOKA.GD.ZS,Current account (% GDP),2021,-1.05524166809383
IN,India,BN.CAB.XOKA.GD.ZS,Current account (% GDP),2020,1.22362111042791
IN,India,BN.CAB.XOKA.GD.ZS,Current account (% GDP),2019,-1.04961203910072
IN,India,BN.CAB.XOKA.GD.ZS,Current account (% GDP),2018,-2.42697545810527
IN,India,BN.CAB.XOKA.GD.ZS,Current account (% GDP),2017,-1.43948820320989
IN,India,BN.CAB.XOKA.GD.ZS,Current account (% GDP),2016,-0.52788060603752
IN,India,BN.CAB.XOKA.GD.ZS,Current account (% GDP),2015,-1.06754907167965
JO,Jordan,BN.CAB.XOKA.GD.ZS,Current account (% GDP),2024,-5.33366328480029
JO,Jordan,BN.CAB.XOKA.GD.ZS,Current account (% GDP),2023,-3.25589967062863
JO,Jordan,BN.CAB.XOKA.GD.ZS,Current account (% GDP),2022,-7.39189539188183
JO,Jordan,BN.CAB.XOKA.GD.ZS,Current account (% GDP),2021,-7.33213017137509
JO,Jordan,BN.CAB.XOKA.GD.ZS,Current account (% GDP),2020,-5.22619044169868
JO,Jordan,BN.CAB.XOKA.GD.ZS,Current account (% GDP),2019,-1.58889950651918
JO,Jordan,BN.CAB.XOKA.GD.ZS,Current account (% GDP),2018,-6.24582575623598
JO,Jordan,BN.CAB.XOKA.GD.ZS,Current account (% GDP),2017,-9.64699161865138
JO,Jordan,BN.CAB.XOKA.GD.ZS,Current account (% GDP),2016,-8.81657895710529
JO,Jordan,BN.CAB.XOKA.GD.ZS,Current account (% GDP),2015,-8.18461267567615
JP,Japan,BN.CAB.XOKA.GD.ZS,Current account (% GDP),2024,4.62202410018024
JP,Japan,BN.CAB.XOKA.GD.ZS,Current account (% GDP),2023,3.61127531871255
JP,Japan,BN.CAB.XOKA.GD.ZS,Current account (% GDP),2022,2.0281112293848
JP,Japan,BN.CAB.XOKA.GD.ZS,Current account (% GDP),2021,3.76057343034324
JP,Japan,BN.CAB.XOKA.GD.ZS,Current account (% GDP),2020,2.8911777788158
JP,Japan,BN.CAB.XOKA.GD.ZS,Current account (% GDP),2019,3.36672218972423
JP,Japan,BN.CAB.XOKA.GD.ZS,Current account (% GDP),2018,3.43924007536728
JP,Japan,BN.CAB.XOKA.GD.ZS,Current account (% GDP),2017,4.03254042163651
JP,Japan,BN.CAB.XOKA.GD.ZS,Current account (% GDP),2016,3.85588282294837
JP,Japan,BN.CAB.XOKA.GD.ZS,Current account (% GDP),2015,3.00967361767901
KE,Kenya,BN.CAB.XOKA.GD.ZS,Current account (% GDP),2024,-1.28724447407872
KE,Kenya,BN.CAB.XOKA.GD.ZS,Current account (% GDP),2023,-2.54552534327702
KE,Kenya,BN.CAB.XOKA.GD.ZS,Current account (% GDP),2022,-4.19995258299621
KE,Kenya,BN.CAB.XOKA.GD.ZS,Current account (% GDP),2021,-4.59900811539261
KE,Kenya,BN.CAB.XOKA.GD.ZS,Current account (% GDP),2020,-3.2691100706529
KE,Kenya,BN.CAB.XOKA.GD.ZS,Current account (% GDP),2019,-5.23852935907811
KE,Kenya,BN.CAB.XOKA.GD.ZS,Current account (% GDP),2018,-5.41106679141752
KE,Kenya,BN.CAB.XOKA.GD.ZS,Current account (% GDP),2017,-6.99683322084959
KE,Kenya,BN.CAB.XOKA.GD.ZS,Current account (% GDP),2016,-5.3970086381703
KE,Kenya,BN.CAB.XOKA.GD.ZS,Current account (% GDP),2015,-6.30459656347733
MA,Morocco,BN.CAB.XOKA.GD.ZS,Current account (% GDP),2024,-1.23072108998601
MA,Morocco,BN.CAB.XOKA.GD.ZS,Current account (% GDP),2023,-1.04767760599469
MA,Morocco,BN.CAB.XOKA.GD.ZS,Current account (% GDP),2022,-3.6574911910038
MA,Morocco,BN.CAB.XOKA.GD.ZS,Current account (% GDP),2021,-2.35786783699057
MA,Morocco,BN.CAB.XOKA.GD.ZS,Current account (% GDP),2020,-1.1275993199651
MA,Morocco,BN.CAB.XOKA.GD.ZS,Current account (% GDP),2019,-3.4182057355437
MA,Morocco,BN.CAB.XOKA.GD.ZS,Current account (% GDP),2018,-4.87290163435469
MA,Morocco,BN.CAB.XOKA.GD.ZS,Current account (% GDP),2017,-3.10210665362039
MA,Morocco,BN.CAB.XOKA.GD.ZS,Current account (% GDP),2016,-3.74613174513
MA,Morocco,BN.CAB.XOKA.GD.ZS,Current account (% GDP),2015,-1.95690775142638
MX,Mexico,BN.CAB.XOKA.GD.ZS,Current account (% GDP),2024,-0.912091864173097
MX,Mexico,BN.CAB.XOKA.GD.ZS,Current account (% GDP),2023,-0.699077082003633
MX,Mexico,BN.CAB.XOKA.GD.ZS,Current account (% GDP),2022,-1.27426718190487
MX,Mexico,BN.CAB.XOKA.GD.ZS,Current account (% GDP),2021,-0.340708629738092
MX,Mexico,BN.CAB.XOKA.GD.ZS,Current account (% GDP),2020,2.39710320563074
MX,Mexico,BN.CAB.XOKA.GD.ZS,Current account (% GDP),2019,-0.296844402020911
MX,Mexico,BN.CAB.XOKA.GD.ZS,Current account (% GDP),2018,-2.06414074440499
MX,Mexico,BN.CAB.XOKA.GD.ZS,Current account (% GDP),2017,-1.79746290782777
MX,Mexico,BN.CAB.XOKA.GD.ZS,Current account (% GDP),2016,-2.27311198277187
MX,Mexico,BN.CAB.XOKA.GD.ZS,Current account (% GDP),2015,-2.59917628224106
MY,Malaysia,BN.CAB.XOKA.GD.ZS,Current account (% GDP),2024,1.69342393177115
MY,Malaysia,BN.CAB.XOKA.GD.ZS,Current account (% GDP),2023,1.56447203150546
MY,Malaysia,BN.CAB.XOKA.GD.ZS,Current account (% GDP),2022,3.1234711057235
MY,Malaysia,BN.CAB.XOKA.GD.ZS,Current account (% GDP),2021,3.87747951420626
MY,Malaysia,BN.CAB.XOKA.GD.ZS,Current account (% GDP),2020,4.18956779359845
MY,Malaysia,BN.CAB.XOKA.GD.ZS,Current account (% GDP),2019,3.50388669683419
MY,Malaysia,BN.CAB.XOKA.GD.ZS,Current account (% GDP),2018,2.23708206947011
MY,Malaysia,BN.CAB.XOKA.GD.ZS,Current account (% GDP),2017,2.807870911226
MY,Malaysia,BN.CAB.XOKA.GD.ZS,Current account (% GDP),2016,2.36768591329055
MY,Malaysia,BN.CAB.XOKA.GD.ZS,Current account (% GDP),2015,3.00891850128321
NG,Nigeria,BN.CAB.XOKA.GD.ZS,Current account (% GDP),2024,7.5441345734549
NG,Nigeria,BN.CAB.XOKA.GD.ZS,Current account (% GDP),2023,1.31788745938512
NG,Nigeria,BN.CAB.XOKA.GD.ZS,Current account (% GDP),2022,0.15744623858689
NG,Nigeria,BN.CAB.XOKA.GD.ZS,Current account (% GDP),2021,-0.534215770600622
NG,Nigeria,BN.CAB.XOKA.GD.ZS,Current account (% GDP),2020,-2.67061135743947
NG,Nigeria,BN.CAB.XOKA.GD.ZS,Current account (% GDP),2019,-2.04801100744941
NG,Nigeria,BN.CAB.XOKA.GD.ZS,Current account (% GDP),2018,1.72693303668361
NG,Nigeria,BN.CAB.XOKA.GD.ZS,Current account (% GDP),2017,3.60982550121524
NG,Nigeria,BN.CAB.XOKA.GD.ZS,Current account (% GDP),2016,1.25472098152786
NG,Nigeria,BN.CAB.XOKA.GD.ZS,Current account (% GDP),2015,-3.13140101186134
PE,Peru,BN.CAB.XOKA.GD.ZS,Current account (% GDP),2024,2.38859228781391
PE,Peru,BN.CAB.XOKA.GD.ZS,Current account (% GDP),2023,0.480962420777884
PE,Peru,BN.CAB.XOKA.GD.ZS,Current account (% GDP),2022,-4.08676202376085
PE,Peru,BN.CAB.XOKA.GD.ZS,Current account (% GDP),2021,-2.29896613499338
PE,Peru,BN.CAB.XOKA.GD.ZS,Current account (% GDP),2020,0.657151815147808
PE,Peru,BN.CAB.XOKA.GD.ZS,Current account (% GDP),2019,-0.727870000015783
PE,Peru,BN.CAB.XOKA.GD.ZS,Current account (% GDP),2018,-1.28150267165616
PE,Peru,BN.CAB.XOKA.GD.ZS,Current account (% GDP),2017,-1.11176847186392
PE,Peru,BN.CAB.XOKA.GD.ZS,Current account (% GDP),2016,-2.42132634833473
PE,Peru,BN.CAB.XOKA.GD.ZS,Current account (% GDP),2015,-4.77973128045252
PH,Philippines,BN.CAB.XOKA.GD.ZS,Current account (% GDP),2024,-4.0212789718349
PH,Philippines,BN.CAB.XOKA.GD.ZS,Current account (% GDP),2023,-2.834121138482
PH,Philippines,BN.CAB.XOKA.GD.ZS,Current account (% GDP),2022,-4.51605763317134
PH,Philippines,BN.CAB.XOKA.GD.ZS,Current account (% GDP),2021,-1.50797765976295
PH,Philippines,BN.CAB.XOKA.GD.ZS,Current account (% GDP),2020,3.20065009232565
PH,Philippines,BN.CAB.XOKA.GD.ZS,Current account (% GDP),2019,-0.808557862529767
PH,Philippines,BN.CAB.XOKA.GD.ZS,Current account (% GDP),2018,-2.55939306312468
PH,Philippines,BN.CAB.XOKA.GD.ZS,Current account (% GDP),2017,-0.652387929422697
PH,Philippines,BN.CAB.XOKA.GD.ZS,Current account (% GDP),2016,-0.376262661565376
PH,Philippines,BN.CAB.XOKA.GD.ZS,Current account (% GDP),2015,2.37094985955594
PL,Poland,BN.CAB.XOKA.GD.ZS,Current account (% GDP),2024,0.30454349270969
PL,Poland,BN.CAB.XOKA.GD.ZS,Current account (% GDP),2023,1.53683077845046
PL,Poland,BN.CAB.XOKA.GD.ZS,Current account (% GDP),2022,-2.27455866454271
PL,Poland,BN.CAB.XOKA.GD.ZS,Current account (% GDP),2021,-1.30156521580162
PL,Poland,BN.CAB.XOKA.GD.ZS,Current account (% GDP),2020,2.39835922164097
PL,Poland,BN.CAB.XOKA.GD.ZS,Current account (% GDP),2019,-0.272945793712772
PL,Poland,BN.CAB.XOKA.GD.ZS,Current account (% GDP),2018,-1.96597258830492
PL,Poland,BN.CAB.XOKA.GD.ZS,Current account (% GDP),2017,-1.18631971999704
PL,Poland,BN.CAB.XOKA.GD.ZS,Current account (% GDP),2016,-1.06875798055693
PL,Poland,BN.CAB.XOKA.GD.ZS,Current account (% GDP),2015,-1.3254755565429
QA,Qatar,BN.CAB.XOKA.GD.ZS,Current account (% GDP),2024,17.5152925396793
QA,Qatar,BN.CAB.XOKA.GD.ZS,Current account (% GDP),2023,17.1136863378173
QA,Qatar,BN.CAB.XOKA.GD.ZS,Current account (% GDP),2022,26.7778361978623
QA,Qatar,BN.CAB.XOKA.GD.ZS,Current account (% GDP),2021,14.6435967825643
QA,Qatar,BN.CAB.XOKA.GD.ZS,Current account (% GDP),2020,-2.06750647346493
QA,Qatar,BN.CAB.XOKA.GD.ZS,Current account (% GDP),2019,2.41529709778
QA,Qatar,BN.CAB.XOKA.GD.ZS,Current account (% GDP),2018,9.08293669883969
QA,Qatar,BN.CAB.XOKA.GD.ZS,Current account (% GDP),2017,3.98856887721847
QA,Qatar,BN.CAB.XOKA.GD.ZS,Current account (% GDP),2016,-5.45006694867961
QA,Qatar,BN.CAB.XOKA.GD.ZS,Current account (% GDP),2015,8.50181028353524
RO,Romania,BN.CAB.XOKA.GD.ZS,Current account (% GDP),2024,-8.16757110224326
RO,Romania,BN.CAB.XOKA.GD.ZS,Current account (% GDP),2023,-7.03377443891132
RO,Romania,BN.CAB.XOKA.GD.ZS,Current account (% GDP),2022,-9.25302809964964
RO,Romania,BN.CAB.XOKA.GD.ZS,Current account (% GDP),2021,-7.21432085371446
RO,Romania,BN.CAB.XOKA.GD.ZS,Current account (% GDP),2020,-5.14044816549564
RO,Romania,BN.CAB.XOKA.GD.ZS,Current account (% GDP),2019,-4.86977887140916
RO,Romania,BN.CAB.XOKA.GD.ZS,Current account (% GDP),2018,-4.60748728741797
RO,Romania,BN.CAB.XOKA.GD.ZS,Current account (% GDP),2017,-3.19415712159883
RO,Romania,BN.CAB.XOKA.GD.ZS,Current account (% GDP),2016,-2.10324885883263
RO,Romania,BN.CAB.XOKA.GD.ZS,Current account (% GDP),2015,-0.637491637323502
RU,Russian Federation,BN.CAB.XOKA.GD.ZS,Current account (% GDP),2024,2.85909027069263
RU,Russian Federation,BN.CAB.XOKA.GD.ZS,Current account (% GDP),2023,2.41395767974471
RU,Russian Federation,BN.CAB.XOKA.GD.ZS,Current account (% GDP),2022,10.370132157734
RU,Russian Federation,BN.CAB.XOKA.GD.ZS,Current account (% GDP),2021,6.83107025995823
RU,Russian Federation,BN.CAB.XOKA.GD.ZS,Current account (% GDP),2020,2.36911533657246
RU,Russian Federation,BN.CAB.XOKA.GD.ZS,Current account (% GDP),2019,3.87612476973049
RU,Russian Federation,BN.CAB.XOKA.GD.ZS,Current account (% GDP),2018,6.97989872935135
RU,Russian Federation,BN.CAB.XOKA.GD.ZS,Current account (% GDP),2017,2.04412673615753
RU,Russian Federation,BN.CAB.XOKA.GD.ZS,Current account (% GDP),2016,1.91643731021353
RU,Russian Federation,BN.CAB.XOKA.GD.ZS,Current account (% GDP),2015,4.97088857375125
SA,Saudi Arabia,BN.CAB.XOKA.GD.ZS,Current account (% GDP),2024,-1.29603148573183
SA,Saudi Arabia,BN.CAB.XOKA.GD.ZS,Current account (% GDP),2023,2.12936729495784
SA,Saudi Arabia,BN.CAB.XOKA.GD.ZS,Current account (% GDP),2022,11.7294510759777
SA,Saudi Arabia,BN.CAB.XOKA.GD.ZS,Current account (% GDP),2021,4.5697627196532
SA,Saudi Arabia,BN.CAB.XOKA.GD.ZS,Current account (% GDP),2020,-4.51692116727614
SA,Saudi Arabia,BN.CAB.XOKA.GD.ZS,Current account (% GDP),2019,3.64484004485364
SA,Saudi Arabia,BN.CAB.XOKA.GD.ZS,Current account (% GDP),2018,7.89890750977747
SA,Saudi Arabia,BN.CAB.XOKA.GD.ZS,Current account (% GDP),2017,1.2254608961689
SA,Saudi Arabia,BN.CAB.XOKA.GD.ZS,Current account (% GDP),2016,-3.91268584311643
SA,Saudi Arabia,BN.CAB.XOKA.GD.ZS,Current account (% GDP),2015,-7.93818281494484
TH,Thailand,BN.CAB.XOKA.GD.ZS,Current account (% GDP),2024,2.19482817825998
TH,Thailand,BN.CAB.XOKA.GD.ZS,Current account (% GDP),2023,1.64003832144024
TH,Thailand,BN.CAB.XOKA.GD.ZS,Current account (% GDP),2022,-3.42866250197224
TH,Thailand,BN.CAB.XOKA.GD.ZS,Current account (% GDP),2021,-2.14183455857728
TH,Thailand,BN.CAB.XOKA.GD.ZS,Current account (% GDP),2020,4.1441730948501
TH,Thailand,BN.CAB.XOKA.GD.ZS,Current account (% GDP),2019,7.04854832033554
TH,Thailand,BN.CAB.XOKA.GD.ZS,Current account (% GDP),2018,5.61986314598972
TH,Thailand,BN.CAB.XOKA.GD.ZS,Current account (% GDP),2017,9.63103019182141
TH,Thailand,BN.CAB.XOKA.GD.ZS,Current account (% GDP),2016,10.5083543932086
TH,Thailand,BN.CAB.XOKA.GD.ZS,Current account (% GDP),2015,6.91581517168623
TN,Tunisia,BN.CAB.XOKA.GD.ZS,Current account (% GDP),2024,-1.50801033952852
TN,Tunisia,BN.CAB.XOKA.GD.ZS,Current account (% GDP),2023,-2.30371483601794
TN,Tunisia,BN.CAB.XOKA.GD.ZS,Current account (% GDP),2022,-8.83429553808937
TN,Tunisia,BN.CAB.XOKA.GD.ZS,Current account (% GDP),2021,-5.88456562547468
TN,Tunisia,BN.CAB.XOKA.GD.ZS,Current account (% GDP),2020,-6.01234016088557
TN,Tunisia,BN.CAB.XOKA.GD.ZS,Current account (% GDP),2019,-8.04912453318917
TN,Tunisia,BN.CAB.XOKA.GD.ZS,Current account (% GDP),2018,-10.7946228980082
TN,Tunisia,BN.CAB.XOKA.GD.ZS,Current account (% GDP),2017,-10.0143611259515
TN,Tunisia,BN.CAB.XOKA.GD.ZS,Current account (% GDP),2016,-8.52887305480808
TN,Tunisia,BN.CAB.XOKA.GD.ZS,Current account (% GDP),2015,-8.57094815049074
TR,Turkiye,BN.CAB.XOKA.GD.ZS,Current account (% GDP),2024,-0.766008235540632
TR,Turkiye,BN.CAB.XOKA.GD.ZS,Current account (% GDP),2023,-3.63367003503212
TR,Turkiye,BN.CAB.XOKA.GD.ZS,Current account (% GDP),2022,-4.99763806227356
TR,Turkiye,BN.CAB.XOKA.GD.ZS,Current account (% GDP),2021,-0.74064931592423
TR,Turkiye,BN.CAB.XOKA.GD.ZS,Current account (% GDP),2020,-4.22284721473811
TR,Turkiye,BN.CAB.XOKA.GD.ZS,Current account (% GDP),2019,1.9351600379275
TR,Turkiye,BN.CAB.XOKA.GD.ZS,Current account (% GDP),2018,-1.85233343060557
TR,Turkiye,BN.CAB.XOKA.GD.ZS,Current account (% GDP),2017,-4.06783613710293
TR,Turkiye,BN.CAB.XOKA.GD.ZS,Current account (% GDP),2016,-2.54530792537505
TR,Turkiye,BN.CAB.XOKA.GD.ZS,Current account (% GDP),2015,-2.46735825450658
US,United States,BN.CAB.XOKA.GD.ZS,Current account (% GDP),2024,-4.04564637199117
US,United States,BN.CAB.XOKA.GD.ZS,Current account (% GDP),2023,-3.33680827263036
US,United States,BN.CAB.XOKA.GD.ZS,Current account (% GDP),2022,-3.81177015326345
US,United States,BN.CAB.XOKA.GD.ZS,Current account (% GDP),2021,-3.61901225446136
US,United States,BN.CAB.XOKA.GD.ZS,Current account (% GDP),2020,-2.77659039897534
US,United States,BN.CAB.XOKA.GD.ZS,Current account (% GDP),2019,-2.05182158462342
US,United States,BN.CAB.XOKA.GD.ZS,Current account (% GDP),2018,-2.12518413076048
US,United States,BN.CAB.XOKA.GD.ZS,Current account (% GDP),2017,-1.87442427129943
US,United States,BN.CAB.XOKA.GD.ZS,Current account (% GDP),2016,-2.10699725119707
US,United States,BN.CAB.XOKA.GD.ZS,Current account (% GDP),2015,-2.2325584903738
VN,Viet Nam,BN.CAB.XOKA.GD.ZS,Current account (% GDP),2024,6.33496605552948
VN,Viet Nam,BN.CAB.XOKA.GD.ZS,Current account (% GDP),2023,5.94575853346696
VN,Viet Nam,BN.CAB.XOKA.GD.ZS,Current account (% GDP),2022,0.339101746979362
VN,Viet Nam,BN.CAB.XOKA.GD.ZS,Current account (% GDP),2021,-1.26284279203588
VN,Viet Nam,BN.CAB.XOKA.GD.ZS,Current account (% GDP),2020,4.34486906553373
VN,Viet Nam,BN.CAB.XOKA.GD.ZS,Current account (% GDP),2019,3.91824395534243
VN,Viet Nam,BN.CAB.XOKA.GD.ZS,Current account (% GDP),2018,1.90236367538642
VN,Viet Nam,BN.CAB.XOKA.GD.ZS,Current account (% GDP),2017,-0.586095207209378
VN,Viet Nam,BN.CAB.XOKA.GD.ZS,Current account (% GDP),2016,0.243099852637275
VN,Viet Nam,BN.CAB.XOKA.GD.ZS,Current account (% GDP),2015,-0.853052854546214
ZA,South Africa,BN.CAB.XOKA.GD.ZS,Current account (% GDP),2024,-0.64279979707505
ZA,South Africa,BN.CAB.XOKA.GD.ZS,Current account (% GDP),2023,-1.10356312207881
ZA,South Africa,BN.CAB.XOKA.GD.ZS,Current account (% GDP),2022,-0.296182598127432
ZA,South Africa,BN.CAB.XOKA.GD.ZS,Current account (% GDP),2021,3.7724136934501
ZA,South Africa,BN.CAB.XOKA.GD.ZS,Current account (% GDP),2020,2.00352275153333
ZA,South Africa,BN.CAB.XOKA.GD.ZS,Current account (% GDP),2019,-2.6199906748304
ZA,South Africa,BN.CAB.XOKA.GD.ZS,Current account (% GDP),2018,-3.00051939426576
ZA,South Africa,BN.CAB.XOKA.GD.ZS,Current account (% GDP),2017,-2.37436753188649
ZA,South Africa,BN.CAB.XOKA.GD.ZS,Current account (% GDP),2016,-2.63361451678797
ZA,South Africa,BN.CAB.XOKA.GD.ZS,Current account (% GDP),2015,-4.31028688643789
AU,Australia,GC.DOD.TOTL.GD.ZS,Central govt debt (% GDP),2022,57.8834285733848
AU,Australia,GC.DOD.TOTL.GD.ZS,Central govt debt (% GDP),2021,69.836773674895
AU,Australia,GC.DOD.TOTL.GD.ZS,Central govt debt (% GDP),2020,69.0656538994855
AU,Australia,GC.DOD.TOTL.GD.ZS,Central govt debt (% GDP),2019,59.9837867004913
AU,Australia,GC.DOD.TOTL.GD.ZS,Central govt debt (% GDP),2018,54.3001380799371
AU,Australia,GC.DOD.TOTL.GD.ZS,Central govt debt (% GDP),2017,53.1037976577229
AU,Australia,GC.DOD.TOTL.GD.ZS,Central govt debt (% GDP),2016,54.463570652249
AU,Australia,GC.DOD.TOTL.GD.ZS,Central govt debt (% GDP),2015,46.293292747612
BR,Brazil,GC.DOD.TOTL.GD.ZS,Central govt debt (% GDP),2024,81.8554431191023
BR,Brazil,GC.DOD.TOTL.GD.ZS,Central govt debt (% GDP),2023,83.0317498523878
BR,Brazil,GC.DOD.TOTL.GD.ZS,Central govt debt (% GDP),2022,79.1023218878495
BR,Brazil,GC.DOD.TOTL.GD.ZS,Central govt debt (% GDP),2021,85.0115036768016
BR,Brazil,GC.DOD.TOTL.GD.ZS,Central govt debt (% GDP),2020,98.7098819468714
BR,Brazil,GC.DOD.TOTL.GD.ZS,Central govt debt (% GDP),2019,92.5652531945418
BR,Brazil,GC.DOD.TOTL.GD.ZS,Central govt debt (% GDP),2018,86.6078841211512
BR,Brazil,GC.DOD.TOTL.GD.ZS,Central govt debt (% GDP),2017,83.669202649666
BR,Brazil,GC.DOD.TOTL.GD.ZS,Central govt debt (% GDP),2016,73.4188038014782
BR,Brazil,GC.DOD.TOTL.GD.ZS,Central govt debt (% GDP),2015,67.5375540310909
CO,Colombia,GC.DOD.TOTL.GD.ZS,Central govt debt (% GDP),2024,71.1965371181288
CO,Colombia,GC.DOD.TOTL.GD.ZS,Central govt debt (% GDP),2023,71.2127173058669
CO,Colombia,GC.DOD.TOTL.GD.ZS,Central govt debt (% GDP),2022,70.2611599864283
CO,Colombia,GC.DOD.TOTL.GD.ZS,Central govt debt (% GDP),2021,80.4259616037106
CO,Colombia,GC.DOD.TOTL.GD.ZS,Central govt debt (% GDP),2020,91.1566069449736
CO,Colombia,GC.DOD.TOTL.GD.ZS,Central govt debt (% GDP),2019,72.7038785770822
CO,Colombia,GC.DOD.TOTL.GD.ZS,Central govt debt (% GDP),2018,71.6505702481056
CO,Colombia,GC.DOD.TOTL.GD.ZS,Central govt debt (% GDP),2017,66.7272478472146
CO,Colombia,GC.DOD.TOTL.GD.ZS,Central govt debt (% GDP),2016,66.9071609125065
CO,Colombia,GC.DOD.TOTL.GD.ZS,Central govt debt (% GDP),2015,53.2785874737167
GB,United Kingdom,GC.DOD.TOTL.GD.ZS,Central govt debt (% GDP),2024,130.735888365813
GB,United Kingdom,GC.DOD.TOTL.GD.ZS,Central govt debt (% GDP),2023,136.142431919028
GB,United Kingdom,GC.DOD.TOTL.GD.ZS,Central govt debt (% GDP),2022,138.215904304967
GB,United Kingdom,GC.DOD.TOTL.GD.ZS,Central govt debt (% GDP),2021,183.804848939919
GB,United Kingdom,GC.DOD.TOTL.GD.ZS,Central govt debt (% GDP),2020,194.682828796265
GB,United Kingdom,GC.DOD.TOTL.GD.ZS,Central govt debt (% GDP),2019,158.972569875821
GB,United Kingdom,GC.DOD.TOTL.GD.ZS,Central govt debt (% GDP),2018,156.766820519267
GB,United Kingdom,GC.DOD.TOTL.GD.ZS,Central govt debt (% GDP),2017,160.141177233502
GB,United Kingdom,GC.DOD.TOTL.GD.ZS,Central govt debt (% GDP),2016,155.581504971929
GB,United Kingdom,GC.DOD.TOTL.GD.ZS,Central govt debt (% GDP),2015,147.063146778865
HU,Hungary,GC.DOD.TOTL.GD.ZS,Central govt debt (% GDP),2024,81.9885115322258
HU,Hungary,GC.DOD.TOTL.GD.ZS,Central govt debt (% GDP),2023,82.3716217217806
HU,Hungary,GC.DOD.TOTL.GD.ZS,Central govt debt (% GDP),2022,77.9862613165307
HU,Hungary,GC.DOD.TOTL.GD.ZS,Central govt debt (% GDP),2021,88.7340289766468
HU,Hungary,GC.DOD.TOTL.GD.ZS,Central govt debt (% GDP),2020,97.2770501317352
HU,Hungary,GC.DOD.TOTL.GD.ZS,Central govt debt (% GDP),2019,84.5853805934757
HU,Hungary,GC.DOD.TOTL.GD.ZS,Central govt debt (% GDP),2018,88.0341072816668
HU,Hungary,GC.DOD.TOTL.GD.ZS,Central govt debt (% GDP),2017,93.7843161146645
HU,Hungary,GC.DOD.TOTL.GD.ZS,Central govt debt (% GDP),2016,98.6243511146021
HU,Hungary,GC.DOD.TOTL.GD.ZS,Central govt debt (% GDP),2015,98.3779020318993
IN,India,GC.DOD.TOTL.GD.ZS,Central govt debt (% GDP),2018,46.5224986659322
IN,India,GC.DOD.TOTL.GD.ZS,Central govt debt (% GDP),2017,47.5836093800197
IN,India,GC.DOD.TOTL.GD.ZS,Central govt debt (% GDP),2016,47.6337555915272
IN,India,GC.DOD.TOTL.GD.ZS,Central govt debt (% GDP),2015,49.9647183856551
JO,Jordan,GC.DOD.TOTL.GD.ZS,Central govt debt (% GDP),2023,93.6205554347008
JO,Jordan,GC.DOD.TOTL.GD.ZS,Central govt debt (% GDP),2022,91.9482623432231
JO,Jordan,GC.DOD.TOTL.GD.ZS,Central govt debt (% GDP),2021,90.3915021239108
JO,Jordan,GC.DOD.TOTL.GD.ZS,Central govt debt (% GDP),2020,69.2598335214597
JO,Jordan,GC.DOD.TOTL.GD.ZS,Central govt debt (% GDP),2019,72.5959011118428
JO,Jordan,GC.DOD.TOTL.GD.ZS,Central govt debt (% GDP),2017,68.8793778757207
JO,Jordan,GC.DOD.TOTL.GD.ZS,Central govt debt (% GDP),2016,67.6360044106235
JO,Jordan,GC.DOD.TOTL.GD.ZS,Central govt debt (% GDP),2015,71.7796063259609
MX,Mexico,GC.DOD.TOTL.GD.ZS,Central govt debt (% GDP),2024,50.270950655733
MX,Mexico,GC.DOD.TOTL.GD.ZS,Central govt debt (% GDP),2023,45.1534859576172
MX,Mexico,GC.DOD.TOTL.GD.ZS,Central govt debt (% GDP),2022,43.9694401581611
MX,Mexico,GC.DOD.TOTL.GD.ZS,Central govt debt (% GDP),2021,44.860955801458
MX,Mexico,GC.DOD.TOTL.GD.ZS,Central govt debt (% GDP),2020,45.8373464207273
MX,Mexico,GC.DOD.TOTL.GD.ZS,Central govt debt (% GDP),2019,41.3273940594335
MY,Malaysia,GC.DOD.TOTL.GD.ZS,Central govt debt (% GDP),2024,64.566529006102
MY,Malaysia,GC.DOD.TOTL.GD.ZS,Central govt debt (% GDP),2023,64.2816241956596
MY,Malaysia,GC.DOD.TOTL.GD.ZS,Central govt debt (% GDP),2022,60.1479261322487
MY,Malaysia,GC.DOD.TOTL.GD.ZS,Central govt debt (% GDP),2021,63.2668366732951
MY,Malaysia,GC.DOD.TOTL.GD.ZS,Central govt debt (% GDP),2020,62.0067215086738
MY,Malaysia,GC.DOD.TOTL.GD.ZS,Central govt debt (% GDP),2019,52.4213502119727
MY,Malaysia,GC.DOD.TOTL.GD.ZS,Central govt debt (% GDP),2018,51.1859148831795
MY,Malaysia,GC.DOD.TOTL.GD.ZS,Central govt debt (% GDP),2017,50.0496777374929
MY,Malaysia,GC.DOD.TOTL.GD.ZS,Central govt debt (% GDP),2016,51.8905275342534
MY,Malaysia,GC.DOD.TOTL.GD.ZS,Central govt debt (% GDP),2015,53.5744697326154
PE,Peru,GC.DOD.TOTL.GD.ZS,Central govt debt (% GDP),2021,35.237190374692
PE,Peru,GC.DOD.TOTL.GD.ZS,Central govt debt (% GDP),2020,34.7649150438361
PE,Peru,GC.DOD.TOTL.GD.ZS,Central govt debt (% GDP),2019,26.5266050304096
PE,Peru,GC.DOD.TOTL.GD.ZS,Central govt debt (% GDP),2018,25.7290009576063
PE,Peru,GC.DOD.TOTL.GD.ZS,Central govt debt (% GDP),2017,24.7483395120072
PE,Peru,GC.DOD.TOTL.GD.ZS,Central govt debt (% GDP),2016,23.7062564342415
PE,Peru,GC.DOD.TOTL.GD.ZS,Central govt debt (% GDP),2015,22.865554469277
RU,Russian Federation,GC.DOD.TOTL.GD.ZS,Central govt debt (% GDP),2024,17.8500676833114
RU,Russian Federation,GC.DOD.TOTL.GD.ZS,Central govt debt (% GDP),2023,18.7312788319232
RU,Russian Federation,GC.DOD.TOTL.GD.ZS,Central govt debt (% GDP),2022,19.2810466629119
RU,Russian Federation,GC.DOD.TOTL.GD.ZS,Central govt debt (% GDP),2021,21.0287512612177
RU,Russian Federation,GC.DOD.TOTL.GD.ZS,Central govt debt (% GDP),2020,22.992021036968
RU,Russian Federation,GC.DOD.TOTL.GD.ZS,Central govt debt (% GDP),2019,17.2760484379376
RU,Russian Federation,GC.DOD.TOTL.GD.ZS,Central govt debt (% GDP),2018,16.1685789853238
RU,Russian Federation,GC.DOD.TOTL.GD.ZS,Central govt debt (% GDP),2017,16.3253741158845
RU,Russian Federation,GC.DOD.TOTL.GD.ZS,Central govt debt (% GDP),2016,14.2417395793548
RU,Russian Federation,GC.DOD.TOTL.GD.ZS,Central govt debt (% GDP),2015,13.5407657768558
TH,Thailand,GC.DOD.TOTL.GD.ZS,Central govt debt (% GDP),2024,61.861415782411
TH,Thailand,GC.DOD.TOTL.GD.ZS,Central govt debt (% GDP),2023,60.993475200655
TH,Thailand,GC.DOD.TOTL.GD.ZS,Central govt debt (% GDP),2022,60.3442670368319
TH,Thailand,GC.DOD.TOTL.GD.ZS,Central govt debt (% GDP),2021,58.5282063695337
TH,Thailand,GC.DOD.TOTL.GD.ZS,Central govt debt (% GDP),2020,50.3415889301099
TH,Thailand,GC.DOD.TOTL.GD.ZS,Central govt debt (% GDP),2019,38.6277055941279
TH,Thailand,GC.DOD.TOTL.GD.ZS,Central govt debt (% GDP),2018,37.9104188436045
TH,Thailand,GC.DOD.TOTL.GD.ZS,Central govt debt (% GDP),2016,37.3065204045664
TH,Thailand,GC.DOD.TOTL.GD.ZS,Central govt debt (% GDP),2015,36.6705695355179
TR,Turkiye,GC.DOD.TOTL.GD.ZS,Central govt debt (% GDP),2024,26.6192344930079
TR,Turkiye,GC.DOD.TOTL.GD.ZS,Central govt debt (% GDP),2023,33.2548360254558
TR,Turkiye,GC.DOD.TOTL.GD.ZS,Central govt debt (% GDP),2022,35.3300843740665
TR,Turkiye,GC.DOD.TOTL.GD.ZS,Central govt debt (% GDP),2021,41.6375124693568
TR,Turkiye,GC.DOD.TOTL.GD.ZS,Central govt debt (% GDP),2020,41.0396523893444
TR,Turkiye,GC.DOD.TOTL.GD.ZS,Central govt debt (% GDP),2019,33.4600744570718
TR,Turkiye,GC.DOD.TOTL.GD.ZS,Central govt debt (% GDP),2018,29.3999927208091
TR,Turkiye,GC.DOD.TOTL.GD.ZS,Central govt debt (% GDP),2017,29.5734179673603
TR,Turkiye,GC.DOD.TOTL.GD.ZS,Central govt debt (% GDP),2016,30.075201418508
TR,Turkiye,GC.DOD.TOTL.GD.ZS,Central govt debt (% GDP),2015,29.145145266046
US,United States,GC.DOD.TOTL.GD.ZS,Central govt debt (% GDP),2024,115.768352618316
US,United States,GC.DOD.TOTL.GD.ZS,Central govt debt (% GDP),2023,114.73462594651
US,United States,GC.DOD.TOTL.GD.ZS,Central govt debt (% GDP),2022,112.71753248772
US,United States,GC.DOD.TOTL.GD.ZS,Central govt debt (% GDP),2021,118.284809538371
US,United States,GC.DOD.TOTL.GD.ZS,Central govt debt (% GDP),2020,124.509268439559
US,United States,GC.DOD.TOTL.GD.ZS,Central govt debt (% GDP),2019,100.234364169849
US,United States,GC.DOD.TOTL.GD.ZS,Central govt debt (% GDP),2018,98.62934291533
US,United States,GC.DOD.TOTL.GD.ZS,Central govt debt (% GDP),2017,97.2074691432871
US,United States,GC.DOD.TOTL.GD.ZS,Central govt debt (% GDP),2016,98.1169229551873
US,United States,GC.DOD.TOTL.GD.ZS,Central govt debt (% GDP),2015,96.1410808045622
ZA,South Africa,GC.DOD.TOTL.GD.ZS,Central govt debt (% GDP),2024,82.7627080034486
ZA,South Africa,GC.DOD.TOTL.GD.ZS,Central govt debt (% GDP),2023,79.4140619824567
ZA,South Africa,GC.DOD.TOTL.GD.ZS,Central govt debt (% GDP),2022,76.2333180266081
ZA,South Africa,GC.DOD.TOTL.GD.ZS,Central govt debt (% GDP),2021,74.0826080051444
ZA,South Africa,GC.DOD.TOTL.GD.ZS,Central govt debt (% GDP),2020,75.7255090793216
ZA,South Africa,GC.DOD.TOTL.GD.ZS,Central govt debt (% GDP),2019,64.5892781351104
ZA,South Africa,GC.DOD.TOTL.GD.ZS,Central govt debt (% GDP),2018,59.1023114070608
ZA,South Africa,GC.DOD.TOTL.GD.ZS,Central govt debt (% GDP),2017,56.2597208390879
ZA,South Africa,GC.DOD.TOTL.GD.ZS,Central govt debt (% GDP),2016,53.7387913884354
ZA,South Africa,GC.DOD.TOTL.GD.ZS,Central govt debt (% GDP),2015,52.6511572360833
AE,United Arab Emirates,PA.NUS.FCRF,Official exchange rate (LCU/USD),2024,3.6725
AE,United Arab Emirates,PA.NUS.FCRF,Official exchange rate (LCU/USD),2023,3.6725
AE,United Arab Emirates,PA.NUS.FCRF,Official exchange rate (LCU/USD),2022,3.6725
AE,United Arab Emirates,PA.NUS.FCRF,Official exchange rate (LCU/USD),2021,3.6725
AE,United Arab Emirates,PA.NUS.FCRF,Official exchange rate (LCU/USD),2020,3.6725
AE,United Arab Emirates,PA.NUS.FCRF,Official exchange rate (LCU/USD),2019,3.6725
AE,United Arab Emirates,PA.NUS.FCRF,Official exchange rate (LCU/USD),2018,3.6725
AE,United Arab Emirates,PA.NUS.FCRF,Official exchange rate (LCU/USD),2017,3.6725
AE,United Arab Emirates,PA.NUS.FCRF,Official exchange rate (LCU/USD),2016,3.6725
AE,United Arab Emirates,PA.NUS.FCRF,Official exchange rate (LCU/USD),2015,3.6725
AR,Argentina,PA.NUS.FCRF,Official exchange rate (LCU/USD),2024,914.694883333333
AR,Argentina,PA.NUS.FCRF,Official exchange rate (LCU/USD),2023,296.258041666667
AR,Argentina,PA.NUS.FCRF,Official exchange rate (LCU/USD),2022,130.61655
AR,Argentina,PA.NUS.FCRF,Official exchange rate (LCU/USD),2021,94.9907416666667
AR,Argentina,PA.NUS.FCRF,Official exchange rate (LCU/USD),2020,70.5391666666667
AR,Argentina,PA.NUS.FCRF,Official exchange rate (LCU/USD),2019,48.1478916666667
AR,Argentina,PA.NUS.FCRF,Official exchange rate (LCU/USD),2018,28.0949916666667
AR,Argentina,PA.NUS.FCRF,Official exchange rate (LCU/USD),2017,16.5627069251411
AR,Argentina,PA.NUS.FCRF,Official exchange rate (LCU/USD),2016,14.7581750873396
AR,Argentina,PA.NUS.FCRF,Official exchange rate (LCU/USD),2015,9.23318552472429
AU,Australia,PA.NUS.FCRF,Official exchange rate (LCU/USD),2024,1.51535803855596
AU,Australia,PA.NUS.FCRF,Official exchange rate (LCU/USD),2023,1.50519106560509
AU,Australia,PA.NUS.FCRF,Official exchange rate (LCU/USD),2022,1.44166445896522
AU,Australia,PA.NUS.FCRF,Official exchange rate (LCU/USD),2021,1.33122425957081
AU,Australia,PA.NUS.FCRF,Official exchange rate (LCU/USD),2020,1.45308511847016
AU,Australia,PA.NUS.FCRF,Official exchange rate (LCU/USD),2019,1.43850654421382
AU,Australia,PA.NUS.FCRF,Official exchange rate (LCU/USD),2018,1.33841214646451
AU,Australia,PA.NUS.FCRF,Official exchange rate (LCU/USD),2017,1.30475807671592
AU,Australia,PA.NUS.FCRF,Official exchange rate (LCU/USD),2016,1.34521397601947
AU,Australia,PA.NUS.FCRF,Official exchange rate (LCU/USD),2015,1.33109026245502
BR,Brazil,PA.NUS.FCRF,Official exchange rate (LCU/USD),2024,5.3889349057096
BR,Brazil,PA.NUS.FCRF,Official exchange rate (LCU/USD),2023,4.99437976287199
BR,Brazil,PA.NUS.FCRF,Official exchange rate (LCU/USD),2022,5.16397029102111
BR,Brazil,PA.NUS.FCRF,Official exchange rate (LCU/USD),2021,5.39440078962503
BR,Brazil,PA.NUS.FCRF,Official exchange rate (LCU/USD),2020,5.15517878751281
BR,Brazil,PA.NUS.FCRF,Official exchange rate (LCU/USD),2019,3.9444710972507
BR,Brazil,PA.NUS.FCRF,Official exchange rate (LCU/USD),2018,3.65382536145755
BR,Brazil,PA.NUS.FCRF,Official exchange rate (LCU/USD),2017,3.19138944630048
BR,Brazil,PA.NUS.FCRF,Official exchange rate (LCU/USD),2016,3.49131342157271
BR,Brazil,PA.NUS.FCRF,Official exchange rate (LCU/USD),2015,3.32690438276879
CL,Chile,PA.NUS.FCRF,Official exchange rate (LCU/USD),2024,943.572167421488
CL,Chile,PA.NUS.FCRF,Official exchange rate (LCU/USD),2023,840.066526651499
CL,Chile,PA.NUS.FCRF,Official exchange rate (LCU/USD),2022,873.314189543014
CL,Chile,PA.NUS.FCRF,Official exchange rate (LCU/USD),2021,758.955378658977
CL,Chile,PA.NUS.FCRF,Official exchange rate (LCU/USD),2020,792.727206103169
CL,Chile,PA.NUS.FCRF,Official exchange rate (LCU/USD),2019,702.897422561529
CL,Chile,PA.NUS.FCRF,Official exchange rate (LCU/USD),2018,641.276813066395
CL,Chile,PA.NUS.FCRF,Official exchange rate (LCU/USD),2017,648.833792598261
CL,Chile,PA.NUS.FCRF,Official exchange rate (LCU/USD),2016,676.957736044657
CL,Chile,PA.NUS.FCRF,Official exchange rate (LCU/USD),2015,654.124084254196
CN,China,PA.NUS.FCRF,Official exchange rate (LCU/USD),2024,7.19749110789917
CN,China,PA.NUS.FCRF,Official exchange rate (LCU/USD),2023,7.08399842343631
CN,China,PA.NUS.FCRF,Official exchange rate (LCU/USD),2022,6.73715811237119
CN,China,PA.NUS.FCRF,Official exchange rate (LCU/USD),2021,6.44897518024316
CN,China,PA.NUS.FCRF,Official exchange rate (LCU/USD),2020,6.90076726944925
CN,China,PA.NUS.FCRF,Official exchange rate (LCU/USD),2019,6.90838500992901
CN,China,PA.NUS.FCRF,Official exchange rate (LCU/USD),2018,6.61595717735439
CN,China,PA.NUS.FCRF,Official exchange rate (LCU/USD),2017,6.75875508633597
CN,China,PA.NUS.FCRF,Official exchange rate (LCU/USD),2016,6.6444778294468
CN,China,PA.NUS.FCRF,Official exchange rate (LCU/USD),2015,6.22748867298455
CO,Colombia,PA.NUS.FCRF,Official exchange rate (LCU/USD),2024,4074.43416666667
CO,Colombia,PA.NUS.FCRF,Official exchange rate (LCU/USD),2023,4325.955
CO,Colombia,PA.NUS.FCRF,Official exchange rate (LCU/USD),2022,4256.19416666667
CO,Colombia,PA.NUS.FCRF,Official exchange rate (LCU/USD),2021,3744.24416666667
CO,Colombia,PA.NUS.FCRF,Official exchange rate (LCU/USD),2020,3693.27583333333
CO,Colombia,PA.NUS.FCRF,Official exchange rate (LCU/USD),2019,3281.62219381788
CO,Colombia,PA.NUS.FCRF,Official exchange rate (LCU/USD),2018,2955.70396997842
CO,Colombia,PA.NUS.FCRF,Official exchange rate (LCU/USD),2017,2951.48691120161
CO,Colombia,PA.NUS.FCRF,Official exchange rate (LCU/USD),2016,3055.255
CO,Colombia,PA.NUS.FCRF,Official exchange rate (LCU/USD),2015,2741.78166666667
CZ,Czechia,PA.NUS.FCRF,Official exchange rate (LCU/USD),2024,23.2168333333333
CZ,Czechia,PA.NUS.FCRF,Official exchange rate (LCU/USD),2023,22.1980833333333
CZ,Czechia,PA.NUS.FCRF,Official exchange rate (LCU/USD),2022,23.357
CZ,Czechia,PA.NUS.FCRF,Official exchange rate (LCU/USD),2021,21.6781666666667
CZ,Czechia,PA.NUS.FCRF,Official exchange rate (LCU/USD),2020,23.21025
CZ,Czechia,PA.NUS.FCRF,Official exchange rate (LCU/USD),2019,22.93225
CZ,Czechia,PA.NUS.FCRF,Official exchange rate (LCU/USD),2018,21.7299166666667
CZ,Czechia,PA.NUS.FCRF,Official exchange rate (LCU/USD),2017,23.3763333333333
CZ,Czechia,PA.NUS.FCRF,Official exchange rate (LCU/USD),2016,24.4399166666667
CZ,Czechia,PA.NUS.FCRF,Official exchange rate (LCU/USD),2015,24.59875
DE,Germany,PA.NUS.FCRF,Official exchange rate (LCU/USD),2024,0.923889546117607
DE,Germany,PA.NUS.FCRF,Official exchange rate (LCU/USD),2023,0.924839558470698
DE,Germany,PA.NUS.FCRF,Official exchange rate (LCU/USD),2022,0.949623753156941
DE,Germany,PA.NUS.FCRF,Official exchange rate (LCU/USD),2021,0.84549413889045
DE,Germany,PA.NUS.FCRF,Official exchange rate (LCU/USD),2020,0.875506396987998
DE,Germany,PA.NUS.FCRF,Official exchange rate (LCU/USD),2019,0.893276257067409
DE,Germany,PA.NUS.FCRF,Official exchange rate (LCU/USD),2018,0.846772667108111
DE,Germany,PA.NUS.FCRF,Official exchange rate (LCU/USD),2017,0.885205508269372
DE,Germany,PA.NUS.FCRF,Official exchange rate (LCU/USD),2016,0.903421436257263
DE,Germany,PA.NUS.FCRF,Official exchange rate (LCU/USD),2015,0.901296423367096
EG,"Egypt, Arab Rep.",PA.NUS.FCRF,Official exchange rate (LCU/USD),2024,45.29926
EG,"Egypt, Arab Rep.",PA.NUS.FCRF,Official exchange rate (LCU/USD),2023,30.6264136980311
EG,"Egypt, Arab Rep.",PA.NUS.FCRF,Official exchange rate (LCU/USD),2022,19.1604397412204
EG,"Egypt, Arab Rep.",PA.NUS.FCRF,Official exchange rate (LCU/USD),2021,15.6445272777113
EG,"Egypt, Arab Rep.",PA.NUS.FCRF,Official exchange rate (LCU/USD),2020,15.7591729166667
EG,"Egypt, Arab Rep.",PA.NUS.FCRF,Official exchange rate (LCU/USD),2019,16.7705818428763
EG,"Egypt, Arab Rep.",PA.NUS.FCRF,Official exchange rate (LCU/USD),2018,17.7672904218107
EG,"Egypt, Arab Rep.",PA.NUS.FCRF,Official exchange rate (LCU/USD),2017,17.7825335150636
EG,"Egypt, Arab Rep.",PA.NUS.FCRF,Official exchange rate (LCU/USD),2016,10.0254007885465
EG,"Egypt, Arab Rep.",PA.NUS.FCRF,Official exchange rate (LCU/USD),2015,7.69125833333333
FR,France,PA.NUS.FCRF,Official exchange rate (LCU/USD),2024,0.923889546117607
FR,France,PA.NUS.FCRF,Official exchange rate (LCU/USD),2023,0.924839558470698
FR,France,PA.NUS.FCRF,Official exchange rate (LCU/USD),2022,0.949623753156941
FR,France,PA.NUS.FCRF,Official exchange rate (LCU/USD),2021,0.84549413889045
FR,France,PA.NUS.FCRF,Official exchange rate (LCU/USD),2020,0.875506396987998
FR,France,PA.NUS.FCRF,Official exchange rate (LCU/USD),2019,0.893276257067409
FR,France,PA.NUS.FCRF,Official exchange rate (LCU/USD),2018,0.846772667108111
FR,France,PA.NUS.FCRF,Official exchange rate (LCU/USD),2017,0.885205508269372
FR,France,PA.NUS.FCRF,Official exchange rate (LCU/USD),2016,0.903421436257263
FR,France,PA.NUS.FCRF,Official exchange rate (LCU/USD),2015,0.901296423367096
GB,United Kingdom,PA.NUS.FCRF,Official exchange rate (LCU/USD),2024,0.782414580986262
GB,United Kingdom,PA.NUS.FCRF,Official exchange rate (LCU/USD),2023,0.804538906734353
GB,United Kingdom,PA.NUS.FCRF,Official exchange rate (LCU/USD),2022,0.811301715827773
GB,United Kingdom,PA.NUS.FCRF,Official exchange rate (LCU/USD),2021,0.727064944688323
GB,United Kingdom,PA.NUS.FCRF,Official exchange rate (LCU/USD),2020,0.779999576697153
GB,United Kingdom,PA.NUS.FCRF,Official exchange rate (LCU/USD),2019,0.783445110011929
GB,United Kingdom,PA.NUS.FCRF,Official exchange rate (LCU/USD),2018,0.749531540259847
GB,United Kingdom,PA.NUS.FCRF,Official exchange rate (LCU/USD),2017,0.776976682344123
GB,United Kingdom,PA.NUS.FCRF,Official exchange rate (LCU/USD),2016,0.740634463697084
GB,United Kingdom,PA.NUS.FCRF,Official exchange rate (LCU/USD),2015,0.654545478931426
HU,Hungary,PA.NUS.FCRF,Official exchange rate (LCU/USD),2024,365.690833333333
HU,Hungary,PA.NUS.FCRF,Official exchange rate (LCU/USD),2023,353.088333333333
HU,Hungary,PA.NUS.FCRF,Official exchange rate (LCU/USD),2022,372.595833333333
HU,Hungary,PA.NUS.FCRF,Official exchange rate (LCU/USD),2021,303.140833333333
HU,Hungary,PA.NUS.FCRF,Official exchange rate (LCU/USD),2020,307.996666666667
HU,Hungary,PA.NUS.FCRF,Official exchange rate (LCU/USD),2019,290.66
HU,Hungary,PA.NUS.FCRF,Official exchange rate (LCU/USD),2018,270.211666666667
HU,Hungary,PA.NUS.FCRF,Official exchange rate (LCU/USD),2017,274.433333333333
HU,Hungary,PA.NUS.FCRF,Official exchange rate (LCU/USD),2016,281.523333333333
HU,Hungary,PA.NUS.FCRF,Official exchange rate (LCU/USD),2015,279.3325
ID,Indonesia,PA.NUS.FCRF,Official exchange rate (LCU/USD),2024,15855.4482866711
ID,Indonesia,PA.NUS.FCRF,Official exchange rate (LCU/USD),2023,15236.8846620506
ID,Indonesia,PA.NUS.FCRF,Official exchange rate (LCU/USD),2022,14849.8539362105
ID,Indonesia,PA.NUS.FCRF,Official exchange rate (LCU/USD),2021,14308.1439011897
ID,Indonesia,PA.NUS.FCRF,Official exchange rate (LCU/USD),2020,14582.2034678177
ID,Indonesia,PA.NUS.FCRF,Official exchange rate (LCU/USD),2019,14147.6713605454
ID,Indonesia,PA.NUS.FCRF,Official exchange rate (LCU/USD),2018,14236.9387734818
ID,Indonesia,PA.NUS.FCRF,Official exchange rate (LCU/USD),2017,13380.8338788891
ID,Indonesia,PA.NUS.FCRF,Official exchange rate (LCU/USD),2016,13308.3268020542
ID,Indonesia,PA.NUS.FCRF,Official exchange rate (LCU/USD),2015,13389.4129365079
IN,India,PA.NUS.FCRF,Official exchange rate (LCU/USD),2024,83.669281580941
IN,India,PA.NUS.FCRF,Official exchange rate (LCU/USD),2023,82.5992764460784
IN,India,PA.NUS.FCRF,Official exchange rate (LCU/USD),2022,78.6044905829916
IN,India,PA.NUS.FCRF,Official exchange rate (LCU/USD),2021,73.9180128154351
IN,India,PA.NUS.FCRF,Official exchange rate (LCU/USD),2020,74.0995668836052
IN,India,PA.NUS.FCRF,Official exchange rate (LCU/USD),2019,70.4203405359551
IN,India,PA.NUS.FCRF,Official exchange rate (LCU/USD),2018,68.3894670935422
IN,India,PA.NUS.FCRF,Official exchange rate (LCU/USD),2017,65.1215686450659
IN,India,PA.NUS.FCRF,Official exchange rate (LCU/USD),2016,67.1953128073894
IN,India,PA.NUS.FCRF,Official exchange rate (LCU/USD),2015,64.1519444632786
JO,Jordan,PA.NUS.FCRF,Official exchange rate (LCU/USD),2024,0.71
JO,Jordan,PA.NUS.FCRF,Official exchange rate (LCU/USD),2023,0.71
JO,Jordan,PA.NUS.FCRF,Official exchange rate (LCU/USD),2022,0.71
JO,Jordan,PA.NUS.FCRF,Official exchange rate (LCU/USD),2021,0.71
JO,Jordan,PA.NUS.FCRF,Official exchange rate (LCU/USD),2020,0.71
JO,Jordan,PA.NUS.FCRF,Official exchange rate (LCU/USD),2019,0.71
JO,Jordan,PA.NUS.FCRF,Official exchange rate (LCU/USD),2018,0.71
JO,Jordan,PA.NUS.FCRF,Official exchange rate (LCU/USD),2017,0.71
JO,Jordan,PA.NUS.FCRF,Official exchange rate (LCU/USD),2016,0.71
JO,Jordan,PA.NUS.FCRF,Official exchange rate (LCU/USD),2015,0.71
JP,Japan,PA.NUS.FCRF,Official exchange rate (LCU/USD),2024,151.366291302752
JP,Japan,PA.NUS.FCRF,Official exchange rate (LCU/USD),2023,140.49110006234
JP,Japan,PA.NUS.FCRF,Official exchange rate (LCU/USD),2022,131.498140443764
JP,Japan,PA.NUS.FCRF,Official exchange rate (LCU/USD),2021,109.754323839417
JP,Japan,PA.NUS.FCRF,Official exchange rate (LCU/USD),2020,106.774582262437
JP,Japan,PA.NUS.FCRF,Official exchange rate (LCU/USD),2019,109.009665900863
JP,Japan,PA.NUS.FCRF,Official exchange rate (LCU/USD),2018,110.42317934106
JP,Japan,PA.NUS.FCRF,Official exchange rate (LCU/USD),2017,112.166141081871
JP,Japan,PA.NUS.FCRF,Official exchange rate (LCU/USD),2016,108.792900046834
JP,Japan,PA.NUS.FCRF,Official exchange rate (LCU/USD),2015,121.044025684011
KE,Kenya,PA.NUS.FCRF,Official exchange rate (LCU/USD),2024,134.822483279332
KE,Kenya,PA.NUS.FCRF,Official exchange rate (LCU/USD),2023,139.846383759617
KE,Kenya,PA.NUS.FCRF,Official exchange rate (LCU/USD),2022,117.865989201682
KE,Kenya,PA.NUS.FCRF,Official exchange rate (LCU/USD),2021,109.637746592367
KE,Kenya,PA.NUS.FCRF,Official exchange rate (LCU/USD),2020,106.450780158517
KE,Kenya,PA.NUS.FCRF,Official exchange rate (LCU/USD),2019,101.99129838935
KE,Kenya,PA.NUS.FCRF,Official exchange rate (LCU/USD),2018,101.301574049018
KE,Kenya,PA.NUS.FCRF,Official exchange rate (LCU/USD),2017,103.410004519014
KE,Kenya,PA.NUS.FCRF,Official exchange rate (LCU/USD),2016,101.504369498594
KE,Kenya,PA.NUS.FCRF,Official exchange rate (LCU/USD),2015,98.1784533265271
MA,Morocco,PA.NUS.FCRF,Official exchange rate (LCU/USD),2024,9.94235921679198
MA,Morocco,PA.NUS.FCRF,Official exchange rate (LCU/USD),2023,10.1314260970897
MA,Morocco,PA.NUS.FCRF,Official exchange rate (LCU/USD),2022,10.1606602430359
MA,Morocco,PA.NUS.FCRF,Official exchange rate (LCU/USD),2021,8.98848402414138
MA,Morocco,PA.NUS.FCRF,Official exchange rate (LCU/USD),2020,9.49684732221969
MA,Morocco,PA.NUS.FCRF,Official exchange rate (LCU/USD),2019,9.61707609950743
MA,Morocco,PA.NUS.FCRF,Official exchange rate (LCU/USD),2018,9.38610242091972
MA,Morocco,PA.NUS.FCRF,Official exchange rate (LCU/USD),2017,9.6919978888289
MA,Morocco,PA.NUS.FCRF,Official exchange rate (LCU/USD),2016,9.8074760315025
MA,Morocco,PA.NUS.FCRF,Official exchange rate (LCU/USD),2015,9.76434827950111
MX,Mexico,PA.NUS.FCRF,Official exchange rate (LCU/USD),2024,18.3048583333333
MX,Mexico,PA.NUS.FCRF,Official exchange rate (LCU/USD),2023,17.7587166666667
MX,Mexico,PA.NUS.FCRF,Official exchange rate (LCU/USD),2022,20.12735
MX,Mexico,PA.NUS.FCRF,Official exchange rate (LCU/USD),2021,20.2724083333333
MX,Mexico,PA.NUS.FCRF,Official exchange rate (LCU/USD),2020,21.4856083333333
MX,Mexico,PA.NUS.FCRF,Official exchange rate (LCU/USD),2019,19.2636333333333
MX,Mexico,PA.NUS.FCRF,Official exchange rate (LCU/USD),2018,19.2443416666667
MX,Mexico,PA.NUS.FCRF,Official exchange rate (LCU/USD),2017,18.9265166666667
MX,Mexico,PA.NUS.FCRF,Official exchange rate (LCU/USD),2016,18.6640583333333
MX,Mexico,PA.NUS.FCRF,Official exchange rate (LCU/USD),2015,15.8482666666667
MY,Malaysia,PA.NUS.FCRF,Official exchange rate (LCU/USD),2024,4.5764279106858
MY,Malaysia,PA.NUS.FCRF,Official exchange rate (LCU/USD),2023,4.56062343240897
MY,Malaysia,PA.NUS.FCRF,Official exchange rate (LCU/USD),2022,4.40107634540072
MY,Malaysia,PA.NUS.FCRF,Official exchange rate (LCU/USD),2021,4.14329759817721
MY,Malaysia,PA.NUS.FCRF,Official exchange rate (LCU/USD),2020,4.20348194851884
MY,Malaysia,PA.NUS.FCRF,Official exchange rate (LCU/USD),2019,4.14246973569731
MY,Malaysia,PA.NUS.FCRF,Official exchange rate (LCU/USD),2018,4.03513013706806
MY,Malaysia,PA.NUS.FCRF,Official exchange rate (LCU/USD),2017,4.30044087761124
MY,Malaysia,PA.NUS.FCRF,Official exchange rate (LCU/USD),2016,4.14830066287879
MY,Malaysia,PA.NUS.FCRF,Official exchange rate (LCU/USD),2015,3.90550026302768
NG,Nigeria,PA.NUS.FCRF,Official exchange rate (LCU/USD),2024,1478.96519740023
NG,Nigeria,PA.NUS.FCRF,Official exchange rate (LCU/USD),2023,645.194067883201
NG,Nigeria,PA.NUS.FCRF,Official exchange rate (LCU/USD),2022,425.979158066857
NG,Nigeria,PA.NUS.FCRF,Official exchange rate (LCU/USD),2021,401.152029220779
NG,Nigeria,PA.NUS.FCRF,Official exchange rate (LCU/USD),2020,358.810797258297
NG,Nigeria,PA.NUS.FCRF,Official exchange rate (LCU/USD),2019,306.920951495222
NG,Nigeria,PA.NUS.FCRF,Official exchange rate (LCU/USD),2018,306.083688245234
NG,Nigeria,PA.NUS.FCRF,Official exchange rate (LCU/USD),2017,305.790109160005
NG,Nigeria,PA.NUS.FCRF,Official exchange rate (LCU/USD),2016,253.492
NG,Nigeria,PA.NUS.FCRF,Official exchange rate (LCU/USD),2015,192.440333333333
PE,Peru,PA.NUS.FCRF,Official exchange rate (LCU/USD),2024,3.7525
PE,Peru,PA.NUS.FCRF,Official exchange rate (LCU/USD),2023,3.74382620959376
PE,Peru,PA.NUS.FCRF,Official exchange rate (LCU/USD),2022,3.83518137473542
PE,Peru,PA.NUS.FCRF,Official exchange rate (LCU/USD),2021,3.88055413137587
PE,Peru,PA.NUS.FCRF,Official exchange rate (LCU/USD),2020,3.4949411976912
PE,Peru,PA.NUS.FCRF,Official exchange rate (LCU/USD),2019,3.3372655465368
PE,Peru,PA.NUS.FCRF,Official exchange rate (LCU/USD),2018,3.28660269803296
PE,Peru,PA.NUS.FCRF,Official exchange rate (LCU/USD),2017,3.2604884908321
PE,Peru,PA.NUS.FCRF,Official exchange rate (LCU/USD),2016,3.37506158720665
PE,Peru,PA.NUS.FCRF,Official exchange rate (LCU/USD),2015,3.18443924152237
PH,Philippines,PA.NUS.FCRF,Official exchange rate (LCU/USD),2024,57.2906550699734
PH,Philippines,PA.NUS.FCRF,Official exchange rate (LCU/USD),2023,55.630363223193
PH,Philippines,PA.NUS.FCRF,Official exchange rate (LCU/USD),2022,54.477785837205
PH,Philippines,PA.NUS.FCRF,Official exchange rate (LCU/USD),2021,49.2545977288412
PH,Philippines,PA.NUS.FCRF,Official exchange rate (LCU/USD),2020,49.6240960026328
PH,Philippines,PA.NUS.FCRF,Official exchange rate (LCU/USD),2019,51.7957826517332
PH,Philippines,PA.NUS.FCRF,Official exchange rate (LCU/USD),2018,52.6614299539683
PH,Philippines,PA.NUS.FCRF,Official exchange rate (LCU/USD),2017,50.4037197937177
PH,Philippines,PA.NUS.FCRF,Official exchange rate (LCU/USD),2016,47.4924638585099
PH,Philippines,PA.NUS.FCRF,Official exchange rate (LCU/USD),2015,45.5028399421431
PL,Poland,PA.NUS.FCRF,Official exchange rate (LCU/USD),2024,3.98078333333333
PL,Poland,PA.NUS.FCRF,Official exchange rate (LCU/USD),2023,4.20366666666667
PL,Poland,PA.NUS.FCRF,Official exchange rate (LCU/USD),2022,4.45775833333333
PL,Poland,PA.NUS.FCRF,Official exchange rate (LCU/USD),2021,3.86191666666667
PL,Poland,PA.NUS.FCRF,Official exchange rate (LCU/USD),2020,3.89974166666667
PL,Poland,PA.NUS.FCRF,Official exchange rate (LCU/USD),2019,3.839375
PL,Poland,PA.NUS.FCRF,Official exchange rate (LCU/USD),2018,3.61171666666667
PL,Poland,PA.NUS.FCRF,Official exchange rate (LCU/USD),2017,3.77933333333333
PL,Poland,PA.NUS.FCRF,Official exchange rate (LCU/USD),2016,3.94278333333334
PL,Poland,PA.NUS.FCRF,Official exchange rate (LCU/USD),2015,3.7695
QA,Qatar,PA.NUS.FCRF,Official exchange rate (LCU/USD),2024,3.64
QA,Qatar,PA.NUS.FCRF,Official exchange rate (LCU/USD),2023,3.64
QA,Qatar,PA.NUS.FCRF,Official exchange rate (LCU/USD),2022,3.64
QA,Qatar,PA.NUS.FCRF,Official exchange rate (LCU/USD),2021,3.64
QA,Qatar,PA.NUS.FCRF,Official exchange rate (LCU/USD),2020,3.64
QA,Qatar,PA.NUS.FCRF,Official exchange rate (LCU/USD),2019,3.64
QA,Qatar,PA.NUS.FCRF,Official exchange rate (LCU/USD),2018,3.64
QA,Qatar,PA.NUS.FCRF,Official exchange rate (LCU/USD),2017,3.64
QA,Qatar,PA.NUS.FCRF,Official exchange rate (LCU/USD),2016,3.64
QA,Qatar,PA.NUS.FCRF,Official exchange rate (LCU/USD),2015,3.64
RO,Romania,PA.NUS.FCRF,Official exchange rate (LCU/USD),2024,4.598375
RO,Romania,PA.NUS.FCRF,Official exchange rate (LCU/USD),2023,4.57429166666667
RO,Romania,PA.NUS.FCRF,Official exchange rate (LCU/USD),2022,4.688475
RO,Romania,PA.NUS.FCRF,Official exchange rate (LCU/USD),2021,4.16041666666666
RO,Romania,PA.NUS.FCRF,Official exchange rate (LCU/USD),2020,4.24399166666667
RO,Romania,PA.NUS.FCRF,Official exchange rate (LCU/USD),2019,4.237925
RO,Romania,PA.NUS.FCRF,Official exchange rate (LCU/USD),2018,3.94161666666667
RO,Romania,PA.NUS.FCRF,Official exchange rate (LCU/USD),2017,4.05249166666666
RO,Romania,PA.NUS.FCRF,Official exchange rate (LCU/USD),2016,4.05918333333333
RO,Romania,PA.NUS.FCRF,Official exchange rate (LCU/USD),2015,4.00566666666666
RU,Russian Federation,PA.NUS.FCRF,Official exchange rate (LCU/USD),2024,92.5524
RU,Russian Federation,PA.NUS.FCRF,Official exchange rate (LCU/USD),2023,85.1620083333333
RU,Russian Federation,PA.NUS.FCRF,Official exchange rate (LCU/USD),2022,68.4849416666667
RU,Russian Federation,PA.NUS.FCRF,Official exchange rate (LCU/USD),2021,73.65435
RU,Russian Federation,PA.NUS.FCRF,Official exchange rate (LCU/USD),2020,72.1049083333333
RU,Russian Federation,PA.NUS.FCRF,Official exchange rate (LCU/USD),2019,64.7376583333333
RU,Russian Federation,PA.NUS.FCRF,Official exchange rate (LCU/USD),2018,62.6681333333334
RU,Russian Federation,PA.NUS.FCRF,Official exchange rate (LCU/USD),2017,58.3428011851719
RU,Russian Federation,PA.NUS.FCRF,Official exchange rate (LCU/USD),2016,67.0559333333333
RU,Russian Federation,PA.NUS.FCRF,Official exchange rate (LCU/USD),2015,60.9376501088951
SA,Saudi Arabia,PA.NUS.FCRF,Official exchange rate (LCU/USD),2024,3.75
SA,Saudi Arabia,PA.NUS.FCRF,Official exchange rate (LCU/USD),2023,3.75
SA,Saudi Arabia,PA.NUS.FCRF,Official exchange rate (LCU/USD),2022,3.75
SA,Saudi Arabia,PA.NUS.FCRF,Official exchange rate (LCU/USD),2021,3.75
SA,Saudi Arabia,PA.NUS.FCRF,Official exchange rate (LCU/USD),2020,3.75
SA,Saudi Arabia,PA.NUS.FCRF,Official exchange rate (LCU/USD),2019,3.75
SA,Saudi Arabia,PA.NUS.FCRF,Official exchange rate (LCU/USD),2018,3.75
SA,Saudi Arabia,PA.NUS.FCRF,Official exchange rate (LCU/USD),2017,3.75
SA,Saudi Arabia,PA.NUS.FCRF,Official exchange rate (LCU/USD),2016,3.75
SA,Saudi Arabia,PA.NUS.FCRF,Official exchange rate (LCU/USD),2015,3.75
TH,Thailand,PA.NUS.FCRF,Official exchange rate (LCU/USD),2024,35.2935380808081
TH,Thailand,PA.NUS.FCRF,Official exchange rate (LCU/USD),2023,34.8021885808364
TH,Thailand,PA.NUS.FCRF,Official exchange rate (LCU/USD),2022,35.0613502144776
TH,Thailand,PA.NUS.FCRF,Official exchange rate (LCU/USD),2021,31.9770934417717
TH,Thailand,PA.NUS.FCRF,Official exchange rate (LCU/USD),2020,31.2936732130832
TH,Thailand,PA.NUS.FCRF,Official exchange rate (LCU/USD),2019,31.0476057805499
TH,Thailand,PA.NUS.FCRF,Official exchange rate (LCU/USD),2018,32.3102257431458
TH,Thailand,PA.NUS.FCRF,Official exchange rate (LCU/USD),2017,33.9398110566858
TH,Thailand,PA.NUS.FCRF,Official exchange rate (LCU/USD),2016,35.2963833333333
TH,Thailand,PA.NUS.FCRF,Official exchange rate (LCU/USD),2015,34.2477166666667
TN,Tunisia,PA.NUS.FCRF,Official exchange rate (LCU/USD),2024,3.10745
TN,Tunisia,PA.NUS.FCRF,Official exchange rate (LCU/USD),2023,3.10616666666667
TN,Tunisia,PA.NUS.FCRF,Official exchange rate (LCU/USD),2022,3.1036
TN,Tunisia,PA.NUS.FCRF,Official exchange rate (LCU/USD),2021,2.79446666666667
TN,Tunisia,PA.NUS.FCRF,Official exchange rate (LCU/USD),2020,2.81235833333333
TN,Tunisia,PA.NUS.FCRF,Official exchange rate (LCU/USD),2019,2.93443333333333
TN,Tunisia,PA.NUS.FCRF,Official exchange rate (LCU/USD),2018,2.64686666666667
TN,Tunisia,PA.NUS.FCRF,Official exchange rate (LCU/USD),2017,2.419425
TN,Tunisia,PA.NUS.FCRF,Official exchange rate (LCU/USD),2016,2.14803333333333
TN,Tunisia,PA.NUS.FCRF,Official exchange rate (LCU/USD),2015,1.961625
TR,Turkiye,PA.NUS.FCRF,Official exchange rate (LCU/USD),2024,32.8058614432703
TR,Turkiye,PA.NUS.FCRF,Official exchange rate (LCU/USD),2023,23.7385661219918
TR,Turkiye,PA.NUS.FCRF,Official exchange rate (LCU/USD),2022,16.5488604173067
TR,Turkiye,PA.NUS.FCRF,Official exchange rate (LCU/USD),2021,8.85040754928315
TR,Turkiye,PA.NUS.FCRF,Official exchange rate (LCU/USD),2020,7.00860541558522
TR,Turkiye,PA.NUS.FCRF,Official exchange rate (LCU/USD),2019,5.67381930843574
TR,Turkiye,PA.NUS.FCRF,Official exchange rate (LCU/USD),2018,4.82837014720942
TR,Turkiye,PA.NUS.FCRF,Official exchange rate (LCU/USD),2017,3.64813263536867
TR,Turkiye,PA.NUS.FCRF,Official exchange rate (LCU/USD),2016,3.02013474808043
TR,Turkiye,PA.NUS.FCRF,Official exchange rate (LCU/USD),2015,2.72000852790578
US,United States,PA.NUS.FCRF,Official exchange rate (LCU/USD),2024,1.0
US,United States,PA.NUS.FCRF,Official exchange rate (LCU/USD),2023,1.0
US,United States,PA.NUS.FCRF,Official exchange rate (LCU/USD),2022,1.0
US,United States,PA.NUS.FCRF,Official exchange rate (LCU/USD),2021,1.0
US,United States,PA.NUS.FCRF,Official exchange rate (LCU/USD),2020,1.0
US,United States,PA.NUS.FCRF,Official exchange rate (LCU/USD),2019,1.0
US,United States,PA.NUS.FCRF,Official exchange rate (LCU/USD),2018,1.0
US,United States,PA.NUS.FCRF,Official exchange rate (LCU/USD),2017,1.0
US,United States,PA.NUS.FCRF,Official exchange rate (LCU/USD),2016,1.0
US,United States,PA.NUS.FCRF,Official exchange rate (LCU/USD),2015,1.0
VN,Viet Nam,PA.NUS.FCRF,Official exchange rate (LCU/USD),2024,24164.8858333333
VN,Viet Nam,PA.NUS.FCRF,Official exchange rate (LCU/USD),2023,23787.3191666667
VN,Viet Nam,PA.NUS.FCRF,Official exchange rate (LCU/USD),2022,23271.2125
VN,Viet Nam,PA.NUS.FCRF,Official exchange rate (LCU/USD),2021,23159.7825925926
VN,Viet Nam,PA.NUS.FCRF,Official exchange rate (LCU/USD),2020,23208.3683333333
VN,Viet Nam,PA.NUS.FCRF,Official exchange rate (LCU/USD),2019,23050.2416666667
VN,Viet Nam,PA.NUS.FCRF,Official exchange rate (LCU/USD),2018,22602.05
VN,Viet Nam,PA.NUS.FCRF,Official exchange rate (LCU/USD),2017,22370.0866666667
VN,Viet Nam,PA.NUS.FCRF,Official exchange rate (LCU/USD),2016,21935.0008333333
VN,Viet Nam,PA.NUS.FCRF,Official exchange rate (LCU/USD),2015,21697.5675
ZA,South Africa,PA.NUS.FCRF,Official exchange rate (LCU/USD),2024,18.3286575505
ZA,South Africa,PA.NUS.FCRF,Official exchange rate (LCU/USD),2023,18.4502441785
ZA,South Africa,PA.NUS.FCRF,Official exchange rate (LCU/USD),2022,16.3558534845
ZA,South Africa,PA.NUS.FCRF,Official exchange rate (LCU/USD),2021,14.7786782139167
ZA,South Africa,PA.NUS.FCRF,Official exchange rate (LCU/USD),2020,16.4591053903333
ZA,South Africa,PA.NUS.FCRF,Official exchange rate (LCU/USD),2019,14.4484270548333
ZA,South Africa,PA.NUS.FCRF,Official exchange rate (LCU/USD),2018,13.2339264715833
ZA,South Africa,PA.NUS.FCRF,Official exchange rate (LCU/USD),2017,13.3238014244992
ZA,South Africa,PA.NUS.FCRF,Official exchange rate (LCU/USD),2016,14.7096108855267
ZA,South Africa,PA.NUS.FCRF,Official exchange rate (LCU/USD),2015,12.7589308811644
