asset_class,asset_subclass,has_market_price,has_cash_flows,has_options_features,is_exchange_traded,has_credit_risk,has_early_exercise,is_path_dependent,volatility_available,liquidity,maturity_years,data_availability,ifrs_level,recommended_method
Equity,Mid Cap,1,1,0,1,0,0,0,1,High,,Partial,1,DCF
Equity,Mid Cap,1,1,0,1,0,0,0,1,High,,Full,1,DCF
Equity,Mid Cap,1,1,0,1,0,0,0,1,Medium,,Partial,1,Relative
Equity,Mid Cap,1,1,0,1,0,0,0,1,High,,Partial,1,DDM
Equity,Large Cap Growth,1,1,0,1,0,0,0,1,High,,Full,1,Mark-to-Market
Equity,Large Cap Growth,1,1,0,1,0,0,0,1,High,,Full,1,Relative
Equity,Large Cap Growth,1,1,0,1,0,0,0,1,High,,Full,1,Relative
Equity,Large Cap Dividend,1,1,0,1,0,0,0,1,Medium,,Partial,1,DDM
Equity,Large Cap Growth,1,1,0,1,0,0,0,1,Medium,,Full,1,DCF
Equity,Large Cap Growth,1,1,0,1,0,0,0,1,High,,Partial,1,DDM
Equity,Mid Cap,1,1,0,1,0,0,0,1,High,,Partial,1,DCF
Equity,Large Cap Dividend,1,1,0,1,0,0,0,1,Medium,,Full,1,DDM
Equity,Large Cap Dividend,1,1,0,1,0,0,0,1,High,,Full,1,DDM
Equity,Large Cap Growth,1,1,0,1,0,0,0,1,High,,Full,1,Relative
Currency,FX Forward,1,0,0,0,0,0,0,1,High,0.12,Full,2,Forward-Pricing
Currency,FX Forward,1,0,0,0,0,0,0,1,Medium,0.69,Full,2,Forward-Pricing
Bond,Corporate Bond (IG),1,1,0,1,1,0,0,1,High,25.33,Full,2,DCF
Bond,Corporate Bond (IG),1,1,0,1,1,0,0,1,High,9.25,Partial,2,DCF
Bond,Government Bond,1,1,0,1,0,0,0,1,Medium,13.9,Partial,2,DCF
Bond,Government Bond,1,1,0,1,0,0,0,1,Medium,7.18,Full,2,DCF
Bond,Government Bond,1,1,0,1,0,0,0,1,Medium,14.59,Partial,2,DCF
Bond,Government Bond,1,1,0,1,0,0,0,1,Medium,18.74,Partial,1,DCF
Bond,Government Bond,1,1,0,1,0,0,0,1,Medium,17.97,Partial,1,DCF
Bond,Government Bond,1,1,0,1,0,0,0,1,Medium,11.11,Partial,1,DCF
Bond,Government Bond,1,1,0,1,0,0,0,1,Medium,17.11,Partial,2,DCF
Bond,Government Bond,1,1,0,1,0,0,0,1,High,9.87,Partial,1,DCF
Bond,Government Bond,1,1,0,1,0,0,0,1,High,10.3,Full,1,DCF
Bond,Government Bond,1,1,0,1,0,0,0,1,High,29.63,Partial,1,DCF
Bond,Government Bond,1,1,0,1,0,0,0,1,Medium,10.22,Full,1,DCF
Bond,Government Bond,1,1,0,1,0,0,0,1,High,21.79,Full,1,DCF
Bond,Government Bond,1,1,0,1,0,0,0,1,High,18.97,Partial,1,DCF
Bond,Government Bond,1,1,0,1,0,0,0,1,Medium,5.24,Full,1,DCF
Bond,Government Bond,1,1,0,1,0,0,0,1,Medium,14.58,Full,2,DCF
Bond,Government Bond,1,1,0,1,0,0,0,1,High,10.71,Partial,1,DCF
Bond,Government Bond,1,1,0,1,0,0,0,1,High,18.56,Partial,1,DCF
Bond,Government Bond,1,1,0,1,0,0,0,1,High,15.22,Full,1,DCF
Bond,Government Bond,1,1,0,1,0,0,0,1,Medium,25.77,Full,2,DCF
Bond,Government Bond,1,1,0,1,0,0,0,1,High,23.59,Full,1,DCF
Bond,Government Bond,1,1,0,1,0,0,0,1,High,21.9,Partial,2,DCF
Bond,Government Bond,1,1,0,1,0,0,0,1,Medium,5.02,Full,2,DCF
Bond,Government Bond,1,1,0,1,0,0,0,1,High,15.31,Full,2,DCF
Bond,Government Bond,1,1,0,1,0,0,0,1,Medium,27.41,Full,1,DCF
Bond,Government Bond,1,1,0,1,0,0,0,1,High,17.12,Full,2,DCF
Bond,Government Bond,1,1,0,1,0,0,0,1,High,4.16,Full,1,DCF
Bond,Government Bond,1,1,0,1,0,0,0,1,Medium,26.65,Partial,1,DCF
Bond,Government Bond,1,1,0,1,0,0,0,1,Medium,19.74,Partial,2,DCF
Bond,Government Bond,1,1,0,1,0,0,0,1,Medium,8.12,Partial,2,DCF
Bond,Government Bond,1,1,0,1,0,0,0,1,Medium,17.1,Partial,1,DCF
Bond,Government Bond,1,1,0,1,0,0,0,1,Medium,11.98,Partial,1,DCF
Bond,Government Bond,1,1,0,1,0,0,0,1,High,8.38,Partial,1,DCF
Bond,Government Bond,1,1,0,1,0,0,0,1,Medium,11.87,Full,1,DCF
Bond,Government Bond,1,1,0,1,0,0,0,1,Medium,16.3,Full,2,DCF
Bond,Government Bond,1,1,0,1,0,0,0,1,High,21.39,Partial,2,DCF
Bond,Government Bond,1,1,0,1,0,0,0,1,Medium,28.4,Partial,2,DCF
Bond,Government Bond,1,1,0,1,0,0,0,1,Medium,17.63,Partial,1,DCF
Bond,Government Bond,1,1,0,1,0,0,0,1,Medium,29.21,Partial,2,DCF
Bond,Government Bond,1,1,0,1,0,0,0,1,Medium,21.5,Full,1,DCF
Bond,Government Bond,1,1,0,1,0,0,0,1,High,9.98,Full,1,DCF
Bond,Government Bond,1,1,0,1,0,0,0,1,High,29.35,Partial,2,DCF
Bond,Government Bond,1,1,0,1,0,0,0,1,High,9.8,Full,1,DCF
Bond,Government Bond,1,1,0,1,0,0,0,1,High,21.06,Full,2,DCF
Bond,Government Bond,1,1,0,1,0,0,0,1,Medium,29.6,Partial,1,DCF
Bond,Government Bond,1,1,0,1,0,0,0,1,Medium,4.26,Partial,1,DCF
Bond,Government Bond,1,1,0,1,0,0,0,1,High,22.39,Partial,1,DCF
Bond,Government Bond,1,1,0,1,0,0,0,1,Medium,29.54,Partial,1,DCF
Bond,Government Bond,1,1,0,1,0,0,0,1,High,4.53,Full,1,DCF
Bond,Government Bond,1,1,0,1,0,0,0,1,Medium,16.23,Partial,1,DCF
Bond,Government Bond,1,1,0,1,0,0,0,1,High,18.55,Full,2,DCF
Bond,Government Bond,1,1,0,1,0,0,0,1,High,21.91,Full,1,DCF
Bond,Government Bond,1,1,0,1,0,0,0,1,Medium,20.06,Partial,1,DCF
Bond,Government Bond,1,1,0,1,0,0,0,1,High,13.13,Full,2,DCF
Bond,Government Bond,1,1,0,1,0,0,0,1,Medium,5.85,Partial,1,DCF
Bond,Government Bond,1,1,0,1,0,0,0,1,High,7.85,Full,2,DCF
Bond,Government Bond,1,1,0,1,0,0,0,1,Medium,9.22,Partial,2,DCF
Bond,Government Bond,1,1,0,1,0,0,0,1,Medium,29.5,Partial,2,DCF
Bond,Government Bond,1,1,0,1,0,0,0,1,High,8.77,Partial,2,DCF
Bond,Government Bond,1,1,0,1,0,0,0,1,Medium,17.63,Partial,1,DCF
Bond,Government Bond,1,1,0,1,0,0,0,1,High,11.49,Full,1,DCF
Bond,Government Bond,1,1,0,1,0,0,0,1,Medium,25.71,Partial,2,DCF
Bond,Government Bond,1,1,0,1,0,0,0,1,Medium,23.84,Partial,2,DCF
Bond,Government Bond,1,1,0,1,0,0,0,1,High,28.2,Partial,2,DCF
Bond,Government Bond,1,1,0,1,0,0,0,1,Medium,18.98,Full,2,DCF
Bond,Corporate Bond (IG),1,1,0,1,1,0,0,1,Medium,28.32,Full,1,DCF
Bond,Government Bond,1,1,0,1,0,0,0,1,Medium,6.5,Partial,2,DCF
Bond,Government Bond,1,1,0,1,0,0,0,1,Medium,14.56,Full,1,DCF
Bond,Government Bond,1,1,0,1,0,0,0,1,Medium,21.94,Full,2,DCF
Bond,Government Bond,1,1,0,1,0,0,0,1,High,7.01,Partial,2,DCF
Bond,Government Bond,1,1,0,1,0,0,0,1,Medium,25.78,Full,2,DCF
Bond,Government Bond,1,1,0,1,0,0,0,1,High,17.19,Full,1,DCF
Bond,Government Bond,1,1,0,1,0,0,0,1,Medium,9.43,Partial,2,DCF
Bond,Government Bond,1,1,0,1,0,0,0,1,Medium,29.41,Full,2,DCF
Bond,Government Bond,1,1,0,1,0,0,0,1,Medium,19.67,Partial,1,DCF
Bond,Government Bond,1,1,0,1,0,0,0,1,Medium,20.06,Full,2,DCF
Bond,Government Bond,1,1,0,1,0,0,0,1,High,7.47,Full,2,DCF
Bond,Government Bond,1,1,0,1,0,0,0,1,High,18.02,Partial,1,DCF
Bond,Government Bond,1,1,0,1,0,0,0,1,Medium,6.96,Partial,2,DCF
Bond,Government Bond,1,1,0,1,0,0,0,1,High,9.83,Partial,1,DCF
Bond,Government Bond,1,1,0,1,0,0,0,1,Medium,2.43,Partial,1,DCF
Bond,Government Bond,1,1,0,1,0,0,0,1,High,17.48,Full,1,DCF
Bond,Government Bond,1,1,0,1,0,0,0,1,Medium,25.88,Full,1,DCF
Bond,Government Bond,1,1,0,1,0,0,0,1,High,7.35,Full,2,DCF
Bond,Government Bond,1,1,0,1,0,0,0,1,High,6.75,Full,2,DCF
Bond,Government Bond,1,1,0,1,0,0,0,1,High,25.64,Full,2,DCF
Bond,Government Bond,1,1,0,1,0,0,0,1,Medium,4.72,Partial,1,DCF
Bond,Government Bond,1,1,0,1,0,0,0,1,Medium,12.04,Full,1,DCF
Bond,Government Bond,1,1,0,1,0,0,0,1,Medium,26.57,Full,2,DCF
Bond,Government Bond,1,1,0,1,0,0,0,1,High,5.83,Partial,2,DCF
Bond,Government Bond,1,1,0,1,0,0,0,1,High,10.22,Full,2,DCF
Bond,Government Bond,1,1,0,1,0,0,0,1,High,9.17,Partial,1,DCF
Bond,Government Bond,1,1,0,1,0,0,0,1,Medium,16.32,Full,2,DCF
Bond,Government Bond,1,1,0,1,0,0,0,1,High,7.44,Partial,2,DCF
Bond,Government Bond,1,1,0,1,0,0,0,1,Medium,24.28,Partial,1,DCF
Bond,Government Bond,1,1,0,1,0,0,0,1,High,2.77,Partial,2,DCF
Bond,Government Bond,1,1,0,1,0,0,0,1,Medium,18.19,Partial,1,DCF
Equity,Index,1,0,0,1,0,0,0,1,High,,Full,1,Mark-to-Market
Equity,Index,1,0,0,1,0,0,0,1,High,,Full,1,Mark-to-Market
Equity,Index,1,0,0,1,0,0,0,1,High,,Full,1,Mark-to-Market
Bond,Government Bond,1,1,0,1,0,0,0,1,High,6.34,Partial,1,DCF
Bond,Government Bond,1,1,0,1,0,0,0,1,Medium,18.54,Partial,1,DCF
Bond,Government Bond,1,1,0,1,0,0,0,1,Medium,3.09,Full,2,DCF
Bond,Government Bond,1,1,0,1,0,0,0,1,High,5.56,Full,2,DCF
Bond,Government Bond,1,1,0,1,0,0,0,1,High,9.6,Partial,1,DCF
Bond,Government Bond,1,1,0,1,0,0,0,1,High,4.39,Full,2,DCF
Bond,Government Bond,1,1,0,1,0,0,0,1,Medium,13.52,Full,1,DCF
Bond,Government Bond,1,1,0,1,0,0,0,1,Medium,22.33,Full,2,DCF
Bond,Government Bond,1,1,0,1,0,0,0,1,Medium,22.01,Full,1,DCF
Bond,Government Bond,1,1,0,1,0,0,0,1,Medium,9.58,Partial,2,DCF
Bond,Government Bond,1,1,0,1,0,0,0,1,High,9.02,Partial,1,DCF
Bond,Government Bond,1,1,0,1,0,0,0,1,Medium,25.41,Full,2,DCF
Equity,Index,1,0,0,1,0,0,0,1,High,,Full,1,Mark-to-Market
Bond,Government Bond,1,1,0,1,0,0,0,1,High,3.63,Partial,1,DCF
Bond,Government Bond,1,1,0,1,0,0,0,1,High,9.01,Partial,2,DCF
Bond,Government Bond,1,1,0,1,0,0,0,1,Medium,7.12,Full,1,DCF
Bond,Government Bond,1,1,0,1,0,0,0,1,High,28.74,Full,2,DCF
Bond,Government Bond,1,1,0,1,0,0,0,1,High,14.2,Full,1,DCF
Bond,Government Bond,1,1,0,1,0,0,0,1,High,8.94,Partial,1,DCF
Bond,Government Bond,1,1,0,1,0,0,0,1,High,5.36,Full,2,DCF
Bond,Government Bond,1,1,0,1,0,0,0,1,Medium,3.29,Full,2,DCF
Bond,Government Bond,1,1,0,1,0,0,0,1,Medium,29.43,Full,2,DCF
Bond,Government Bond,1,1,0,1,0,0,0,1,Medium,4.74,Partial,1,DCF
Bond,Government Bond,1,1,0,1,0,0,0,1,High,11.7,Partial,2,DCF
Bond,Government Bond,1,1,0,1,0,0,0,1,High,13.16,Partial,2,DCF
Bond,Government Bond,1,1,0,1,0,0,0,1,High,26.83,Partial,1,DCF
Bond,Government Bond,1,1,0,1,0,0,0,1,Medium,19.52,Partial,2,DCF
Bond,Government Bond,1,1,0,1,0,0,0,1,High,17.1,Full,2,DCF
Bond,Government Bond,1,1,0,1,0,0,0,1,Medium,3.98,Full,2,DCF
Bond,Government Bond,1,1,0,1,0,0,0,1,High,26.28,Partial,1,DCF
Bond,Government Bond,1,1,0,1,0,0,0,1,Medium,18.11,Partial,1,DCF
Bond,Government Bond,1,1,0,1,0,0,0,1,Medium,5.6,Full,1,DCF
Bond,Government Bond,1,1,0,1,0,0,0,1,High,28.36,Full,1,DCF
Bond,Government Bond,1,1,0,1,0,0,0,1,High,20.24,Full,2,DCF
Bond,Government Bond,1,1,0,1,0,0,0,1,High,3.94,Full,2,DCF
Bond,Government Bond,1,1,0,1,0,0,0,1,Medium,3.09,Partial,1,DCF
Bond,Government Bond,1,1,0,1,0,0,0,1,High,3.99,Partial,1,DCF
Bond,Government Bond,1,1,0,1,0,0,0,1,Medium,21.09,Partial,2,DCF
Bond,Government Bond,1,1,0,1,0,0,0,1,High,9.89,Partial,2,DCF
Bond,Government Bond,1,1,0,1,0,0,0,1,High,11.75,Full,1,DCF
Bond,Government Bond,1,1,0,1,0,0,0,1,Medium,22.58,Full,1,DCF
Bond,Government Bond,1,1,0,1,0,0,0,1,High,17.34,Full,1,DCF
Bond,Government Bond,1,1,0,1,0,0,0,1,Medium,24.59,Full,1,DCF
Bond,Government Bond,1,1,0,1,0,0,0,1,Medium,5.58,Full,1,DCF
Bond,Government Bond,1,1,0,1,0,0,0,1,Medium,11.54,Partial,2,DCF
Bond,Government Bond,1,1,0,1,0,0,0,1,High,8.68,Full,1,DCF
Bond,Government Bond,1,1,0,1,0,0,0,1,High,23.13,Full,2,DCF
Bond,Government Bond,1,1,0,1,0,0,0,1,High,16.96,Partial,2,DCF
Bond,Government Bond,1,1,0,1,0,0,0,1,High,10.96,Full,1,DCF
Bond,Government Bond,1,1,0,1,0,0,0,1,High,3.5,Full,1,DCF
Bond,Government Bond,1,1,0,1,0,0,0,1,High,4.56,Full,2,DCF
Bond,Government Bond,1,1,0,1,0,0,0,1,Medium,20.95,Partial,1,DCF
Bond,Government Bond,1,1,0,1,0,0,0,1,Medium,19.69,Full,1,DCF
Bond,Government Bond,1,1,0,1,0,0,0,1,High,18.87,Partial,1,DCF
Bond,Government Bond,1,1,0,1,0,0,0,1,High,23.07,Full,2,DCF
Bond,Government Bond,1,1,0,1,0,0,0,1,High,5.18,Full,2,DCF
Bond,Government Bond,1,1,0,1,0,0,0,1,Medium,3.61,Full,2,DCF
Bond,Government Bond,1,1,0,1,0,0,0,1,High,22.64,Full,1,DCF
Bond,Government Bond,1,1,0,1,0,0,0,1,High,5.28,Partial,1,DCF
Bond,Government Bond,1,1,0,1,0,0,0,1,Medium,25.43,Full,1,DCF
Bond,Government Bond,1,1,0,1,0,0,0,1,Medium,4.35,Full,2,DCF
Bond,Government Bond,1,1,0,1,0,0,0,1,Medium,13.11,Full,2,DCF
Bond,Government Bond,1,1,0,1,0,0,0,1,Medium,4.28,Full,2,DCF
Bond,Government Bond,1,1,0,1,0,0,0,1,High,18.28,Full,1,DCF
Bond,Government Bond,1,1,0,1,0,0,0,1,Medium,24.76,Full,1,DCF
Bond,Government Bond,1,1,0,1,0,0,0,1,High,18.57,Partial,2,DCF
Bond,Government Bond,1,1,0,1,0,0,0,1,Medium,4.34,Full,2,DCF
Bond,Government Bond,1,1,0,1,0,0,0,1,Medium,21.74,Partial,2,DCF
Bond,Government Bond,1,1,0,1,0,0,0,1,High,5.11,Full,1,DCF
Bond,Government Bond,1,1,0,1,0,0,0,1,High,13.35,Partial,2,DCF
Bond,Government Bond,1,1,0,1,0,0,0,1,Medium,5.33,Full,1,DCF
Bond,Government Bond,1,1,0,1,0,0,0,1,High,22.84,Full,1,DCF
Bond,Government Bond,1,1,0,1,0,0,0,1,Medium,28.94,Full,2,DCF
Bond,Government Bond,1,1,0,1,0,0,0,1,High,4.32,Full,2,DCF
Bond,Government Bond,1,1,0,1,0,0,0,1,High,28.97,Partial,1,DCF
Bond,Government Bond,1,1,0,1,0,0,0,1,Medium,17.57,Full,1,DCF
Bond,Government Bond,1,1,0,1,0,0,0,1,Medium,16.78,Full,2,DCF
Bond,Government Bond,1,1,0,1,0,0,0,1,High,9.08,Full,2,DCF
Bond,Government Bond,1,1,0,1,0,0,0,1,High,16.65,Full,1,DCF
Bond,Government Bond,1,1,0,1,0,0,0,1,Medium,10.25,Full,1,DCF
Bond,Government Bond,1,1,0,1,0,0,0,1,Medium,18.36,Partial,1,DCF
Bond,Government Bond,1,1,0,1,0,0,0,1,High,27.63,Partial,2,DCF
Bond,Government Bond,1,1,0,1,0,0,0,1,Medium,26.93,Partial,2,DCF
Bond,Government Bond,1,1,0,1,0,0,0,1,Medium,11.4,Partial,2,DCF
Bond,Government Bond,1,1,0,1,0,0,0,1,Medium,14.98,Partial,2,DCF
Bond,Government Bond,1,1,0,1,0,0,0,1,Medium,9.45,Full,1,DCF
Bond,Government Bond,1,1,0,1,0,0,0,1,Medium,29.61,Partial,1,DCF
Bond,Government Bond,1,1,0,1,0,0,0,1,High,9.83,Full,2,DCF
Bond,Government Bond,1,1,0,1,0,0,0,1,High,21.17,Full,1,DCF
Bond,Government Bond,1,1,0,1,0,0,0,1,Medium,4.13,Partial,2,DCF
Bond,Government Bond,1,1,0,1,0,0,0,1,High,22.32,Full,1,DCF
Bond,Government Bond,1,1,0,1,0,0,0,1,Medium,4.32,Partial,2,DCF
Bond,Government Bond,1,1,0,1,0,0,0,1,High,3.27,Full,2,DCF
Bond,Government Bond,1,1,0,1,0,0,0,1,High,23.77,Partial,2,DCF
Bond,Government Bond,1,1,0,1,0,0,0,1,High,6.21,Full,2,DCF
Bond,Government Bond,1,1,0,1,0,0,0,1,High,13.0,Full,1,DCF
Bond,Government Bond,1,1,0,1,0,0,0,1,High,25.47,Partial,1,DCF
Bond,Corporate Bond (IG),1,1,0,1,1,0,0,1,High,5.75,Full,2,DCF
Bond,Corporate Bond (IG),1,1,0,1,1,0,0,1,High,26.21,Full,1,DCF
Bond,Corporate Bond (IG),1,1,0,1,1,0,0,1,High,23.0,Full,1,DCF
Bond,Corporate Bond (IG),1,1,0,1,1,0,0,1,High,23.53,Full,2,DCF
Bond,Corporate Bond (IG),1,1,0,1,1,0,0,1,Medium,12.58,Full,2,DCF
Bond,Corporate Bond (IG),1,1,0,1,1,0,0,1,High,5.62,Full,1,DCF
Bond,Corporate Bond (IG),1,1,0,1,1,0,0,1,High,7.8,Full,1,DCF
Bond,Corporate Bond (IG),1,1,0,1,1,0,0,1,Medium,19.31,Partial,1,DCF
Bond,Corporate Bond (IG),1,1,0,1,1,0,0,1,Medium,2.62,Partial,2,DCF
Bond,Corporate Bond (IG),1,1,0,1,1,0,0,1,Medium,23.62,Full,2,DCF
Bond,Corporate Bond (IG),1,1,0,1,1,0,0,1,Medium,24.86,Partial,1,DCF
Bond,Corporate Bond (IG),1,1,0,1,1,0,0,1,Medium,26.55,Full,1,DCF
Bond,Corporate Bond (IG),1,1,0,1,1,0,0,1,Medium,15.44,Full,1,DCF
Bond,Corporate Bond (IG),1,1,0,1,1,0,0,1,High,19.37,Partial,1,DCF
Bond,Corporate Bond (IG),1,1,0,1,1,0,0,1,High,27.29,Partial,2,DCF
Bond,Corporate Bond (IG),1,1,0,1,1,0,0,1,Medium,11.82,Partial,2,DCF
Bond,Corporate Bond (IG),1,1,0,1,1,0,0,1,Medium,17.53,Full,1,DCF
Bond,Corporate Bond (IG),1,1,0,1,1,0,0,1,Medium,11.75,Partial,1,DCF
Bond,Corporate Bond (IG),1,1,0,1,1,0,0,1,Medium,27.49,Partial,1,DCF
Bond,Corporate Bond (IG),1,1,0,1,1,0,0,1,Medium,26.15,Full,1,DCF
Bond,Corporate Bond (IG),1,1,0,1,1,0,0,1,Medium,14.86,Full,2,DCF
Bond,Corporate Bond (IG),1,1,0,1,1,0,0,1,High,9.23,Partial,1,DCF
Bond,Corporate Bond (IG),1,1,0,1,1,0,0,1,Medium,19.38,Partial,1,DCF
Bond,Corporate Bond (IG),1,1,0,1,1,0,0,1,Medium,19.74,Partial,1,DCF
Bond,Corporate Bond (IG),1,1,0,1,1,0,0,1,High,17.04,Full,1,DCF
Bond,Corporate Bond (IG),1,1,0,1,1,0,0,1,Medium,6.25,Partial,2,DCF
Bond,Corporate Bond (IG),1,1,0,1,1,0,0,1,Medium,7.04,Partial,2,DCF
Bond,Corporate Bond (IG),1,1,0,1,1,0,0,1,High,27.11,Full,1,DCF
Bond,Corporate Bond (IG),1,1,0,1,1,0,0,1,High,29.25,Full,2,DCF
Bond,Corporate Bond (IG),1,1,0,1,1,0,0,1,High,3.14,Full,2,DCF
Bond,Corporate Bond (IG),1,1,0,1,1,0,0,1,Medium,11.73,Partial,1,DCF
Bond,Corporate Bond (IG),1,1,0,1,1,0,0,1,Medium,5.38,Full,2,DCF
Bond,Corporate Bond (IG),1,1,0,1,1,0,0,1,Medium,27.04,Full,2,DCF
Bond,Corporate Bond (IG),1,1,0,1,1,0,0,1,Medium,21.33,Full,2,DCF
Bond,Corporate Bond (IG),1,1,0,1,1,0,0,1,High,15.47,Partial,1,DCF
Bond,Corporate Bond (IG),1,1,0,1,1,0,0,1,Medium,26.46,Full,2,DCF
Bond,Corporate Bond (IG),1,1,0,1,1,0,0,1,High,2.07,Partial,1,DCF
Bond,Corporate Bond (IG),1,1,0,1,1,0,0,1,Medium,22.95,Full,2,DCF
Bond,Corporate Bond (IG),1,1,0,1,1,0,0,1,High,17.02,Partial,2,DCF
Bond,Corporate Bond (IG),1,1,0,1,1,0,0,1,Medium,19.31,Full,2,DCF
Bond,Corporate Bond (IG),1,1,0,1,1,0,0,1,Medium,22.17,Partial,2,DCF
Bond,Corporate Bond (IG),1,1,0,1,1,0,0,1,High,9.07,Full,1,DCF
Bond,Corporate Bond (IG),1,1,0,1,1,0,0,1,High,25.64,Full,1,DCF
Bond,Corporate Bond (IG),1,1,0,1,1,0,0,1,Medium,5.0,Partial,2,DCF
Bond,Corporate Bond (IG),1,1,0,1,1,0,0,1,High,13.12,Partial,1,DCF
Bond,Corporate Bond (IG),1,1,0,1,1,0,0,1,High,12.56,Partial,1,DCF
Bond,Corporate Bond (IG),1,1,0,1,1,0,0,1,High,25.54,Partial,2,DCF
Bond,Corporate Bond (IG),1,1,0,1,1,0,0,1,Medium,5.35,Full,1,DCF
Bond,Corporate Bond (IG),1,1,0,1,1,0,0,1,Medium,15.27,Partial,1,DCF
Bond,Corporate Bond (IG),1,1,0,1,1,0,0,1,High,15.96,Full,2,DCF
Bond,Corporate Bond (IG),1,1,0,1,1,0,0,1,High,22.63,Full,2,DCF
Bond,Corporate Bond (IG),1,1,0,1,1,0,0,1,Medium,14.09,Full,2,DCF
Bond,Corporate Bond (IG),1,1,0,1,1,0,0,1,High,11.45,Partial,2,DCF
Bond,Corporate Bond (IG),1,1,0,1,1,0,0,1,Medium,17.98,Partial,1,DCF
Bond,Corporate Bond (IG),1,1,0,1,1,0,0,1,High,11.25,Full,1,DCF
Bond,Corporate Bond (IG),1,1,0,1,1,0,0,1,High,4.85,Partial,2,DCF
Bond,Corporate Bond (IG),1,1,0,1,1,0,0,1,High,15.66,Partial,1,DCF
Bond,Corporate Bond (IG),1,1,0,1,1,0,0,1,Medium,9.98,Full,2,DCF
Bond,Corporate Bond (IG),1,1,0,1,1,0,0,1,High,25.58,Full,1,DCF
Bond,Corporate Bond (IG),1,1,0,1,1,0,0,1,High,13.49,Partial,2,DCF
Bond,Corporate Bond (IG),1,1,0,1,1,0,0,1,High,27.11,Partial,2,DCF
Bond,Corporate Bond (IG),1,1,0,1,1,0,0,1,High,26.23,Partial,2,DCF
Bond,Corporate Bond (IG),1,1,0,1,1,0,0,1,High,15.74,Partial,1,DCF
Bond,Corporate Bond (IG),1,1,0,1,1,0,0,1,Medium,28.02,Full,1,DCF
Bond,Corporate Bond (IG),1,1,0,1,1,0,0,1,Medium,15.35,Full,2,DCF
Bond,Corporate Bond (IG),1,1,0,1,1,0,0,1,High,7.24,Partial,2,DCF
Bond,Corporate Bond (IG),1,1,0,1,1,0,0,1,High,7.59,Partial,1,DCF
Bond,Corporate Bond (IG),1,1,0,1,1,0,0,1,Medium,5.22,Partial,2,DCF
Bond,Corporate Bond (IG),1,1,0,1,1,0,0,1,Medium,4.44,Partial,1,DCF
Bond,Corporate Bond (IG),1,1,0,1,1,0,0,1,High,15.47,Full,1,DCF
Bond,Corporate Bond (IG),1,1,0,1,1,0,0,1,High,12.34,Partial,2,DCF
Bond,Corporate Bond (IG),1,1,0,1,1,0,0,1,High,3.77,Partial,2,DCF
Bond,Corporate Bond (IG),1,1,0,1,1,0,0,1,High,21.17,Partial,1,DCF
Bond,Corporate Bond (IG),1,1,0,1,1,0,0,1,High,21.08,Full,1,DCF
Bond,Corporate Bond (IG),1,1,0,1,1,0,0,1,High,15.25,Partial,1,DCF
Bond,Corporate Bond (IG),1,1,0,1,1,0,0,1,High,11.77,Full,1,DCF
Bond,Corporate Bond (IG),1,1,0,1,1,0,0,1,Medium,22.89,Partial,2,DCF
Bond,Corporate Bond (IG),1,1,0,1,1,0,0,1,High,22.46,Full,2,DCF
Bond,Corporate Bond (IG),1,1,0,1,1,0,0,1,Medium,12.62,Full,2,DCF
Bond,Corporate Bond (IG),1,1,0,1,1,0,0,1,Medium,18.09,Partial,1,DCF
Bond,Corporate Bond (IG),1,1,0,1,1,0,0,1,Medium,25.18,Full,2,DCF
Bond,Corporate Bond (IG),1,1,0,1,1,0,0,1,Medium,6.58,Full,1,DCF
Bond,Corporate Bond (IG),1,1,0,1,1,0,0,1,High,8.6,Partial,2,DCF
Bond,Corporate Bond (IG),1,1,0,1,1,0,0,1,Medium,12.05,Full,2,DCF
Bond,Corporate Bond (IG),1,1,0,1,1,0,0,1,High,21.12,Partial,1,DCF
Bond,Corporate Bond (IG),1,1,0,1,1,0,0,1,Medium,12.55,Full,1,DCF
Bond,Corporate Bond (IG),1,1,0,1,1,0,0,1,Medium,17.11,Full,1,DCF
Bond,Corporate Bond (IG),1,1,0,1,1,0,0,1,High,8.5,Full,1,DCF
Bond,Corporate Bond (IG),1,1,0,1,1,0,0,1,High,16.89,Full,2,DCF
Bond,Corporate Bond (IG),1,1,0,1,1,0,0,1,Medium,19.48,Full,2,DCF
Bond,Corporate Bond (IG),1,1,0,1,1,0,0,1,Medium,11.32,Full,2,DCF
Bond,Corporate Bond (IG),1,1,0,1,1,0,0,1,Medium,5.9,Full,1,DCF
Bond,Corporate Bond (IG),1,1,0,1,1,0,0,1,High,15.87,Partial,1,DCF
Bond,Corporate Bond (IG),1,1,0,1,1,0,0,1,High,24.08,Partial,1,DCF
Bond,Corporate Bond (IG),1,1,0,1,1,0,0,1,High,21.8,Full,1,DCF
Bond,Corporate Bond (IG),1,1,0,1,1,0,0,1,High,2.94,Partial,2,DCF
Bond,Corporate Bond (IG),1,1,0,1,1,0,0,1,Medium,15.83,Partial,1,DCF
Bond,Corporate Bond (IG),1,1,0,1,1,0,0,1,Medium,25.0,Full,1,DCF
Bond,Corporate Bond (IG),1,1,0,1,1,0,0,1,Medium,14.8,Partial,2,DCF
Bond,Corporate Bond (IG),1,1,0,1,1,0,0,1,High,24.32,Full,1,DCF
Bond,Corporate Bond (IG),1,1,0,1,1,0,0,1,High,13.45,Full,2,DCF
Bond,Corporate Bond (IG),1,1,0,1,1,0,0,1,High,19.95,Full,2,DCF
Bond,Corporate Bond (IG),1,1,0,1,1,0,0,1,Medium,22.05,Full,1,DCF
Bond,Corporate Bond (IG),1,1,0,1,1,0,0,1,Medium,7.08,Partial,2,DCF
Bond,Corporate Bond (IG),1,1,0,1,1,0,0,1,Medium,8.37,Full,1,DCF
Bond,Corporate Bond (IG),1,1,0,1,1,0,0,1,Medium,28.52,Partial,2,DCF
Bond,Corporate Bond (IG),1,1,0,1,1,0,0,1,High,5.9,Partial,1,DCF
Bond,Corporate Bond (IG),1,1,0,1,1,0,0,1,High,2.51,Partial,1,DCF
Bond,Corporate Bond (IG),1,1,0,1,1,0,0,1,Medium,4.86,Partial,2,DCF
Bond,Corporate Bond (IG),1,1,0,1,1,0,0,1,High,27.83,Partial,1,DCF
Bond,Corporate Bond (IG),1,1,0,1,1,0,0,1,Medium,23.59,Full,2,DCF
Bond,Corporate Bond (IG),1,1,0,1,1,0,0,1,High,13.88,Full,2,DCF
Bond,Corporate Bond (IG),1,1,0,1,1,0,0,1,Medium,25.53,Full,1,DCF
Bond,Corporate Bond (IG),1,1,0,1,1,0,0,1,High,5.17,Full,2,DCF
Bond,Corporate Bond (IG),1,1,0,1,1,0,0,1,Medium,7.22,Full,1,DCF
Bond,Corporate Bond (IG),1,1,0,1,1,0,0,1,High,26.36,Full,1,DCF
Bond,Corporate Bond (IG),1,1,0,1,1,0,0,1,Medium,19.02,Full,1,DCF
Bond,Corporate Bond (IG),1,1,0,1,1,0,0,1,High,11.39,Partial,1,DCF
Bond,Corporate Bond (IG),1,1,0,1,1,0,0,1,High,18.9,Full,1,DCF
Bond,Corporate Bond (IG),1,1,0,1,1,0,0,1,Medium,17.05,Full,2,DCF
Bond,Corporate Bond (IG),1,1,0,1,1,0,0,1,Medium,15.04,Full,2,DCF
Bond,Corporate Bond (IG),1,1,0,1,1,0,0,1,High,14.66,Full,1,DCF
Bond,Corporate Bond (IG),1,1,0,1,1,0,0,1,Medium,27.56,Partial,2,DCF
Bond,Corporate Bond (IG),1,1,0,1,1,0,0,1,High,15.95,Partial,1,DCF
Bond,Corporate Bond (IG),1,1,0,1,1,0,0,1,Medium,10.72,Full,1,DCF
Bond,Corporate Bond (IG),1,1,0,1,1,0,0,1,High,19.7,Partial,2,DCF
Bond,Corporate Bond (IG),1,1,0,1,1,0,0,1,High,16.42,Full,2,DCF
Bond,Corporate Bond (IG),1,1,0,1,1,0,0,1,High,6.16,Partial,2,DCF
Bond,Corporate Bond (IG),1,1,0,1,1,0,0,1,Medium,16.98,Partial,1,DCF
Bond,Corporate Bond (IG),1,1,0,1,1,0,0,1,High,18.67,Full,2,DCF
Bond,Corporate Bond (IG),1,1,0,1,1,0,0,1,High,13.95,Partial,1,DCF
Bond,Corporate Bond (IG),1,1,0,1,1,0,0,1,Medium,7.74,Full,1,DCF
Bond,Corporate Bond (IG),1,1,0,1,1,0,0,1,High,12.58,Partial,2,DCF
Bond,Corporate Bond (IG),1,1,0,1,1,0,0,1,High,3.84,Partial,1,DCF
Bond,Corporate Bond (IG),1,1,0,1,1,0,0,1,High,16.77,Partial,2,DCF
Bond,Corporate Bond (IG),1,1,0,1,1,0,0,1,High,13.22,Partial,1,DCF
Bond,Corporate Bond (IG),1,1,0,1,1,0,0,1,High,4.88,Partial,1,DCF
Bond,Corporate Bond (IG),1,1,0,1,1,0,0,1,High,28.49,Partial,2,DCF
Bond,Corporate Bond (IG),1,1,0,1,1,0,0,1,Medium,27.13,Partial,2,DCF
Bond,Corporate Bond (IG),1,1,0,1,1,0,0,1,High,2.71,Partial,2,DCF
Bond,Corporate Bond (IG),1,1,0,1,1,0,0,1,Medium,26.28,Partial,1,DCF
Bond,Corporate Bond (IG),1,1,0,1,1,0,0,1,High,8.22,Partial,1,DCF
Bond,Corporate Bond (IG),1,1,0,1,1,0,0,1,High,16.15,Partial,2,DCF
Bond,Corporate Bond (IG),1,1,0,1,1,0,0,1,High,24.4,Full,1,DCF
Bond,Corporate Bond (IG),1,1,0,1,1,0,0,1,High,17.59,Partial,2,DCF
Bond,Corporate Bond (IG),1,1,0,1,1,0,0,1,High,8.81,Partial,2,DCF
Bond,Corporate Bond (IG),1,1,0,1,1,0,0,1,Medium,24.59,Partial,2,DCF
Bond,Corporate Bond (IG),1,1,0,1,1,0,0,1,Medium,20.71,Full,2,DCF
Bond,Corporate Bond (IG),1,1,0,1,1,0,0,1,High,11.07,Partial,1,DCF
Bond,Corporate Bond (IG),1,1,0,1,1,0,0,1,Medium,4.39,Full,1,DCF
Bond,Corporate Bond (IG),1,1,0,1,1,0,0,1,High,5.44,Full,2,DCF
Bond,Corporate Bond (IG),1,1,0,1,1,0,0,1,High,13.8,Partial,1,DCF
Bond,Corporate Bond (IG),1,1,0,1,1,0,0,1,High,19.49,Full,2,DCF
Bond,Corporate Bond (IG),1,1,0,1,1,0,0,1,High,12.63,Full,1,DCF
Bond,Corporate Bond (IG),1,1,0,1,1,0,0,1,Medium,25.26,Full,2,DCF
Bond,Corporate Bond (IG),1,1,0,1,1,0,0,1,Medium,17.46,Partial,1,DCF
Bond,Corporate Bond (IG),1,1,0,1,1,0,0,1,Medium,8.15,Partial,2,DCF
Bond,Corporate Bond (IG),1,1,0,1,1,0,0,1,Medium,5.92,Partial,2,DCF
Bond,Corporate Bond (IG),1,1,0,1,1,0,0,1,Medium,29.59,Full,2,DCF
Bond,Corporate Bond (IG),1,1,0,1,1,0,0,1,Medium,13.91,Full,1,DCF
Bond,Corporate Bond (IG),1,1,0,1,1,0,0,1,Medium,22.77,Partial,1,DCF
Bond,Corporate Bond (IG),1,1,0,1,1,0,0,1,High,9.22,Partial,2,DCF
Bond,Corporate Bond (IG),1,1,0,1,1,0,0,1,High,13.81,Partial,2,DCF
Bond,Corporate Bond (IG),1,1,0,1,1,0,0,1,High,6.81,Full,1,DCF
Bond,Corporate Bond (IG),1,1,0,1,1,0,0,1,High,25.03,Partial,1,DCF
Bond,Corporate Bond (IG),1,1,0,1,1,0,0,1,Medium,18.14,Partial,2,DCF
Bond,Corporate Bond (IG),1,1,0,1,1,0,0,1,High,13.35,Partial,2,DCF
Bond,Corporate Bond (IG),1,1,0,1,1,0,0,1,Medium,7.78,Partial,2,DCF
Bond,Corporate Bond (IG),1,1,0,1,1,0,0,1,High,9.38,Full,2,DCF
Bond,Corporate Bond (IG),1,1,0,1,1,0,0,1,High,18.73,Partial,1,DCF
Bond,Corporate Bond (IG),1,1,0,1,1,0,0,1,High,15.84,Partial,1,DCF
Bond,Corporate Bond (IG),1,1,0,1,1,0,0,1,High,13.73,Partial,2,DCF
Bond,Corporate Bond (IG),1,1,0,1,1,0,0,1,Medium,13.82,Partial,2,DCF
Bond,Corporate Bond (IG),1,1,0,1,1,0,0,1,Medium,22.66,Full,1,DCF
Bond,Corporate Bond (IG),1,1,0,1,1,0,0,1,Medium,23.59,Full,1,DCF
Bond,Corporate Bond (IG),1,1,0,1,1,0,0,1,High,10.08,Partial,2,DCF
Bond,Corporate Bond (IG),1,1,0,1,1,0,0,1,High,22.2,Partial,1,DCF
Bond,Corporate Bond (IG),1,1,0,1,1,0,0,1,Medium,15.33,Full,2,DCF
Bond,Corporate Bond (IG),1,1,0,1,1,0,0,1,Medium,5.78,Partial,1,DCF
Bond,Corporate Bond (IG),1,1,0,1,1,0,0,1,Medium,2.87,Partial,1,DCF
Bond,Corporate Bond (IG),1,1,0,1,1,0,0,1,High,25.56,Full,2,DCF
Bond,Corporate Bond (IG),1,1,0,1,1,0,0,1,High,18.71,Partial,1,DCF
Bond,Corporate Bond (IG),1,1,0,1,1,0,0,1,Medium,15.28,Full,1,DCF
Bond,Corporate Bond (IG),1,1,0,1,1,0,0,1,Medium,22.39,Full,1,DCF
Bond,Corporate Bond (IG),1,1,0,1,1,0,0,1,High,18.75,Full,1,DCF
Bond,Corporate Bond (IG),1,1,0,1,1,0,0,1,High,24.93,Full,2,DCF
Bond,Corporate Bond (IG),1,1,0,1,1,0,0,1,Medium,29.1,Partial,2,DCF
Equity,Index,1,0,0,1,0,0,0,1,High,,Full,1,Mark-to-Market
Equity,Index,1,0,0,1,0,0,0,1,High,,Full,1,Mark-to-Market
Equity,Index,1,0,0,1,0,0,0,1,High,,Full,1,Mark-to-Market
Equity,Mid Cap,1,1,0,1,0,0,0,1,Medium,,Partial,1,Mark-to-Market
Equity,Index,1,0,0,1,0,0,0,1,High,,Full,1,Mark-to-Market
Equity,Index,1,0,0,1,0,0,0,1,High,,Full,1,Mark-to-Market
Equity,Index,1,0,0,1,0,0,0,1,High,,Full,1,Mark-to-Market
Equity,Index,1,0,0,1,0,0,0,1,High,,Full,1,Mark-to-Market
Equity,Large Cap Dividend,1,1,0,1,0,0,0,1,High,,Full,1,Mark-to-Market
Equity,Index,1,0,0,1,0,0,0,1,High,,Full,1,Mark-to-Market
Equity,Index,1,0,0,1,0,0,0,1,High,,Full,1,Mark-to-Market
Equity,Index,1,0,0,1,0,0,0,1,High,,Full,1,Mark-to-Market
Equity,Large Cap Dividend,1,1,0,1,0,0,0,1,High,,Partial,1,DDM
Equity,Large Cap Growth,1,1,0,1,0,0,0,1,Medium,,Partial,1,DCF
Equity,Large Cap Dividend,1,1,0,1,0,0,0,1,Medium,,Full,1,Mark-to-Market
Equity,Large Cap Growth,1,1,0,1,0,0,0,1,High,,Full,1,DCF
Equity,Large Cap Growth,1,1,0,1,0,0,0,1,Medium,,Partial,1,Mark-to-Market
Equity,Large Cap Growth,1,1,0,1,0,0,0,1,High,,Full,1,Mark-to-Market
Equity,Mid Cap,1,1,0,1,0,0,0,1,High,,Partial,1,DCF
Equity,Large Cap Dividend,1,1,0,1,0,0,0,1,High,,Full,1,DDM
Equity,Large Cap Growth,1,1,0,1,0,0,0,1,Medium,,Full,1,Relative
Equity,Mid Cap,1,1,0,1,0,0,0,1,Medium,,Full,1,Mark-to-Market
Equity,Mid Cap,1,1,0,1,0,0,0,1,High,,Partial,1,DCF
Equity,Mid Cap,1,1,0,1,0,0,0,1,High,,Partial,1,Mark-to-Market
Equity,Large Cap Growth,1,1,0,1,0,0,0,1,Medium,,Partial,1,DCF
Equity,Large Cap Growth,1,1,0,1,0,0,0,1,High,,Partial,1,DDM
Equity,Large Cap Dividend,1,1,0,1,0,0,0,1,Medium,,Partial,1,Relative
Equity,Large Cap Dividend,1,1,0,1,0,0,0,1,Medium,,Full,1,Relative
Equity,Mid Cap,1,1,0,1,0,0,0,1,High,,Partial,1,DCF
Equity,Mid Cap,1,1,0,1,0,0,0,1,Medium,,Partial,1,DCF
Equity,Large Cap Dividend,1,1,0,1,0,0,0,1,High,,Full,1,DCF
Equity,Large Cap Dividend,1,1,0,1,0,0,0,1,High,,Full,1,Mark-to-Market
Equity,Large Cap Dividend,1,1,0,1,0,0,0,1,High,,Full,1,Relative
Equity,Mid Cap,1,1,0,1,0,0,0,1,High,,Full,1,DDM
Equity,Large Cap Growth,1,1,0,1,0,0,0,1,Medium,,Full,1,DDM
Equity,Large Cap Dividend,1,1,0,1,0,0,0,1,Medium,,Partial,1,Relative
Equity,Mid Cap,1,1,0,1,0,0,0,1,High,,Full,1,Relative
Equity,Large Cap Dividend,1,1,0,1,0,0,0,1,High,,Full,1,Mark-to-Market
Equity,Large Cap Dividend,1,1,0,1,0,0,0,1,Medium,,Full,1,DCF
Equity,Large Cap Growth,1,1,0,1,0,0,0,1,High,,Partial,1,Relative
Equity,Mid Cap,1,1,0,1,0,0,0,1,High,,Full,1,DCF
Equity,Large Cap Growth,1,1,0,1,0,0,0,1,Medium,,Full,1,Mark-to-Market
Equity,Large Cap Growth,1,1,0,1,0,0,0,1,High,,Full,1,DCF
Equity,Large Cap Growth,1,1,0,1,0,0,0,1,High,,Full,1,Relative
Equity,Large Cap Dividend,1,1,0,1,0,0,0,1,High,,Partial,1,Mark-to-Market
Equity,Large Cap Dividend,1,1,0,1,0,0,0,1,High,,Full,1,DDM
Equity,Mid Cap,1,1,0,1,0,0,0,1,High,,Full,1,Relative
Equity,Large Cap Dividend,1,1,0,1,0,0,0,1,High,,Partial,1,DDM
Equity,Mid Cap,1,1,0,1,0,0,0,1,Medium,,Full,1,Relative
Equity,Large Cap Dividend,1,1,0,1,0,0,0,1,High,,Partial,1,Relative
Equity,Mid Cap,1,1,0,1,0,0,0,1,High,,Partial,1,DCF
Equity,Large Cap Growth,1,1,0,1,0,0,0,1,Medium,,Full,1,Mark-to-Market
Equity,Large Cap Growth,1,1,0,1,0,0,0,1,Medium,,Full,1,Relative
Equity,Large Cap Dividend,1,1,0,1,0,0,0,1,High,,Full,1,Relative
Equity,Large Cap Growth,1,1,0,1,0,0,0,1,High,,Full,1,DDM
Equity,Large Cap Dividend,1,1,0,1,0,0,0,1,Medium,,Partial,1,Relative
Equity,Large Cap Dividend,1,1,0,1,0,0,0,1,Medium,,Full,1,Mark-to-Market
Equity,Large Cap Dividend,1,1,0,1,0,0,0,1,Medium,,Full,1,Mark-to-Market
Equity,Mid Cap,1,1,0,1,0,0,0,1,High,,Full,1,Relative
Equity,Large Cap Dividend,1,1,0,1,0,0,0,1,Medium,,Partial,1,DCF
Equity,Large Cap Growth,1,1,0,1,0,0,0,1,High,,Partial,1,Mark-to-Market
Equity,Large Cap Dividend,1,1,0,1,0,0,0,1,High,,Full,1,Mark-to-Market
Equity,Large Cap Growth,1,1,0,1,0,0,0,1,High,,Partial,1,DDM
Equity,Mid Cap,1,1,0,1,0,0,0,1,High,,Full,1,DCF
Equity,Mid Cap,1,1,0,1,0,0,0,1,High,,Full,1,Mark-to-Market
Equity,Large Cap Dividend,1,1,0,1,0,0,0,1,High,,Full,1,DDM
Equity,Mid Cap,1,1,0,1,0,0,0,1,High,,Partial,1,DDM
Equity,Large Cap Growth,1,1,0,1,0,0,0,1,Medium,,Full,1,DCF
Equity,Large Cap Growth,1,1,0,1,0,0,0,1,High,,Full,1,Relative
Equity,Large Cap Dividend,1,1,0,1,0,0,0,1,High,,Full,1,DCF
Equity,Large Cap Dividend,1,1,0,1,0,0,0,1,High,,Full,1,Relative
Equity,Large Cap Dividend,1,1,0,1,0,0,0,1,High,,Partial,1,DDM
Equity,Large Cap Growth,1,1,0,1,0,0,0,1,Medium,,Full,1,DCF
Equity,Large Cap Dividend,1,1,0,1,0,0,0,1,High,,Partial,1,Mark-to-Market
Equity,Large Cap Dividend,1,1,0,1,0,0,0,1,Medium,,Full,1,DDM
Equity,Large Cap Dividend,1,1,0,1,0,0,0,1,High,,Full,1,DDM
Equity,Large Cap Dividend,1,1,0,1,0,0,0,1,Medium,,Partial,1,Relative
Equity,Large Cap Growth,1,1,0,1,0,0,0,1,Medium,,Full,1,DCF
Equity,Mid Cap,1,1,0,1,0,0,0,1,High,,Full,1,Mark-to-Market
Equity,Mid Cap,1,1,0,1,0,0,0,1,Medium,,Full,1,DDM
Equity,Large Cap Growth,1,1,0,1,0,0,0,1,Medium,,Full,1,DCF
Equity,Large Cap Growth,1,1,0,1,0,0,0,1,Medium,,Full,1,DDM
Equity,Large Cap Growth,1,1,0,1,0,0,0,1,High,,Full,1,Relative
Equity,Mid Cap,1,1,0,1,0,0,0,1,High,,Full,1,Relative
Equity,Mid Cap,1,1,0,1,0,0,0,1,High,,Full,1,Mark-to-Market
Equity,Mid Cap,1,1,0,1,0,0,0,1,High,,Partial,1,Relative
Equity,Large Cap Growth,1,1,0,1,0,0,0,1,High,,Partial,1,DDM
Equity,Large Cap Growth,1,1,0,1,0,0,0,1,High,,Partial,1,Mark-to-Market
Equity,Mid Cap,1,1,0,1,0,0,0,1,High,,Full,1,Relative
Equity,Large Cap Growth,1,1,0,1,0,0,0,1,High,,Partial,1,DCF
Equity,Large Cap Dividend,1,1,0,1,0,0,0,1,High,,Full,1,DCF
Equity,Large Cap Growth,1,1,0,1,0,0,0,1,High,,Full,1,Relative
Equity,Large Cap Growth,1,1,0,1,0,0,0,1,Medium,,Full,1,DCF
Equity,Large Cap Growth,1,1,0,1,0,0,0,1,Medium,,Full,1,Relative
Equity,Mid Cap,1,1,0,1,0,0,0,1,High,,Partial,1,DDM
Equity,Large Cap Dividend,1,1,0,1,0,0,0,1,High,,Full,1,DDM
Equity,Mid Cap,1,1,0,1,0,0,0,1,Medium,,Partial,1,DDM
Equity,Large Cap Growth,1,1,0,1,0,0,0,1,High,,Full,1,DDM
Equity,Large Cap Growth,1,1,0,1,0,0,0,1,High,,Full,1,Relative
Equity,Mid Cap,1,1,0,1,0,0,0,1,High,,Partial,1,Mark-to-Market
Bond,Corporate Bond (IG),1,1,0,1,1,0,0,1,High,24.25,Full,1,DCF
Bond,Corporate Bond (IG),1,1,0,1,1,0,0,1,Medium,25.52,Full,2,DCF
Bond,Corporate Bond (IG),1,1,0,1,1,0,0,1,Medium,20.33,Full,1,DCF
Bond,Corporate Bond (IG),1,1,0,1,1,0,0,1,High,28.97,Partial,2,DCF
Bond,Corporate Bond (IG),1,1,0,1,1,0,0,1,High,28.42,Partial,1,DCF
Bond,Corporate Bond (IG),1,1,0,1,1,0,0,1,High,29.01,Full,1,DCF
Bond,Corporate Bond (IG),1,1,0,1,1,0,0,1,High,29.55,Full,2,DCF
Bond,Corporate Bond (IG),1,1,0,1,1,0,0,1,Medium,22.28,Partial,1,DCF
Bond,Corporate Bond (IG),1,1,0,1,1,0,0,1,High,2.87,Full,2,DCF
Bond,Corporate Bond (IG),1,1,0,1,1,0,0,1,Medium,17.76,Partial,2,DCF
Bond,Corporate Bond (IG),1,1,0,1,1,0,0,1,High,29.11,Partial,1,DCF
Bond,Corporate Bond (IG),1,1,0,1,1,0,0,1,High,4.55,Partial,1,DCF
Bond,Corporate Bond (IG),1,1,0,1,1,0,0,1,High,25.65,Partial,1,DCF
Bond,Corporate Bond (IG),1,1,0,1,1,0,0,1,High,24.31,Partial,1,DCF
Bond,Corporate Bond (IG),1,1,0,1,1,0,0,1,Medium,27.78,Full,2,DCF
Bond,Corporate Bond (IG),1,1,0,1,1,0,0,1,Medium,14.94,Partial,2,DCF
Bond,Corporate Bond (IG),1,1,0,1,1,0,0,1,High,5.51,Partial,2,DCF
Bond,Corporate Bond (IG),1,1,0,1,1,0,0,1,Medium,17.64,Partial,1,DCF
Bond,Corporate Bond (IG),1,1,0,1,1,0,0,1,Medium,3.8,Partial,1,DCF
Commodity,Commodity Spot,1,0,0,1,0,0,0,1,High,1.22,Full,1,Cost-of-Carry
Commodity,Commodity Spot,1,0,0,1,0,0,0,1,Medium,0.69,Full,1,Cost-of-Carry
Commodity,Commodity Spot,1,0,0,1,0,0,0,1,High,0.38,Full,1,Cost-of-Carry
Commodity,Commodity Spot,1,0,0,1,0,0,0,1,High,0.24,Full,1,Cost-of-Carry
Commodity,Commodity Spot,1,0,0,1,0,0,0,1,Medium,0.85,Full,1,Cost-of-Carry
Commodity,Commodity Spot,1,0,0,1,0,0,0,1,High,1.24,Full,1,Cost-of-Carry
Commodity,Commodity Spot,1,0,0,1,0,0,0,1,Medium,1.35,Full,1,Cost-of-Carry
Commodity,Commodity Spot,1,0,0,1,0,0,0,1,High,1.73,Full,1,Cost-of-Carry
Commodity,Commodity Spot,1,0,0,1,0,0,0,1,Medium,1.82,Full,1,Cost-of-Carry
Commodity,Commodity Spot,1,0,0,1,0,0,0,1,High,1.01,Full,1,Cost-of-Carry
Commodity,Commodity Spot,1,0,0,1,0,0,0,1,Medium,0.38,Full,1,Cost-of-Carry
Commodity,Commodity Spot,1,0,0,1,0,0,0,1,Medium,1.97,Full,1,Cost-of-Carry
Commodity,Commodity Spot,1,0,0,1,0,0,0,1,Medium,0.13,Full,1,Cost-of-Carry
Commodity,Commodity Spot,1,0,0,1,0,0,0,1,Medium,1.27,Full,1,Cost-of-Carry
Commodity,Commodity Spot,1,0,0,1,0,0,0,1,Medium,0.76,Full,1,Cost-of-Carry
Commodity,Commodity Spot,1,0,0,1,0,0,0,1,Medium,0.12,Full,1,Cost-of-Carry
Commodity,Commodity Spot,1,0,0,1,0,0,0,1,Medium,0.24,Full,1,Cost-of-Carry
Commodity,Commodity Spot,1,0,0,1,0,0,0,1,High,0.27,Full,1,Cost-of-Carry
Commodity,Commodity Spot,1,0,0,1,0,0,0,1,High,0.26,Full,1,Cost-of-Carry
Commodity,Commodity Spot,1,0,0,1,0,0,0,1,High,0.25,Full,1,Cost-of-Carry
Commodity,Commodity Spot,1,0,0,1,0,0,0,1,Medium,0.71,Full,1,Cost-of-Carry
Commodity,Commodity Spot,1,0,0,1,0,0,0,1,Medium,1.18,Full,1,Cost-of-Carry
Commodity,Commodity Spot,1,0,0,1,0,0,0,1,Medium,1.42,Full,1,Cost-of-Carry
Commodity,Commodity Spot,1,0,0,1,0,0,0,1,High,0.48,Full,1,Cost-of-Carry
Commodity,Commodity Spot,1,0,0,1,0,0,0,1,High,1.37,Full,1,Cost-of-Carry
Commodity,Commodity Spot,1,0,0,1,0,0,0,1,Medium,1.31,Full,1,Cost-of-Carry
Commodity,Commodity Spot,1,0,0,1,0,0,0,1,High,1.8,Full,1,Cost-of-Carry
Commodity,Commodity Spot,1,0,0,1,0,0,0,1,High,1.88,Full,1,Cost-of-Carry
Commodity,Commodity Spot,1,0,0,1,0,0,0,1,High,1.26,Full,1,Cost-of-Carry
Commodity,Commodity Spot,1,0,0,1,0,0,0,1,High,1.45,Full,1,Cost-of-Carry
Commodity,Commodity Spot,1,0,0,1,0,0,0,1,Medium,1.9,Full,1,Cost-of-Carry
Commodity,Commodity Spot,1,0,0,1,0,0,0,1,Medium,1.62,Full,1,Cost-of-Carry
Commodity,Commodity Spot,1,0,0,1,0,0,0,1,Medium,1.26,Full,1,Cost-of-Carry
Commodity,Commodity Spot,1,0,0,1,0,0,0,1,High,0.25,Full,1,Cost-of-Carry
Commodity,Commodity Spot,1,0,0,1,0,0,0,1,Medium,1.15,Full,1,Cost-of-Carry
Commodity,Commodity Spot,1,0,0,1,0,0,0,1,Medium,1.65,Full,1,Cost-of-Carry
Commodity,Commodity Spot,1,0,0,1,0,0,0,1,Medium,1.01,Full,1,Cost-of-Carry
Commodity,Commodity Spot,1,0,0,1,0,0,0,1,High,1.1,Full,1,Cost-of-Carry
Commodity,Commodity Spot,1,0,0,1,0,0,0,1,Medium,0.93,Full,1,Cost-of-Carry
Commodity,Commodity Spot,1,0,0,1,0,0,0,1,Medium,0.21,Full,1,Cost-of-Carry
Commodity,Commodity Spot,1,0,0,1,0,0,0,1,High,1.34,Full,1,Cost-of-Carry
Commodity,Commodity Spot,1,0,0,1,0,0,0,1,High,1.76,Full,1,Cost-of-Carry
Commodity,Commodity Spot,1,0,0,1,0,0,0,1,Medium,0.73,Full,1,Cost-of-Carry
Commodity,Commodity Spot,1,0,0,1,0,0,0,1,Medium,0.74,Full,1,Cost-of-Carry
Commodity,Commodity Spot,1,0,0,1,0,0,0,1,Medium,1.76,Full,1,Cost-of-Carry
Commodity,Commodity Spot,1,0,0,1,0,0,0,1,High,1.35,Full,1,Cost-of-Carry
Commodity,Commodity Spot,1,0,0,1,0,0,0,1,High,0.41,Full,1,Cost-of-Carry
Commodity,Commodity Spot,1,0,0,1,0,0,0,1,Medium,1.47,Full,1,Cost-of-Carry
Commodity,Commodity Spot,1,0,0,1,0,0,0,1,Medium,0.73,Full,1,Cost-of-Carry
Commodity,Commodity Spot,1,0,0,1,0,0,0,1,Medium,1.95,Full,1,Cost-of-Carry
Commodity,Commodity Spot,1,0,0,1,0,0,0,1,High,0.25,Full,1,Cost-of-Carry
Commodity,Commodity Spot,1,0,0,1,0,0,0,1,High,1.39,Full,1,Cost-of-Carry
Commodity,Commodity Spot,1,0,0,1,0,0,0,1,High,0.89,Full,1,Cost-of-Carry
Commodity,Commodity Spot,1,0,0,1,0,0,0,1,High,0.59,Full,1,Cost-of-Carry
Commodity,Commodity Spot,1,0,0,1,0,0,0,1,Medium,0.43,Full,1,Cost-of-Carry
Commodity,Commodity Spot,1,0,0,1,0,0,0,1,High,1.48,Full,1,Cost-of-Carry
Commodity,Commodity Spot,1,0,0,1,0,0,0,1,High,1.71,Full,1,Cost-of-Carry
Commodity,Commodity Spot,1,0,0,1,0,0,0,1,High,0.76,Full,1,Cost-of-Carry
Commodity,Commodity Spot,1,0,0,1,0,0,0,1,Medium,1.56,Full,1,Cost-of-Carry
Commodity,Commodity Spot,1,0,0,1,0,0,0,1,Medium,0.18,Full,1,Cost-of-Carry
Commodity,Commodity Spot,1,0,0,1,0,0,0,1,High,1.08,Full,1,Cost-of-Carry
Commodity,Commodity Spot,1,0,0,1,0,0,0,1,High,0.93,Full,1,Cost-of-Carry
Commodity,Commodity Spot,1,0,0,1,0,0,0,1,High,0.85,Full,1,Cost-of-Carry
Commodity,Commodity Spot,1,0,0,1,0,0,0,1,Medium,1.76,Full,1,Cost-of-Carry
Commodity,Commodity Spot,1,0,0,1,0,0,0,1,Medium,1.61,Full,1,Cost-of-Carry
Commodity,Commodity Spot,1,0,0,1,0,0,0,1,High,0.63,Full,1,Cost-of-Carry
Commodity,Commodity Spot,1,0,0,1,0,0,0,1,High,0.64,Full,1,Cost-of-Carry
Commodity,Commodity Spot,1,0,0,1,0,0,0,1,High,0.5,Full,1,Cost-of-Carry
Commodity,Commodity Spot,1,0,0,1,0,0,0,1,High,0.99,Full,1,Cost-of-Carry
Commodity,Commodity Spot,1,0,0,1,0,0,0,1,High,1.49,Full,1,Cost-of-Carry
Commodity,Commodity Spot,1,0,0,1,0,0,0,1,High,1.57,Full,1,Cost-of-Carry
Commodity,Commodity Spot,1,0,0,1,0,0,0,1,Medium,1.83,Full,1,Cost-of-Carry
Commodity,Commodity Spot,1,0,0,1,0,0,0,1,High,1.3,Full,1,Cost-of-Carry
Commodity,Commodity Spot,1,0,0,1,0,0,0,1,Medium,1.95,Full,1,Cost-of-Carry
Commodity,Commodity Spot,1,0,0,1,0,0,0,1,High,0.88,Full,1,Cost-of-Carry
Commodity,Commodity Spot,1,0,0,1,0,0,0,1,Medium,1.04,Full,1,Cost-of-Carry
Commodity,Commodity Spot,1,0,0,1,0,0,0,1,Medium,0.29,Full,1,Cost-of-Carry
Commodity,Commodity Spot,1,0,0,1,0,0,0,1,High,0.95,Full,1,Cost-of-Carry
Commodity,Commodity Spot,1,0,0,1,0,0,0,1,Medium,1.2,Full,1,Cost-of-Carry
Commodity,Commodity Spot,1,0,0,1,0,0,0,1,Medium,1.23,Full,1,Cost-of-Carry
Commodity,Commodity Spot,1,0,0,1,0,0,0,1,Medium,1.34,Full,1,Cost-of-Carry
Commodity,Commodity Spot,1,0,0,1,0,0,0,1,High,1.94,Full,1,Cost-of-Carry
Commodity,Commodity Spot,1,0,0,1,0,0,0,1,Medium,1.73,Full,1,Cost-of-Carry
Commodity,Commodity Spot,1,0,0,1,0,0,0,1,High,0.72,Full,1,Cost-of-Carry
Commodity,Commodity Spot,1,0,0,1,0,0,0,1,Medium,1.24,Full,1,Cost-of-Carry
Commodity,Commodity Spot,1,0,0,1,0,0,0,1,Medium,1.94,Full,1,Cost-of-Carry
Commodity,Commodity Spot,1,0,0,1,0,0,0,1,High,0.55,Full,1,Cost-of-Carry
Commodity,Commodity Spot,1,0,0,1,0,0,0,1,Medium,0.24,Full,1,Cost-of-Carry
Commodity,Commodity Spot,1,0,0,1,0,0,0,1,Medium,0.73,Full,1,Cost-of-Carry
Commodity,Commodity Spot,1,0,0,1,0,0,0,1,High,0.74,Full,1,Cost-of-Carry
Commodity,Commodity Spot,1,0,0,1,0,0,0,1,Medium,0.38,Full,1,Cost-of-Carry
Commodity,Commodity Spot,1,0,0,1,0,0,0,1,High,0.57,Full,1,Cost-of-Carry
Commodity,Commodity Spot,1,0,0,1,0,0,0,1,High,1.9,Full,1,Cost-of-Carry
Commodity,Commodity Spot,1,0,0,1,0,0,0,1,High,0.42,Full,1,Cost-of-Carry
Commodity,Commodity Spot,1,0,0,1,0,0,0,1,Medium,0.82,Full,1,Cost-of-Carry
Commodity,Commodity Spot,1,0,0,1,0,0,0,1,High,1.5,Full,1,Cost-of-Carry
Commodity,Commodity Spot,1,0,0,1,0,0,0,1,High,1.11,Full,1,Cost-of-Carry
Commodity,Commodity Spot,1,0,0,1,0,0,0,1,High,1.7,Full,1,Cost-of-Carry
Commodity,Commodity Spot,1,0,0,1,0,0,0,1,Medium,0.95,Full,1,Cost-of-Carry
Commodity,Commodity Spot,1,0,0,1,0,0,0,1,High,1.75,Full,1,Cost-of-Carry
Commodity,Commodity Spot,1,0,0,1,0,0,0,1,Medium,1.13,Full,1,Cost-of-Carry
Commodity,Commodity Spot,1,0,0,1,0,0,0,1,Medium,0.61,Full,1,Cost-of-Carry
Commodity,Commodity Spot,1,0,0,1,0,0,0,1,Medium,0.33,Full,1,Cost-of-Carry
Commodity,Commodity Spot,1,0,0,1,0,0,0,1,High,1.88,Full,1,Cost-of-Carry
Commodity,Commodity Spot,1,0,0,1,0,0,0,1,High,1.32,Full,1,Cost-of-Carry
Commodity,Commodity Spot,1,0,0,1,0,0,0,1,High,0.96,Full,1,Cost-of-Carry
Commodity,Commodity Spot,1,0,0,1,0,0,0,1,High,0.27,Full,1,Cost-of-Carry
Commodity,Commodity Spot,1,0,0,1,0,0,0,1,High,1.06,Full,1,Cost-of-Carry
Commodity,Commodity Spot,1,0,0,1,0,0,0,1,Medium,1.41,Full,1,Cost-of-Carry
Commodity,Commodity Spot,1,0,0,1,0,0,0,1,Medium,1.97,Full,1,Cost-of-Carry
Commodity,Commodity Spot,1,0,0,1,0,0,0,1,Medium,1.4,Full,1,Cost-of-Carry
Commodity,Commodity Spot,1,0,0,1,0,0,0,1,Medium,1.91,Full,1,Cost-of-Carry
Commodity,Commodity Spot,1,0,0,1,0,0,0,1,Medium,1.95,Full,1,Cost-of-Carry
Commodity,Commodity Spot,1,0,0,1,0,0,0,1,High,0.96,Full,1,Cost-of-Carry
Commodity,Commodity Spot,1,0,0,1,0,0,0,1,High,1.09,Full,1,Cost-of-Carry
Commodity,Commodity Spot,1,0,0,1,0,0,0,1,High,1.37,Full,1,Cost-of-Carry
Commodity,Commodity Spot,1,0,0,1,0,0,0,1,Medium,0.34,Full,1,Cost-of-Carry
Commodity,Commodity Spot,1,0,0,1,0,0,0,1,Medium,0.69,Full,1,Cost-of-Carry
Commodity,Commodity Spot,1,0,0,1,0,0,0,1,Medium,1.89,Full,1,Cost-of-Carry
Commodity,Commodity Spot,1,0,0,1,0,0,0,1,Medium,1.38,Full,1,Cost-of-Carry
Commodity,Commodity Spot,1,0,0,1,0,0,0,1,Medium,0.46,Full,1,Cost-of-Carry
Commodity,Commodity Spot,1,0,0,1,0,0,0,1,High,1.38,Full,1,Cost-of-Carry
Commodity,Commodity Spot,1,0,0,1,0,0,0,1,Medium,0.55,Full,1,Cost-of-Carry
Commodity,Commodity Spot,1,0,0,1,0,0,0,1,High,0.44,Full,1,Cost-of-Carry
Commodity,Commodity Spot,1,0,0,1,0,0,0,1,Medium,1.36,Full,1,Cost-of-Carry
Commodity,Commodity Spot,1,0,0,1,0,0,0,1,High,1.89,Full,1,Cost-of-Carry
Commodity,Commodity Spot,1,0,0,1,0,0,0,1,Medium,0.13,Full,1,Cost-of-Carry
Commodity,Commodity Spot,1,0,0,1,0,0,0,1,Medium,1.27,Full,1,Cost-of-Carry
Commodity,Commodity Spot,1,0,0,1,0,0,0,1,Medium,1.74,Full,1,Cost-of-Carry
Commodity,Commodity Spot,1,0,0,1,0,0,0,1,High,0.16,Full,1,Cost-of-Carry
Commodity,Commodity Spot,1,0,0,1,0,0,0,1,Medium,1.61,Full,1,Cost-of-Carry
Commodity,Commodity Spot,1,0,0,1,0,0,0,1,Medium,1.39,Full,1,Cost-of-Carry
Commodity,Commodity Spot,1,0,0,1,0,0,0,1,High,1.89,Full,1,Cost-of-Carry
Commodity,Commodity Spot,1,0,0,1,0,0,0,1,Medium,0.85,Full,1,Cost-of-Carry
Commodity,Commodity Spot,1,0,0,1,0,0,0,1,High,1.2,Full,1,Cost-of-Carry
Commodity,Commodity Spot,1,0,0,1,0,0,0,1,Medium,1.35,Full,1,Cost-of-Carry
Commodity,Commodity Spot,1,0,0,1,0,0,0,1,Medium,1.25,Full,1,Cost-of-Carry
Commodity,Commodity Spot,1,0,0,1,0,0,0,1,High,1.96,Full,1,Cost-of-Carry
Commodity,Commodity Spot,1,0,0,1,0,0,0,1,High,1.99,Full,1,Cost-of-Carry
Commodity,Commodity Spot,1,0,0,1,0,0,0,1,High,1.59,Full,1,Cost-of-Carry
Commodity,Commodity Spot,1,0,0,1,0,0,0,1,High,0.65,Full,1,Cost-of-Carry
Commodity,Commodity Spot,1,0,0,1,0,0,0,1,High,1.77,Full,1,Cost-of-Carry
Commodity,Commodity Spot,1,0,0,1,0,0,0,1,High,1.55,Full,1,Cost-of-Carry
Commodity,Commodity Spot,1,0,0,1,0,0,0,1,Medium,1.37,Full,1,Cost-of-Carry
Commodity,Commodity Spot,1,0,0,1,0,0,0,1,Medium,1.81,Full,1,Cost-of-Carry
Commodity,Commodity Spot,1,0,0,1,0,0,0,1,High,1.62,Full,1,Cost-of-Carry
Commodity,Commodity Spot,1,0,0,1,0,0,0,1,High,1.75,Full,1,Cost-of-Carry
Commodity,Commodity Spot,1,0,0,1,0,0,0,1,High,0.33,Full,1,Cost-of-Carry
Commodity,Commodity Spot,1,0,0,1,0,0,0,1,Medium,1.33,Full,1,Cost-of-Carry
Commodity,Commodity Spot,1,0,0,1,0,0,0,1,High,0.72,Full,1,Cost-of-Carry
Commodity,Commodity Spot,1,0,0,1,0,0,0,1,Medium,1.26,Full,1,Cost-of-Carry
Commodity,Commodity Spot,1,0,0,1,0,0,0,1,High,1.42,Full,1,Cost-of-Carry
Commodity,Commodity Spot,1,0,0,1,0,0,0,1,Medium,1.14,Full,1,Cost-of-Carry
Commodity,Commodity Spot,1,0,0,1,0,0,0,1,High,0.55,Full,1,Cost-of-Carry
Commodity,Commodity Spot,1,0,0,1,0,0,0,1,High,0.94,Full,1,Cost-of-Carry
Commodity,Commodity Spot,1,0,0,1,0,0,0,1,Medium,0.24,Full,1,Cost-of-Carry
Commodity,Commodity Spot,1,0,0,1,0,0,0,1,High,0.42,Full,1,Cost-of-Carry
Commodity,Commodity Spot,1,0,0,1,0,0,0,1,Medium,1.28,Full,1,Cost-of-Carry
Commodity,Commodity Spot,1,0,0,1,0,0,0,1,Medium,1.05,Full,1,Cost-of-Carry
Commodity,Commodity Spot,1,0,0,1,0,0,0,1,High,1.74,Full,1,Cost-of-Carry
Commodity,Commodity Spot,1,0,0,1,0,0,0,1,Medium,1.71,Full,1,Cost-of-Carry
Commodity,Commodity Spot,1,0,0,1,0,0,0,1,Medium,0.15,Full,1,Cost-of-Carry
Commodity,Commodity Spot,1,0,0,1,0,0,0,1,Medium,0.31,Full,1,Cost-of-Carry
Commodity,Commodity Spot,1,0,0,1,0,0,0,1,High,0.86,Full,1,Cost-of-Carry
Commodity,Commodity Spot,1,0,0,1,0,0,0,1,High,0.57,Full,1,Cost-of-Carry
Commodity,Commodity Spot,1,0,0,1,0,0,0,1,Medium,1.26,Full,1,Cost-of-Carry
Commodity,Commodity Spot,1,0,0,1,0,0,0,1,Medium,1.14,Full,1,Cost-of-Carry
Commodity,Commodity Spot,1,0,0,1,0,0,0,1,Medium,1.46,Full,1,Cost-of-Carry
Commodity,Commodity Spot,1,0,0,1,0,0,0,1,High,1.09,Full,1,Cost-of-Carry
Commodity,Commodity Spot,1,0,0,1,0,0,0,1,High,0.47,Full,1,Cost-of-Carry
Commodity,Commodity Spot,1,0,0,1,0,0,0,1,High,1.8,Full,1,Cost-of-Carry
Commodity,Commodity Spot,1,0,0,1,0,0,0,1,High,1.81,Full,1,Cost-of-Carry
Commodity,Commodity Spot,1,0,0,1,0,0,0,1,High,1.34,Full,1,Cost-of-Carry
Commodity,Commodity Spot,1,0,0,1,0,0,0,1,High,0.21,Full,1,Cost-of-Carry
Commodity,Commodity Spot,1,0,0,1,0,0,0,1,High,1.01,Full,1,Cost-of-Carry
Commodity,Commodity Spot,1,0,0,1,0,0,0,1,High,0.29,Full,1,Cost-of-Carry
Commodity,Commodity Spot,1,0,0,1,0,0,0,1,High,1.27,Full,1,Cost-of-Carry
Commodity,Commodity Spot,1,0,0,1,0,0,0,1,High,0.64,Full,1,Cost-of-Carry
Commodity,Commodity Spot,1,0,0,1,0,0,0,1,High,1.87,Full,1,Cost-of-Carry
Commodity,Commodity Spot,1,0,0,1,0,0,0,1,Medium,1.12,Full,1,Cost-of-Carry
Commodity,Commodity Spot,1,0,0,1,0,0,0,1,Medium,0.27,Full,1,Cost-of-Carry
Commodity,Commodity Spot,1,0,0,1,0,0,0,1,Medium,1.46,Full,1,Cost-of-Carry
Commodity,Commodity Spot,1,0,0,1,0,0,0,1,High,1.96,Full,1,Cost-of-Carry
Commodity,Commodity Spot,1,0,0,1,0,0,0,1,Medium,0.33,Full,1,Cost-of-Carry
Commodity,Commodity Spot,1,0,0,1,0,0,0,1,High,0.33,Full,1,Cost-of-Carry
Commodity,Commodity Spot,1,0,0,1,0,0,0,1,Medium,0.44,Full,1,Cost-of-Carry
Commodity,Commodity Spot,1,0,0,1,0,0,0,1,High,0.45,Full,1,Cost-of-Carry
Commodity,Commodity Spot,1,0,0,1,0,0,0,1,High,0.3,Full,1,Cost-of-Carry
Commodity,Commodity Spot,1,0,0,1,0,0,0,1,Medium,0.45,Full,1,Cost-of-Carry
Commodity,Commodity Spot,1,0,0,1,0,0,0,1,Medium,1.93,Full,1,Cost-of-Carry
Commodity,Commodity Spot,1,0,0,1,0,0,0,1,Medium,0.27,Full,1,Cost-of-Carry
Commodity,Commodity Spot,1,0,0,1,0,0,0,1,Medium,1.15,Full,1,Cost-of-Carry
Commodity,Commodity Spot,1,0,0,1,0,0,0,1,Medium,1.1,Full,1,Cost-of-Carry
Commodity,Commodity Spot,1,0,0,1,0,0,0,1,High,1.91,Full,1,Cost-of-Carry
Commodity,Commodity Spot,1,0,0,1,0,0,0,1,High,1.31,Full,1,Cost-of-Carry
Commodity,Commodity Spot,1,0,0,1,0,0,0,1,High,1.78,Full,1,Cost-of-Carry
Commodity,Commodity Spot,1,0,0,1,0,0,0,1,High,1.61,Full,1,Cost-of-Carry
Commodity,Commodity Spot,1,0,0,1,0,0,0,1,High,1.26,Full,1,Cost-of-Carry
Commodity,Commodity Spot,1,0,0,1,0,0,0,1,Medium,0.79,Full,1,Cost-of-Carry
Commodity,Commodity Spot,1,0,0,1,0,0,0,1,Medium,1.81,Full,1,Cost-of-Carry
Commodity,Commodity Spot,1,0,0,1,0,0,0,1,Medium,1.16,Full,1,Cost-of-Carry
Commodity,Commodity Spot,1,0,0,1,0,0,0,1,High,1.58,Full,1,Cost-of-Carry
Commodity,Commodity Spot,1,0,0,1,0,0,0,1,Medium,1.49,Full,1,Cost-of-Carry
Commodity,Commodity Spot,1,0,0,1,0,0,0,1,Medium,0.91,Full,1,Cost-of-Carry
Commodity,Commodity Spot,1,0,0,1,0,0,0,1,Medium,1.64,Full,1,Cost-of-Carry
Commodity,Commodity Spot,1,0,0,1,0,0,0,1,High,1.29,Full,1,Cost-of-Carry
Commodity,Commodity Spot,1,0,0,1,0,0,0,1,High,0.91,Full,1,Cost-of-Carry
Commodity,Commodity Spot,1,0,0,1,0,0,0,1,High,0.42,Full,1,Cost-of-Carry
Commodity,Commodity Spot,1,0,0,1,0,0,0,1,High,1.75,Full,1,Cost-of-Carry
Commodity,Commodity Spot,1,0,0,1,0,0,0,1,High,0.51,Full,1,Cost-of-Carry
Commodity,Commodity Spot,1,0,0,1,0,0,0,1,High,0.44,Full,1,Cost-of-Carry
Commodity,Commodity Spot,1,0,0,1,0,0,0,1,High,1.32,Full,1,Cost-of-Carry
Commodity,Commodity Spot,1,0,0,1,0,0,0,1,Medium,0.49,Full,1,Cost-of-Carry
Commodity,Commodity Spot,1,0,0,1,0,0,0,1,High,0.54,Full,1,Cost-of-Carry
Commodity,Commodity Spot,1,0,0,1,0,0,0,1,Medium,1.3,Full,1,Cost-of-Carry
Commodity,Commodity Spot,1,0,0,1,0,0,0,1,High,1.04,Full,1,Cost-of-Carry
Commodity,Commodity Spot,1,0,0,1,0,0,0,1,Medium,0.62,Full,1,Cost-of-Carry
Commodity,Commodity Spot,1,0,0,1,0,0,0,1,High,1.42,Full,1,Cost-of-Carry
Commodity,Commodity Spot,1,0,0,1,0,0,0,1,High,0.94,Full,1,Cost-of-Carry
Commodity,Commodity Spot,1,0,0,1,0,0,0,1,High,1.46,Full,1,Cost-of-Carry
Commodity,Commodity Spot,1,0,0,1,0,0,0,1,High,0.13,Full,1,Cost-of-Carry
Commodity,Commodity Spot,1,0,0,1,0,0,0,1,Medium,0.34,Full,1,Cost-of-Carry
Commodity,Commodity Spot,1,0,0,1,0,0,0,1,High,1.25,Full,1,Cost-of-Carry
Commodity,Commodity Spot,1,0,0,1,0,0,0,1,Medium,1.2,Full,1,Cost-of-Carry
Commodity,Commodity Spot,1,0,0,1,0,0,0,1,High,1.57,Full,1,Cost-of-Carry
Commodity,Commodity Spot,1,0,0,1,0,0,0,1,Medium,0.26,Full,1,Cost-of-Carry
Commodity,Commodity Spot,1,0,0,1,0,0,0,1,High,1.23,Full,1,Cost-of-Carry
Commodity,Commodity Spot,1,0,0,1,0,0,0,1,High,0.71,Full,1,Cost-of-Carry
Commodity,Commodity Spot,1,0,0,1,0,0,0,1,High,0.75,Full,1,Cost-of-Carry
Commodity,Commodity Spot,1,0,0,1,0,0,0,1,High,0.23,Full,1,Cost-of-Carry
Commodity,Commodity Spot,1,0,0,1,0,0,0,1,High,1.68,Full,1,Cost-of-Carry
Commodity,Commodity Spot,1,0,0,1,0,0,0,1,Medium,1.62,Full,1,Cost-of-Carry
Commodity,Commodity Spot,1,0,0,1,0,0,0,1,High,1.32,Full,1,Cost-of-Carry
Commodity,Commodity Spot,1,0,0,1,0,0,0,1,Medium,1.77,Full,1,Cost-of-Carry
Commodity,Commodity Spot,1,0,0,1,0,0,0,1,Medium,1.39,Full,1,Cost-of-Carry
Commodity,Commodity Spot,1,0,0,1,0,0,0,1,Medium,0.72,Full,1,Cost-of-Carry
Commodity,Commodity Spot,1,0,0,1,0,0,0,1,High,0.46,Full,1,Cost-of-Carry
Commodity,Commodity Spot,1,0,0,1,0,0,0,1,Medium,1.99,Full,1,Cost-of-Carry
Commodity,Commodity Spot,1,0,0,1,0,0,0,1,Medium,0.79,Full,1,Cost-of-Carry
Commodity,Commodity Spot,1,0,0,1,0,0,0,1,High,1.49,Full,1,Cost-of-Carry
Commodity,Commodity Spot,1,0,0,1,0,0,0,1,Medium,0.73,Full,1,Cost-of-Carry
Commodity,Commodity Spot,1,0,0,1,0,0,0,1,Medium,1.17,Full,1,Cost-of-Carry
Commodity,Commodity Spot,1,0,0,1,0,0,0,1,Medium,1.93,Full,1,Cost-of-Carry
Commodity,Commodity Spot,1,0,0,1,0,0,0,1,High,1.41,Full,1,Cost-of-Carry
Commodity,Commodity Spot,1,0,0,1,0,0,0,1,High,0.42,Full,1,Cost-of-Carry
Commodity,Commodity Spot,1,0,0,1,0,0,0,1,Medium,0.28,Full,1,Cost-of-Carry
Commodity,Commodity Spot,1,0,0,1,0,0,0,1,High,1.66,Full,1,Cost-of-Carry
Commodity,Commodity Spot,1,0,0,1,0,0,0,1,Medium,0.76,Full,1,Cost-of-Carry
Commodity,Commodity Spot,1,0,0,1,0,0,0,1,Medium,1.96,Full,1,Cost-of-Carry
Commodity,Commodity Spot,1,0,0,1,0,0,0,1,High,1.86,Full,1,Cost-of-Carry
Commodity,Commodity Spot,1,0,0,1,0,0,0,1,High,0.33,Full,1,Cost-of-Carry
Commodity,Commodity Spot,1,0,0,1,0,0,0,1,High,0.39,Full,1,Cost-of-Carry
Commodity,Commodity Spot,1,0,0,1,0,0,0,1,High,1.5,Full,1,Cost-of-Carry
Commodity,Commodity Spot,1,0,0,1,0,0,0,1,Medium,1.13,Full,1,Cost-of-Carry
Commodity,Commodity Spot,1,0,0,1,0,0,0,1,High,1.38,Full,1,Cost-of-Carry
Commodity,Commodity Spot,1,0,0,1,0,0,0,1,Medium,1.28,Full,1,Cost-of-Carry
Commodity,Commodity Spot,1,0,0,1,0,0,0,1,Medium,1.6,Full,1,Cost-of-Carry
Commodity,Commodity Spot,1,0,0,1,0,0,0,1,Medium,0.34,Full,1,Cost-of-Carry
Commodity,Commodity Spot,1,0,0,1,0,0,0,1,Medium,1.06,Full,1,Cost-of-Carry
Commodity,Commodity Spot,1,0,0,1,0,0,0,1,Medium,1.45,Full,1,Cost-of-Carry
Commodity,Commodity Spot,1,0,0,1,0,0,0,1,Medium,0.32,Full,1,Cost-of-Carry
Commodity,Commodity Spot,1,0,0,1,0,0,0,1,High,0.6,Full,1,Cost-of-Carry
Commodity,Commodity Spot,1,0,0,1,0,0,0,1,Medium,0.82,Full,1,Cost-of-Carry
Commodity,Commodity Spot,1,0,0,1,0,0,0,1,Medium,1.88,Full,1,Cost-of-Carry
Commodity,Commodity Spot,1,0,0,1,0,0,0,1,High,1.07,Full,1,Cost-of-Carry
Commodity,Commodity Spot,1,0,0,1,0,0,0,1,High,0.85,Full,1,Cost-of-Carry
Commodity,Commodity Spot,1,0,0,1,0,0,0,1,High,1.89,Full,1,Cost-of-Carry
Commodity,Commodity Spot,1,0,0,1,0,0,0,1,Medium,1.08,Full,1,Cost-of-Carry
Commodity,Commodity Spot,1,0,0,1,0,0,0,1,High,1.59,Full,1,Cost-of-Carry
Commodity,Commodity Spot,1,0,0,1,0,0,0,1,High,1.99,Full,1,Cost-of-Carry
Commodity,Commodity Spot,1,0,0,1,0,0,0,1,High,0.84,Full,1,Cost-of-Carry
Commodity,Commodity Spot,1,0,0,1,0,0,0,1,Medium,1.87,Full,1,Cost-of-Carry
Commodity,Commodity Spot,1,0,0,1,0,0,0,1,Medium,1.13,Full,1,Cost-of-Carry
Commodity,Commodity Spot,1,0,0,1,0,0,0,1,High,0.82,Full,1,Cost-of-Carry
Commodity,Commodity Spot,1,0,0,1,0,0,0,1,Medium,1.11,Full,1,Cost-of-Carry
Commodity,Commodity Spot,1,0,0,1,0,0,0,1,Medium,1.63,Full,1,Cost-of-Carry
Commodity,Commodity Spot,1,0,0,1,0,0,0,1,Medium,0.5,Full,1,Cost-of-Carry
Commodity,Commodity Spot,1,0,0,1,0,0,0,1,Medium,0.25,Full,1,Cost-of-Carry
Commodity,Commodity Spot,1,0,0,1,0,0,0,1,High,0.14,Full,1,Cost-of-Carry
Commodity,Commodity Spot,1,0,0,1,0,0,0,1,High,1.42,Full,1,Cost-of-Carry
Commodity,Commodity Spot,1,0,0,1,0,0,0,1,Medium,1.92,Full,1,Cost-of-Carry
Commodity,Commodity Spot,1,0,0,1,0,0,0,1,Medium,1.32,Full,1,Cost-of-Carry
Commodity,Commodity Spot,1,0,0,1,0,0,0,1,High,1.19,Full,1,Cost-of-Carry
Commodity,Commodity Spot,1,0,0,1,0,0,0,1,High,1.74,Full,1,Cost-of-Carry
Commodity,Commodity Spot,1,0,0,1,0,0,0,1,Medium,1.25,Full,1,Cost-of-Carry
Commodity,Commodity Spot,1,0,0,1,0,0,0,1,High,1.25,Full,1,Cost-of-Carry
Commodity,Commodity Spot,1,0,0,1,0,0,0,1,Medium,1.68,Full,1,Cost-of-Carry
Commodity,Commodity Spot,1,0,0,1,0,0,0,1,Medium,1.05,Full,1,Cost-of-Carry
Commodity,Commodity Spot,1,0,0,1,0,0,0,1,High,1.67,Full,1,Cost-of-Carry
Commodity,Commodity Spot,1,0,0,1,0,0,0,1,High,0.8,Full,1,Cost-of-Carry
Commodity,Commodity Spot,1,0,0,1,0,0,0,1,Medium,1.01,Full,1,Cost-of-Carry
Commodity,Commodity Spot,1,0,0,1,0,0,0,1,Medium,0.36,Full,1,Cost-of-Carry
Commodity,Commodity Spot,1,0,0,1,0,0,0,1,Medium,0.25,Full,1,Cost-of-Carry
Commodity,Commodity Spot,1,0,0,1,0,0,0,1,Medium,1.94,Full,1,Cost-of-Carry
Commodity,Commodity Spot,1,0,0,1,0,0,0,1,Medium,1.23,Full,1,Cost-of-Carry
Commodity,Commodity Spot,1,0,0,1,0,0,0,1,High,1.06,Full,1,Cost-of-Carry
Commodity,Commodity Spot,1,0,0,1,0,0,0,1,Medium,0.63,Full,1,Cost-of-Carry
Commodity,Commodity Spot,1,0,0,1,0,0,0,1,High,1.32,Full,1,Cost-of-Carry
Commodity,Commodity Spot,1,0,0,1,0,0,0,1,High,0.13,Full,1,Cost-of-Carry
Commodity,Commodity Spot,1,0,0,1,0,0,0,1,Medium,1.34,Full,1,Cost-of-Carry
Commodity,Commodity Spot,1,0,0,1,0,0,0,1,High,0.83,Full,1,Cost-of-Carry
Commodity,Commodity Spot,1,0,0,1,0,0,0,1,High,1.58,Full,1,Cost-of-Carry
Commodity,Commodity Spot,1,0,0,1,0,0,0,1,Medium,0.5,Full,1,Cost-of-Carry
Commodity,Commodity Spot,1,0,0,1,0,0,0,1,Medium,1.99,Full,1,Cost-of-Carry
Commodity,Commodity Spot,1,0,0,1,0,0,0,1,High,1.28,Full,1,Cost-of-Carry
Commodity,Commodity Spot,1,0,0,1,0,0,0,1,High,1.97,Full,1,Cost-of-Carry
Commodity,Commodity Spot,1,0,0,1,0,0,0,1,High,0.42,Full,1,Cost-of-Carry
Commodity,Commodity Spot,1,0,0,1,0,0,0,1,High,0.33,Full,1,Cost-of-Carry
Commodity,Commodity Spot,1,0,0,1,0,0,0,1,Medium,0.6,Full,1,Cost-of-Carry
Commodity,Commodity Spot,1,0,0,1,0,0,0,1,High,1.42,Full,1,Cost-of-Carry
Commodity,Commodity Spot,1,0,0,1,0,0,0,1,Medium,1.27,Full,1,Cost-of-Carry
Commodity,Commodity Spot,1,0,0,1,0,0,0,1,Medium,1.99,Full,1,Cost-of-Carry
Commodity,Commodity Spot,1,0,0,1,0,0,0,1,High,0.54,Full,1,Cost-of-Carry
Commodity,Commodity Spot,1,0,0,1,0,0,0,1,Medium,0.68,Full,1,Cost-of-Carry
Commodity,Commodity Spot,1,0,0,1,0,0,0,1,Medium,1.35,Full,1,Cost-of-Carry
Commodity,Commodity Spot,1,0,0,1,0,0,0,1,Medium,0.91,Full,1,Cost-of-Carry
Commodity,Commodity Spot,1,0,0,1,0,0,0,1,High,1.6,Full,1,Cost-of-Carry
Commodity,Commodity Spot,1,0,0,1,0,0,0,1,High,0.95,Full,1,Cost-of-Carry
Commodity,Commodity Spot,1,0,0,1,0,0,0,1,High,0.77,Full,1,Cost-of-Carry
Commodity,Commodity Spot,1,0,0,1,0,0,0,1,High,0.89,Full,1,Cost-of-Carry
Commodity,Commodity Spot,1,0,0,1,0,0,0,1,Medium,0.44,Full,1,Cost-of-Carry
Commodity,Commodity Spot,1,0,0,1,0,0,0,1,High,1.56,Full,1,Cost-of-Carry
Commodity,Commodity Spot,1,0,0,1,0,0,0,1,Medium,0.57,Full,1,Cost-of-Carry
Commodity,Commodity Spot,1,0,0,1,0,0,0,1,Medium,1.01,Full,1,Cost-of-Carry
Commodity,Commodity Spot,1,0,0,1,0,0,0,1,Medium,1.6,Full,1,Cost-of-Carry
Commodity,Commodity Spot,1,0,0,1,0,0,0,1,High,1.54,Full,1,Cost-of-Carry
Commodity,Commodity Spot,1,0,0,1,0,0,0,1,Medium,0.46,Full,1,Cost-of-Carry
Commodity,Commodity Spot,1,0,0,1,0,0,0,1,High,0.51,Full,1,Cost-of-Carry
Commodity,Commodity Spot,1,0,0,1,0,0,0,1,High,1.69,Full,1,Cost-of-Carry
Commodity,Commodity Spot,1,0,0,1,0,0,0,1,High,1.95,Full,1,Cost-of-Carry
Commodity,Commodity Spot,1,0,0,1,0,0,0,1,Medium,0.22,Full,1,Cost-of-Carry
Commodity,Commodity Spot,1,0,0,1,0,0,0,1,Medium,1.03,Full,1,Cost-of-Carry
Commodity,Commodity Spot,1,0,0,1,0,0,0,1,High,0.61,Full,1,Cost-of-Carry
Commodity,Commodity Spot,1,0,0,1,0,0,0,1,High,0.96,Full,1,Cost-of-Carry
Commodity,Commodity Spot,1,0,0,1,0,0,0,1,Medium,0.61,Full,1,Cost-of-Carry
Commodity,Commodity Spot,1,0,0,1,0,0,0,1,High,1.03,Full,1,Cost-of-Carry
Commodity,Commodity Spot,1,0,0,1,0,0,0,1,Medium,1.74,Full,1,Cost-of-Carry
Commodity,Commodity Spot,1,0,0,1,0,0,0,1,Medium,1.5,Full,1,Cost-of-Carry
Commodity,Commodity Spot,1,0,0,1,0,0,0,1,Medium,1.64,Full,1,Cost-of-Carry
Commodity,Commodity Spot,1,0,0,1,0,0,0,1,High,0.85,Full,1,Cost-of-Carry
Commodity,Commodity Spot,1,0,0,1,0,0,0,1,Medium,0.85,Full,1,Cost-of-Carry
Commodity,Commodity Spot,1,0,0,1,0,0,0,1,Medium,1.79,Full,1,Cost-of-Carry
Commodity,Commodity Spot,1,0,0,1,0,0,0,1,High,0.29,Full,1,Cost-of-Carry
Commodity,Commodity Spot,1,0,0,1,0,0,0,1,Medium,0.7,Full,1,Cost-of-Carry
Commodity,Commodity Spot,1,0,0,1,0,0,0,1,High,1.64,Full,1,Cost-of-Carry
Commodity,Commodity Spot,1,0,0,1,0,0,0,1,Medium,0.58,Full,1,Cost-of-Carry
Commodity,Commodity Spot,1,0,0,1,0,0,0,1,Medium,1.87,Full,1,Cost-of-Carry
Commodity,Commodity Spot,1,0,0,1,0,0,0,1,Medium,1.81,Full,1,Cost-of-Carry
Commodity,Commodity Spot,1,0,0,1,0,0,0,1,High,1.67,Full,1,Cost-of-Carry
Commodity,Commodity Spot,1,0,0,1,0,0,0,1,High,1.35,Full,1,Cost-of-Carry
Commodity,Commodity Spot,1,0,0,1,0,0,0,1,High,0.96,Full,1,Cost-of-Carry
Commodity,Commodity Spot,1,0,0,1,0,0,0,1,High,1.27,Full,1,Cost-of-Carry
Commodity,Commodity Spot,1,0,0,1,0,0,0,1,Medium,0.96,Full,1,Cost-of-Carry
Commodity,Commodity Spot,1,0,0,1,0,0,0,1,High,0.39,Full,1,Cost-of-Carry
Commodity,Commodity Spot,1,0,0,1,0,0,0,1,Medium,1.98,Full,1,Cost-of-Carry
Commodity,Commodity Spot,1,0,0,1,0,0,0,1,High,1.39,Full,1,Cost-of-Carry
Commodity,Commodity Spot,1,0,0,1,0,0,0,1,High,0.17,Full,1,Cost-of-Carry
Commodity,Commodity Spot,1,0,0,1,0,0,0,1,High,1.46,Full,1,Cost-of-Carry
Commodity,Commodity Spot,1,0,0,1,0,0,0,1,High,1.62,Full,1,Cost-of-Carry
Commodity,Commodity Spot,1,0,0,1,0,0,0,1,High,0.12,Full,1,Cost-of-Carry
Commodity,Commodity Spot,1,0,0,1,0,0,0,1,High,1.07,Full,1,Cost-of-Carry
Commodity,Commodity Spot,1,0,0,1,0,0,0,1,Medium,0.77,Full,1,Cost-of-Carry
Commodity,Commodity Spot,1,0,0,1,0,0,0,1,Medium,1.98,Full,1,Cost-of-Carry
Commodity,Commodity Spot,1,0,0,1,0,0,0,1,Medium,1.57,Full,1,Cost-of-Carry
Commodity,Commodity Spot,1,0,0,1,0,0,0,1,High,1.59,Full,1,Cost-of-Carry
Commodity,Commodity Spot,1,0,0,1,0,0,0,1,High,0.43,Full,1,Cost-of-Carry
Commodity,Commodity Spot,1,0,0,1,0,0,0,1,High,1.14,Full,1,Cost-of-Carry
Commodity,Commodity Spot,1,0,0,1,0,0,0,1,Medium,1.55,Full,1,Cost-of-Carry
Commodity,Commodity Spot,1,0,0,1,0,0,0,1,Medium,0.91,Full,1,Cost-of-Carry
Commodity,Commodity Spot,1,0,0,1,0,0,0,1,High,0.26,Full,1,Cost-of-Carry
Commodity,Commodity Spot,1,0,0,1,0,0,0,1,Medium,1.81,Full,1,Cost-of-Carry
Commodity,Commodity Spot,1,0,0,1,0,0,0,1,Medium,1.56,Full,1,Cost-of-Carry
Commodity,Commodity Spot,1,0,0,1,0,0,0,1,High,1.95,Full,1,Cost-of-Carry
Commodity,Commodity Spot,1,0,0,1,0,0,0,1,High,0.49,Full,1,Cost-of-Carry
Commodity,Commodity Spot,1,0,0,1,0,0,0,1,High,0.59,Full,1,Cost-of-Carry
Commodity,Commodity Spot,1,0,0,1,0,0,0,1,Medium,1.57,Full,1,Cost-of-Carry
Commodity,Commodity Spot,1,0,0,1,0,0,0,1,High,1.92,Full,1,Cost-of-Carry
Commodity,Commodity Spot,1,0,0,1,0,0,0,1,High,0.18,Full,1,Cost-of-Carry
Commodity,Commodity Spot,1,0,0,1,0,0,0,1,Medium,0.71,Full,1,Cost-of-Carry
Commodity,Commodity Spot,1,0,0,1,0,0,0,1,Medium,0.66,Full,1,Cost-of-Carry
Commodity,Commodity Spot,1,0,0,1,0,0,0,1,Medium,0.32,Full,1,Cost-of-Carry
Commodity,Commodity Spot,1,0,0,1,0,0,0,1,High,1.21,Full,1,Cost-of-Carry
Commodity,Commodity Spot,1,0,0,1,0,0,0,1,High,1.09,Full,1,Cost-of-Carry
Commodity,Commodity Spot,1,0,0,1,0,0,0,1,Medium,1.35,Full,1,Cost-of-Carry
Commodity,Commodity Spot,1,0,0,1,0,0,0,1,High,0.18,Full,1,Cost-of-Carry
Commodity,Commodity Spot,1,0,0,1,0,0,0,1,High,1.86,Full,1,Cost-of-Carry
Commodity,Commodity Spot,1,0,0,1,0,0,0,1,High,0.28,Full,1,Cost-of-Carry
Commodity,Commodity Spot,1,0,0,1,0,0,0,1,Medium,0.92,Full,1,Cost-of-Carry
Commodity,Commodity Spot,1,0,0,1,0,0,0,1,Medium,0.84,Full,1,Cost-of-Carry
Commodity,Commodity Spot,1,0,0,1,0,0,0,1,Medium,1.89,Full,1,Cost-of-Carry
Commodity,Commodity Spot,1,0,0,1,0,0,0,1,Medium,1.86,Full,1,Cost-of-Carry
Commodity,Commodity Spot,1,0,0,1,0,0,0,1,Medium,0.48,Full,1,Cost-of-Carry
Commodity,Commodity Spot,1,0,0,1,0,0,0,1,Medium,0.12,Full,1,Cost-of-Carry
Commodity,Commodity Spot,1,0,0,1,0,0,0,1,High,0.64,Full,1,Cost-of-Carry
Commodity,Commodity Spot,1,0,0,1,0,0,0,1,Medium,0.7,Full,1,Cost-of-Carry
Commodity,Commodity Spot,1,0,0,1,0,0,0,1,High,1.71,Full,1,Cost-of-Carry
Commodity,Commodity Spot,1,0,0,1,0,0,0,1,High,1.13,Full,1,Cost-of-Carry
Commodity,Commodity Spot,1,0,0,1,0,0,0,1,High,1.53,Full,1,Cost-of-Carry
Commodity,Commodity Spot,1,0,0,1,0,0,0,1,High,1.96,Full,1,Cost-of-Carry
Commodity,Commodity Spot,1,0,0,1,0,0,0,1,Medium,1.48,Full,1,Cost-of-Carry
Commodity,Commodity Spot,1,0,0,1,0,0,0,1,High,0.44,Full,1,Cost-of-Carry
Commodity,Commodity Spot,1,0,0,1,0,0,0,1,Medium,0.44,Full,1,Cost-of-Carry
Commodity,Commodity Spot,1,0,0,1,0,0,0,1,Medium,1.53,Full,1,Cost-of-Carry
Commodity,Commodity Spot,1,0,0,1,0,0,0,1,High,1.88,Full,1,Cost-of-Carry
Commodity,Commodity Spot,1,0,0,1,0,0,0,1,High,1.48,Full,1,Cost-of-Carry
Commodity,Commodity Spot,1,0,0,1,0,0,0,1,Medium,0.35,Full,1,Cost-of-Carry
Commodity,Commodity Spot,1,0,0,1,0,0,0,1,High,0.27,Full,1,Cost-of-Carry
Commodity,Commodity Spot,1,0,0,1,0,0,0,1,Medium,0.51,Full,1,Cost-of-Carry
Commodity,Commodity Spot,1,0,0,1,0,0,0,1,High,0.39,Full,1,Cost-of-Carry
Commodity,Commodity Spot,1,0,0,1,0,0,0,1,Medium,1.49,Full,1,Cost-of-Carry
Commodity,Commodity Spot,1,0,0,1,0,0,0,1,High,1.54,Full,1,Cost-of-Carry
Commodity,Commodity Spot,1,0,0,1,0,0,0,1,High,1.07,Full,1,Cost-of-Carry
Commodity,Commodity Spot,1,0,0,1,0,0,0,1,High,0.3,Full,1,Cost-of-Carry
Commodity,Commodity Spot,1,0,0,1,0,0,0,1,High,1.41,Full,1,Cost-of-Carry
Commodity,Commodity Spot,1,0,0,1,0,0,0,1,High,1.2,Full,1,Cost-of-Carry
Commodity,Commodity Spot,1,0,0,1,0,0,0,1,High,1.55,Full,1,Cost-of-Carry
Commodity,Commodity Spot,1,0,0,1,0,0,0,1,High,0.41,Full,1,Cost-of-Carry
Commodity,Commodity Spot,1,0,0,1,0,0,0,1,Medium,0.12,Full,1,Cost-of-Carry
Commodity,Commodity Spot,1,0,0,1,0,0,0,1,High,1.51,Full,1,Cost-of-Carry
Commodity,Commodity Spot,1,0,0,1,0,0,0,1,High,1.98,Full,1,Cost-of-Carry
Commodity,Commodity Spot,1,0,0,1,0,0,0,1,Medium,0.47,Full,1,Cost-of-Carry
Commodity,Commodity Spot,1,0,0,1,0,0,0,1,Medium,1.62,Full,1,Cost-of-Carry
Commodity,Commodity Spot,1,0,0,1,0,0,0,1,High,0.69,Full,1,Cost-of-Carry
Commodity,Commodity Spot,1,0,0,1,0,0,0,1,High,1.49,Full,1,Cost-of-Carry
Commodity,Commodity Spot,1,0,0,1,0,0,0,1,High,1.27,Full,1,Cost-of-Carry
Commodity,Commodity Spot,1,0,0,1,0,0,0,1,Medium,0.78,Full,1,Cost-of-Carry
Commodity,Commodity Spot,1,0,0,1,0,0,0,1,High,1.12,Full,1,Cost-of-Carry
Commodity,Commodity Spot,1,0,0,1,0,0,0,1,Medium,0.11,Full,1,Cost-of-Carry
Commodity,Commodity Spot,1,0,0,1,0,0,0,1,Medium,1.7,Full,1,Cost-of-Carry
Commodity,Commodity Spot,1,0,0,1,0,0,0,1,Medium,1.52,Full,1,Cost-of-Carry
Commodity,Commodity Spot,1,0,0,1,0,0,0,1,Medium,1.52,Full,1,Cost-of-Carry
Commodity,Commodity Spot,1,0,0,1,0,0,0,1,High,0.8,Full,1,Cost-of-Carry
Commodity,Commodity Spot,1,0,0,1,0,0,0,1,High,1.54,Full,1,Cost-of-Carry
Commodity,Commodity Spot,1,0,0,1,0,0,0,1,High,0.68,Full,1,Cost-of-Carry
Commodity,Commodity Spot,1,0,0,1,0,0,0,1,Medium,1.05,Full,1,Cost-of-Carry
Commodity,Commodity Spot,1,0,0,1,0,0,0,1,Medium,0.8,Full,1,Cost-of-Carry
Commodity,Commodity Spot,1,0,0,1,0,0,0,1,High,1.32,Full,1,Cost-of-Carry
Commodity,Commodity Spot,1,0,0,1,0,0,0,1,Medium,1.78,Full,1,Cost-of-Carry
Commodity,Commodity Spot,1,0,0,1,0,0,0,1,High,0.36,Full,1,Cost-of-Carry
Commodity,Commodity Spot,1,0,0,1,0,0,0,1,Medium,0.88,Full,1,Cost-of-Carry
Commodity,Commodity Spot,1,0,0,1,0,0,0,1,Medium,0.44,Full,1,Cost-of-Carry
Commodity,Commodity Spot,1,0,0,1,0,0,0,1,Medium,1.28,Full,1,Cost-of-Carry
Commodity,Commodity Spot,1,0,0,1,0,0,0,1,Medium,0.44,Full,1,Cost-of-Carry
Commodity,Commodity Spot,1,0,0,1,0,0,0,1,High,0.28,Full,1,Cost-of-Carry
Commodity,Commodity Spot,1,0,0,1,0,0,0,1,High,1.76,Full,1,Cost-of-Carry
Commodity,Commodity Spot,1,0,0,1,0,0,0,1,High,1.32,Full,1,Cost-of-Carry
Commodity,Commodity Spot,1,0,0,1,0,0,0,1,Medium,0.3,Full,1,Cost-of-Carry
Commodity,Commodity Spot,1,0,0,1,0,0,0,1,Medium,1.17,Full,1,Cost-of-Carry
Commodity,Commodity Spot,1,0,0,1,0,0,0,1,Medium,0.2,Full,1,Cost-of-Carry
Commodity,Commodity Spot,1,0,0,1,0,0,0,1,Medium,1.39,Full,1,Cost-of-Carry
Commodity,Commodity Spot,1,0,0,1,0,0,0,1,Medium,1.24,Full,1,Cost-of-Carry
Commodity,Commodity Spot,1,0,0,1,0,0,0,1,Medium,1.67,Full,1,Cost-of-Carry
Commodity,Commodity Spot,1,0,0,1,0,0,0,1,High,1.31,Full,1,Cost-of-Carry
Commodity,Commodity Spot,1,0,0,1,0,0,0,1,High,0.21,Full,1,Cost-of-Carry
Commodity,Commodity Spot,1,0,0,1,0,0,0,1,High,1.52,Full,1,Cost-of-Carry
Commodity,Commodity Spot,1,0,0,1,0,0,0,1,Medium,1.44,Full,1,Cost-of-Carry
Commodity,Commodity Spot,1,0,0,1,0,0,0,1,High,1.67,Full,1,Cost-of-Carry
Commodity,Commodity Spot,1,0,0,1,0,0,0,1,High,0.94,Full,1,Cost-of-Carry
Commodity,Commodity Spot,1,0,0,1,0,0,0,1,Medium,0.33,Full,1,Cost-of-Carry
Commodity,Commodity Spot,1,0,0,1,0,0,0,1,High,0.92,Full,1,Cost-of-Carry
Commodity,Commodity Spot,1,0,0,1,0,0,0,1,Medium,0.81,Full,1,Cost-of-Carry
Commodity,Commodity Spot,1,0,0,1,0,0,0,1,High,1.24,Full,1,Cost-of-Carry
Commodity,Commodity Spot,1,0,0,1,0,0,0,1,High,1.56,Full,1,Cost-of-Carry
Commodity,Commodity Spot,1,0,0,1,0,0,0,1,High,1.87,Full,1,Cost-of-Carry
Commodity,Commodity Spot,1,0,0,1,0,0,0,1,High,0.43,Full,1,Cost-of-Carry
Commodity,Commodity Spot,1,0,0,1,0,0,0,1,Medium,1.31,Full,1,Cost-of-Carry
Commodity,Commodity Spot,1,0,0,1,0,0,0,1,Medium,0.44,Full,1,Cost-of-Carry
Commodity,Commodity Spot,1,0,0,1,0,0,0,1,High,0.88,Full,1,Cost-of-Carry
Commodity,Commodity Spot,1,0,0,1,0,0,0,1,Medium,1.52,Full,1,Cost-of-Carry
Commodity,Commodity Spot,1,0,0,1,0,0,0,1,High,1.19,Full,1,Cost-of-Carry
Commodity,Commodity Spot,1,0,0,1,0,0,0,1,Medium,0.49,Full,1,Cost-of-Carry
Commodity,Commodity Spot,1,0,0,1,0,0,0,1,Medium,0.79,Full,1,Cost-of-Carry
Commodity,Commodity Spot,1,0,0,1,0,0,0,1,Medium,0.41,Full,1,Cost-of-Carry
Commodity,Commodity Spot,1,0,0,1,0,0,0,1,High,0.15,Full,1,Cost-of-Carry
Commodity,Commodity Spot,1,0,0,1,0,0,0,1,Medium,1.21,Full,1,Cost-of-Carry
Commodity,Commodity Spot,1,0,0,1,0,0,0,1,Medium,1.08,Full,1,Cost-of-Carry
Commodity,Commodity Spot,1,0,0,1,0,0,0,1,High,1.59,Full,1,Cost-of-Carry
Commodity,Commodity Spot,1,0,0,1,0,0,0,1,High,0.59,Full,1,Cost-of-Carry
Commodity,Commodity Spot,1,0,0,1,0,0,0,1,Medium,0.53,Full,1,Cost-of-Carry
Commodity,Commodity Spot,1,0,0,1,0,0,0,1,High,1.7,Full,1,Cost-of-Carry
Commodity,Commodity Spot,1,0,0,1,0,0,0,1,High,1.01,Full,1,Cost-of-Carry
Commodity,Commodity Spot,1,0,0,1,0,0,0,1,High,0.97,Full,1,Cost-of-Carry
Commodity,Commodity Spot,1,0,0,1,0,0,0,1,High,1.44,Full,1,Cost-of-Carry
Commodity,Commodity Spot,1,0,0,1,0,0,0,1,Medium,0.25,Full,1,Cost-of-Carry
Commodity,Commodity Spot,1,0,0,1,0,0,0,1,High,1.82,Full,1,Cost-of-Carry
Commodity,Commodity Spot,1,0,0,1,0,0,0,1,High,0.93,Full,1,Cost-of-Carry
Commodity,Commodity Spot,1,0,0,1,0,0,0,1,High,0.11,Full,1,Cost-of-Carry
Commodity,Commodity Spot,1,0,0,1,0,0,0,1,High,0.4,Full,1,Cost-of-Carry
Commodity,Commodity Spot,1,0,0,1,0,0,0,1,Medium,0.35,Full,1,Cost-of-Carry
Commodity,Commodity Spot,1,0,0,1,0,0,0,1,High,1.53,Full,1,Cost-of-Carry
Commodity,Commodity Spot,1,0,0,1,0,0,0,1,Medium,1.0,Full,1,Cost-of-Carry
Commodity,Commodity Spot,1,0,0,1,0,0,0,1,High,0.23,Full,1,Cost-of-Carry
Commodity,Commodity Spot,1,0,0,1,0,0,0,1,Medium,0.18,Full,1,Cost-of-Carry
Commodity,Commodity Spot,1,0,0,1,0,0,0,1,Medium,0.6,Full,1,Cost-of-Carry
Commodity,Commodity Spot,1,0,0,1,0,0,0,1,High,0.62,Full,1,Cost-of-Carry
Commodity,Commodity Spot,1,0,0,1,0,0,0,1,Medium,0.57,Full,1,Cost-of-Carry
Commodity,Commodity Spot,1,0,0,1,0,0,0,1,Medium,0.81,Full,1,Cost-of-Carry
Commodity,Commodity Spot,1,0,0,1,0,0,0,1,High,0.95,Full,1,Cost-of-Carry
Commodity,Commodity Spot,1,0,0,1,0,0,0,1,High,0.61,Full,1,Cost-of-Carry
Commodity,Commodity Spot,1,0,0,1,0,0,0,1,High,1.03,Full,1,Cost-of-Carry
Currency,FX Forward,1,0,0,0,0,0,0,1,Medium,0.08,Full,2,Forward-Pricing
Currency,FX Forward,1,0,0,0,0,0,0,1,Medium,0.16,Full,2,Forward-Pricing
Currency,FX Forward,1,0,0,0,0,0,0,1,High,0.42,Full,1,Forward-Pricing
Currency,FX Forward,1,0,0,0,0,0,0,1,High,0.9,Full,2,Forward-Pricing
Currency,FX Forward,1,0,0,0,0,0,0,1,Medium,0.96,Full,1,Forward-Pricing
Currency,FX Forward,1,0,0,0,0,0,0,1,Medium,0.41,Full,2,Forward-Pricing
Currency,FX Forward,1,0,0,0,0,0,0,1,High,0.74,Full,2,Forward-Pricing
Currency,FX Forward,1,0,0,0,0,0,0,1,High,0.27,Full,1,Forward-Pricing
Currency,FX Forward,1,0,0,0,0,0,0,1,Medium,0.21,Full,2,Forward-Pricing
Currency,FX Forward,1,0,0,0,0,0,0,1,High,0.47,Full,1,Forward-Pricing
Currency,FX Forward,1,0,0,0,0,0,0,1,High,0.62,Full,1,Forward-Pricing
Currency,FX Forward,1,0,0,0,0,0,0,1,High,0.13,Full,2,Forward-Pricing
Currency,FX Forward,1,0,0,0,0,0,0,1,High,0.24,Full,2,Forward-Pricing
Currency,FX Forward,1,0,0,0,0,0,0,1,High,0.85,Full,1,Forward-Pricing
Currency,FX Forward,1,0,0,0,0,0,0,1,High,0.53,Full,1,Forward-Pricing
Currency,FX Forward,1,0,0,0,0,0,0,1,High,0.86,Full,2,Forward-Pricing
Currency,FX Forward,1,0,0,0,0,0,0,1,Medium,0.09,Full,2,Forward-Pricing
Currency,FX Forward,1,0,0,0,0,0,0,1,High,0.55,Full,2,Forward-Pricing
Currency,FX Forward,1,0,0,0,0,0,0,1,High,0.47,Full,1,Forward-Pricing
Currency,FX Forward,1,0,0,0,0,0,0,1,High,0.18,Full,2,Forward-Pricing
Currency,FX Forward,1,0,0,0,0,0,0,1,High,0.85,Full,2,Forward-Pricing
Currency,FX Forward,1,0,0,0,0,0,0,1,High,0.47,Full,2,Forward-Pricing
Currency,FX Forward,1,0,0,0,0,0,0,1,Medium,0.66,Full,2,Forward-Pricing
Currency,FX Forward,1,0,0,0,0,0,0,1,Medium,0.52,Full,2,Forward-Pricing
Currency,FX Forward,1,0,0,0,0,0,0,1,Medium,0.47,Full,2,Forward-Pricing
Currency,FX Forward,1,0,0,0,0,0,0,1,Medium,0.79,Full,2,Forward-Pricing
Currency,FX Forward,1,0,0,0,0,0,0,1,Medium,0.87,Full,2,Forward-Pricing
Currency,FX Forward,1,0,0,0,0,0,0,1,Medium,0.76,Full,2,Forward-Pricing
Currency,FX Forward,1,0,0,0,0,0,0,1,High,0.04,Full,2,Forward-Pricing
Currency,FX Forward,1,0,0,0,0,0,0,1,High,0.67,Full,2,Forward-Pricing
Currency,FX Forward,1,0,0,0,0,0,0,1,High,0.25,Full,1,Forward-Pricing
Currency,FX Forward,1,0,0,0,0,0,0,1,High,0.76,Full,1,Forward-Pricing
Currency,FX Forward,1,0,0,0,0,0,0,1,Medium,0.56,Full,2,Forward-Pricing
Currency,FX Forward,1,0,0,0,0,0,0,1,High,0.36,Full,2,Forward-Pricing
Currency,FX Forward,1,0,0,0,0,0,0,1,High,0.4,Full,1,Forward-Pricing
Currency,FX Forward,1,0,0,0,0,0,0,1,High,0.38,Full,1,Forward-Pricing
Currency,FX Forward,1,0,0,0,0,0,0,1,High,0.41,Full,1,Forward-Pricing
Currency,FX Forward,1,0,0,0,0,0,0,1,Medium,0.45,Full,1,Forward-Pricing
Currency,FX Forward,1,0,0,0,0,0,0,1,High,0.11,Full,2,Forward-Pricing
Currency,FX Forward,1,0,0,0,0,0,0,1,High,0.59,Full,1,Forward-Pricing
Currency,FX Forward,1,0,0,0,0,0,0,1,Medium,0.65,Full,1,Forward-Pricing
Currency,FX Forward,1,0,0,0,0,0,0,1,High,0.54,Full,2,Forward-Pricing
Currency,FX Forward,1,0,0,0,0,0,0,1,High,0.8,Full,1,Forward-Pricing
Currency,FX Forward,1,0,0,0,0,0,0,1,Medium,0.38,Full,1,Forward-Pricing
Currency,FX Forward,1,0,0,0,0,0,0,1,High,0.19,Full,2,Forward-Pricing
Currency,FX Forward,1,0,0,0,0,0,0,1,High,0.61,Full,1,Forward-Pricing
Currency,FX Forward,1,0,0,0,0,0,0,1,High,0.74,Full,2,Forward-Pricing
Currency,FX Forward,1,0,0,0,0,0,0,1,Medium,0.33,Full,2,Forward-Pricing
Currency,FX Forward,1,0,0,0,0,0,0,1,High,0.97,Full,1,Forward-Pricing
Currency,FX Forward,1,0,0,0,0,0,0,1,High,0.81,Full,2,Forward-Pricing
Currency,FX Forward,1,0,0,0,0,0,0,1,Medium,0.97,Full,1,Forward-Pricing
Currency,FX Forward,1,0,0,0,0,0,0,1,High,0.98,Full,1,Forward-Pricing
Currency,FX Forward,1,0,0,0,0,0,0,1,High,0.64,Full,2,Forward-Pricing
Currency,FX Forward,1,0,0,0,0,0,0,1,High,0.98,Full,1,Forward-Pricing
Currency,FX Forward,1,0,0,0,0,0,0,1,Medium,0.15,Full,1,Forward-Pricing
Currency,FX Forward,1,0,0,0,0,0,0,1,High,0.11,Full,2,Forward-Pricing
Currency,FX Forward,1,0,0,0,0,0,0,1,High,0.83,Full,2,Forward-Pricing
Currency,FX Forward,1,0,0,0,0,0,0,1,High,0.39,Full,1,Forward-Pricing
Currency,FX Forward,1,0,0,0,0,0,0,1,High,0.35,Full,1,Forward-Pricing
Currency,FX Forward,1,0,0,0,0,0,0,1,High,0.55,Full,1,Forward-Pricing
Currency,FX Forward,1,0,0,0,0,0,0,1,High,0.48,Full,1,Forward-Pricing
Currency,FX Forward,1,0,0,0,0,0,0,1,High,0.37,Full,2,Forward-Pricing
Currency,FX Forward,1,0,0,0,0,0,0,1,High,0.83,Full,2,Forward-Pricing
Currency,FX Forward,1,0,0,0,0,0,0,1,High,0.19,Full,1,Forward-Pricing
Currency,FX Forward,1,0,0,0,0,0,0,1,High,0.12,Full,1,Forward-Pricing
Currency,FX Forward,1,0,0,0,0,0,0,1,Medium,0.16,Full,1,Forward-Pricing
Currency,FX Forward,1,0,0,0,0,0,0,1,Medium,0.46,Full,2,Forward-Pricing
Currency,FX Forward,1,0,0,0,0,0,0,1,Medium,0.66,Full,2,Forward-Pricing
Currency,FX Forward,1,0,0,0,0,0,0,1,High,0.74,Full,2,Forward-Pricing
Currency,FX Forward,1,0,0,0,0,0,0,1,Medium,0.85,Full,1,Forward-Pricing
Currency,FX Forward,1,0,0,0,0,0,0,1,Medium,0.05,Full,1,Forward-Pricing
Currency,FX Forward,1,0,0,0,0,0,0,1,High,0.34,Full,2,Forward-Pricing
Currency,FX Forward,1,0,0,0,0,0,0,1,Medium,0.19,Full,1,Forward-Pricing
Currency,FX Forward,1,0,0,0,0,0,0,1,High,0.84,Full,1,Forward-Pricing
Currency,FX Forward,1,0,0,0,0,0,0,1,Medium,0.35,Full,2,Forward-Pricing
Currency,FX Forward,1,0,0,0,0,0,0,1,High,0.23,Full,1,Forward-Pricing
Currency,FX Forward,1,0,0,0,0,0,0,1,Medium,0.09,Full,1,Forward-Pricing
Currency,FX Forward,1,0,0,0,0,0,0,1,High,0.42,Full,2,Forward-Pricing
Currency,FX Forward,1,0,0,0,0,0,0,1,High,0.91,Full,1,Forward-Pricing
Currency,FX Forward,1,0,0,0,0,0,0,1,Medium,0.81,Full,2,Forward-Pricing
Currency,FX Forward,1,0,0,0,0,0,0,1,High,0.9,Full,1,Forward-Pricing
Currency,FX Forward,1,0,0,0,0,0,0,1,High,0.88,Full,1,Forward-Pricing
Currency,FX Forward,1,0,0,0,0,0,0,1,Medium,0.19,Full,2,Forward-Pricing
Currency,FX Forward,1,0,0,0,0,0,0,1,High,0.47,Full,2,Forward-Pricing
Currency,FX Forward,1,0,0,0,0,0,0,1,High,0.56,Full,1,Forward-Pricing
Currency,FX Forward,1,0,0,0,0,0,0,1,Medium,0.98,Full,2,Forward-Pricing
Currency,FX Forward,1,0,0,0,0,0,0,1,Medium,0.43,Full,1,Forward-Pricing
Currency,FX Forward,1,0,0,0,0,0,0,1,High,0.92,Full,1,Forward-Pricing
Currency,FX Forward,1,0,0,0,0,0,0,1,High,0.86,Full,1,Forward-Pricing
Currency,FX Forward,1,0,0,0,0,0,0,1,High,0.91,Full,2,Forward-Pricing
Currency,FX Forward,1,0,0,0,0,0,0,1,Medium,0.81,Full,2,Forward-Pricing
Currency,FX Forward,1,0,0,0,0,0,0,1,High,0.96,Full,1,Forward-Pricing
Currency,FX Forward,1,0,0,0,0,0,0,1,High,0.32,Full,1,Forward-Pricing
Currency,FX Forward,1,0,0,0,0,0,0,1,High,0.3,Full,1,Forward-Pricing
Currency,FX Forward,1,0,0,0,0,0,0,1,High,0.23,Full,1,Forward-Pricing
Currency,FX Forward,1,0,0,0,0,0,0,1,High,0.09,Full,1,Forward-Pricing
Currency,FX Forward,1,0,0,0,0,0,0,1,High,0.07,Full,1,Forward-Pricing
Currency,FX Forward,1,0,0,0,0,0,0,1,High,0.83,Full,1,Forward-Pricing
Currency,FX Forward,1,0,0,0,0,0,0,1,Medium,0.24,Full,2,Forward-Pricing
Currency,FX Forward,1,0,0,0,0,0,0,1,High,0.61,Full,1,Forward-Pricing
Currency,FX Forward,1,0,0,0,0,0,0,1,High,0.67,Full,2,Forward-Pricing
Currency,FX Forward,1,0,0,0,0,0,0,1,High,0.89,Full,1,Forward-Pricing
Currency,FX Forward,1,0,0,0,0,0,0,1,Medium,0.1,Full,1,Forward-Pricing
Currency,FX Forward,1,0,0,0,0,0,0,1,High,0.8,Full,2,Forward-Pricing
Currency,FX Forward,1,0,0,0,0,0,0,1,Medium,0.28,Full,2,Forward-Pricing
Currency,FX Forward,1,0,0,0,0,0,0,1,High,0.58,Full,1,Forward-Pricing
Currency,FX Forward,1,0,0,0,0,0,0,1,High,0.27,Full,1,Forward-Pricing
Currency,FX Forward,1,0,0,0,0,0,0,1,Medium,0.5,Full,1,Forward-Pricing
Currency,FX Forward,1,0,0,0,0,0,0,1,High,0.53,Full,1,Forward-Pricing
Currency,FX Forward,1,0,0,0,0,0,0,1,Medium,0.83,Full,2,Forward-Pricing
Currency,FX Forward,1,0,0,0,0,0,0,1,High,0.04,Full,1,Forward-Pricing
Currency,FX Forward,1,0,0,0,0,0,0,1,Medium,0.1,Full,2,Forward-Pricing
Currency,FX Forward,1,0,0,0,0,0,0,1,High,0.78,Full,1,Forward-Pricing
Currency,FX Forward,1,0,0,0,0,0,0,1,Medium,0.89,Full,1,Forward-Pricing
Currency,FX Forward,1,0,0,0,0,0,0,1,High,0.61,Full,1,Forward-Pricing
Currency,FX Forward,1,0,0,0,0,0,0,1,High,0.6,Full,1,Forward-Pricing
Currency,FX Forward,1,0,0,0,0,0,0,1,Medium,0.25,Full,1,Forward-Pricing
Currency,FX Forward,1,0,0,0,0,0,0,1,High,0.79,Full,1,Forward-Pricing
Currency,FX Forward,1,0,0,0,0,0,0,1,High,0.28,Full,2,Forward-Pricing
Currency,FX Forward,1,0,0,0,0,0,0,1,High,0.48,Full,1,Forward-Pricing
Currency,FX Forward,1,0,0,0,0,0,0,1,High,0.28,Full,2,Forward-Pricing
Currency,FX Forward,1,0,0,0,0,0,0,1,High,0.89,Full,2,Forward-Pricing
Currency,FX Forward,1,0,0,0,0,0,0,1,High,0.06,Full,2,Forward-Pricing
Currency,FX Forward,1,0,0,0,0,0,0,1,High,0.91,Full,1,Forward-Pricing
Currency,FX Forward,1,0,0,0,0,0,0,1,High,0.97,Full,1,Forward-Pricing
Currency,FX Forward,1,0,0,0,0,0,0,1,High,0.49,Full,2,Forward-Pricing
Currency,FX Forward,1,0,0,0,0,0,0,1,High,0.62,Full,1,Forward-Pricing
Currency,FX Forward,1,0,0,0,0,0,0,1,High,0.53,Full,2,Forward-Pricing
Currency,FX Forward,1,0,0,0,0,0,0,1,High,0.03,Full,2,Forward-Pricing
Currency,FX Forward,1,0,0,0,0,0,0,1,Medium,0.85,Full,1,Forward-Pricing
Currency,FX Forward,1,0,0,0,0,0,0,1,High,0.47,Full,1,Forward-Pricing
Currency,FX Forward,1,0,0,0,0,0,0,1,High,0.23,Full,2,Forward-Pricing
Currency,FX Forward,1,0,0,0,0,0,0,1,Medium,0.06,Full,1,Forward-Pricing
Currency,FX Forward,1,0,0,0,0,0,0,1,High,0.82,Full,1,Forward-Pricing
Currency,FX Forward,1,0,0,0,0,0,0,1,High,0.82,Full,1,Forward-Pricing
Currency,FX Forward,1,0,0,0,0,0,0,1,Medium,0.88,Full,1,Forward-Pricing
Currency,FX Forward,1,0,0,0,0,0,0,1,High,0.05,Full,2,Forward-Pricing
Currency,FX Forward,1,0,0,0,0,0,0,1,Medium,0.06,Full,1,Forward-Pricing
Currency,FX Forward,1,0,0,0,0,0,0,1,High,0.93,Full,1,Forward-Pricing
Currency,FX Forward,1,0,0,0,0,0,0,1,High,0.4,Full,1,Forward-Pricing
Currency,FX Forward,1,0,0,0,0,0,0,1,High,0.72,Full,2,Forward-Pricing
Currency,FX Forward,1,0,0,0,0,0,0,1,High,0.32,Full,1,Forward-Pricing
Currency,FX Forward,1,0,0,0,0,0,0,1,High,0.96,Full,2,Forward-Pricing
Currency,FX Forward,1,0,0,0,0,0,0,1,High,0.02,Full,1,Forward-Pricing
Currency,FX Forward,1,0,0,0,0,0,0,1,High,0.07,Full,1,Forward-Pricing
Currency,FX Forward,1,0,0,0,0,0,0,1,Medium,0.08,Full,1,Forward-Pricing
Currency,FX Forward,1,0,0,0,0,0,0,1,High,0.27,Full,2,Forward-Pricing
Currency,FX Forward,1,0,0,0,0,0,0,1,High,0.8,Full,2,Forward-Pricing
Currency,FX Forward,1,0,0,0,0,0,0,1,High,0.11,Full,1,Forward-Pricing
Currency,FX Forward,1,0,0,0,0,0,0,1,High,0.09,Full,2,Forward-Pricing
Currency,FX Forward,1,0,0,0,0,0,0,1,Medium,0.37,Full,1,Forward-Pricing
Currency,FX Forward,1,0,0,0,0,0,0,1,High,0.68,Full,1,Forward-Pricing
Currency,FX Forward,1,0,0,0,0,0,0,1,High,0.37,Full,1,Forward-Pricing
Currency,FX Forward,1,0,0,0,0,0,0,1,High,0.03,Full,2,Forward-Pricing
Currency,FX Forward,1,0,0,0,0,0,0,1,Medium,0.92,Full,1,Forward-Pricing
Currency,FX Forward,1,0,0,0,0,0,0,1,Medium,0.88,Full,2,Forward-Pricing
Currency,FX Forward,1,0,0,0,0,0,0,1,High,0.14,Full,2,Forward-Pricing
Currency,FX Forward,1,0,0,0,0,0,0,1,High,0.09,Full,2,Forward-Pricing
Currency,FX Forward,1,0,0,0,0,0,0,1,High,0.16,Full,1,Forward-Pricing
Currency,FX Forward,1,0,0,0,0,0,0,1,High,0.43,Full,1,Forward-Pricing
Currency,FX Forward,1,0,0,0,0,0,0,1,Medium,0.5,Full,1,Forward-Pricing
Currency,FX Forward,1,0,0,0,0,0,0,1,Medium,0.06,Full,1,Forward-Pricing
Currency,FX Forward,1,0,0,0,0,0,0,1,High,0.57,Full,1,Forward-Pricing
Currency,FX Forward,1,0,0,0,0,0,0,1,High,0.73,Full,1,Forward-Pricing
Currency,FX Forward,1,0,0,0,0,0,0,1,High,0.85,Full,2,Forward-Pricing
Currency,FX Forward,1,0,0,0,0,0,0,1,Medium,0.44,Full,1,Forward-Pricing
Currency,FX Forward,1,0,0,0,0,0,0,1,High,0.29,Full,1,Forward-Pricing
Currency,FX Forward,1,0,0,0,0,0,0,1,High,0.79,Full,2,Forward-Pricing
Currency,FX Forward,1,0,0,0,0,0,0,1,High,0.4,Full,1,Forward-Pricing
Currency,FX Forward,1,0,0,0,0,0,0,1,Medium,0.76,Full,1,Forward-Pricing
Currency,FX Forward,1,0,0,0,0,0,0,1,Medium,0.59,Full,2,Forward-Pricing
Currency,FX Forward,1,0,0,0,0,0,0,1,Medium,0.61,Full,2,Forward-Pricing
Currency,FX Forward,1,0,0,0,0,0,0,1,High,0.54,Full,2,Forward-Pricing
Currency,FX Forward,1,0,0,0,0,0,0,1,High,0.65,Full,1,Forward-Pricing
Currency,FX Forward,1,0,0,0,0,0,0,1,High,0.36,Full,2,Forward-Pricing
Currency,FX Forward,1,0,0,0,0,0,0,1,Medium,0.04,Full,2,Forward-Pricing
Currency,FX Forward,1,0,0,0,0,0,0,1,High,0.64,Full,1,Forward-Pricing
Currency,FX Forward,1,0,0,0,0,0,0,1,Medium,0.09,Full,2,Forward-Pricing
Currency,FX Forward,1,0,0,0,0,0,0,1,Medium,0.32,Full,2,Forward-Pricing
Currency,FX Forward,1,0,0,0,0,0,0,1,High,0.54,Full,2,Forward-Pricing
Currency,FX Forward,1,0,0,0,0,0,0,1,High,0.46,Full,2,Forward-Pricing
Currency,FX Forward,1,0,0,0,0,0,0,1,High,0.16,Full,1,Forward-Pricing
Currency,FX Forward,1,0,0,0,0,0,0,1,High,0.05,Full,1,Forward-Pricing
Currency,FX Forward,1,0,0,0,0,0,0,1,Medium,0.96,Full,2,Forward-Pricing
Currency,FX Forward,1,0,0,0,0,0,0,1,High,0.06,Full,2,Forward-Pricing
Currency,FX Forward,1,0,0,0,0,0,0,1,Medium,0.4,Full,2,Forward-Pricing
Currency,FX Forward,1,0,0,0,0,0,0,1,Medium,0.04,Full,1,Forward-Pricing
Currency,FX Forward,1,0,0,0,0,0,0,1,High,0.47,Full,2,Forward-Pricing
Currency,FX Forward,1,0,0,0,0,0,0,1,High,0.9,Full,1,Forward-Pricing
Currency,FX Forward,1,0,0,0,0,0,0,1,High,0.96,Full,1,Forward-Pricing
Currency,FX Forward,1,0,0,0,0,0,0,1,Medium,0.89,Full,2,Forward-Pricing
Currency,FX Forward,1,0,0,0,0,0,0,1,High,0.83,Full,1,Forward-Pricing
Currency,FX Forward,1,0,0,0,0,0,0,1,High,0.3,Full,1,Forward-Pricing
Currency,FX Forward,1,0,0,0,0,0,0,1,High,0.4,Full,1,Forward-Pricing
Currency,FX Forward,1,0,0,0,0,0,0,1,High,0.55,Full,1,Forward-Pricing
Currency,FX Forward,1,0,0,0,0,0,0,1,High,0.56,Full,2,Forward-Pricing
Currency,FX Forward,1,0,0,0,0,0,0,1,High,0.77,Full,1,Forward-Pricing
Currency,FX Forward,1,0,0,0,0,0,0,1,Medium,0.45,Full,2,Forward-Pricing
Currency,FX Forward,1,0,0,0,0,0,0,1,High,0.27,Full,1,Forward-Pricing
Currency,FX Forward,1,0,0,0,0,0,0,1,High,0.08,Full,2,Forward-Pricing
Currency,FX Forward,1,0,0,0,0,0,0,1,Medium,0.28,Full,2,Forward-Pricing
Currency,FX Forward,1,0,0,0,0,0,0,1,Medium,0.57,Full,1,Forward-Pricing
Currency,FX Forward,1,0,0,0,0,0,0,1,High,0.59,Full,2,Forward-Pricing
Currency,FX Forward,1,0,0,0,0,0,0,1,High,0.46,Full,1,Forward-Pricing
Currency,FX Forward,1,0,0,0,0,0,0,1,High,0.5,Full,1,Forward-Pricing
Currency,FX Forward,1,0,0,0,0,0,0,1,High,0.99,Full,2,Forward-Pricing
Currency,FX Forward,1,0,0,0,0,0,0,1,High,0.63,Full,1,Forward-Pricing
Currency,FX Forward,1,0,0,0,0,0,0,1,High,0.47,Full,1,Forward-Pricing
Currency,FX Forward,1,0,0,0,0,0,0,1,High,0.17,Full,1,Forward-Pricing
Currency,FX Forward,1,0,0,0,0,0,0,1,High,0.72,Full,2,Forward-Pricing
Currency,FX Forward,1,0,0,0,0,0,0,1,Medium,0.15,Full,1,Forward-Pricing
Currency,FX Forward,1,0,0,0,0,0,0,1,High,0.61,Full,2,Forward-Pricing
Currency,FX Forward,1,0,0,0,0,0,0,1,High,0.47,Full,2,Forward-Pricing
Currency,FX Forward,1,0,0,0,0,0,0,1,High,0.75,Full,1,Forward-Pricing
Currency,FX Forward,1,0,0,0,0,0,0,1,High,0.8,Full,2,Forward-Pricing
Currency,FX Forward,1,0,0,0,0,0,0,1,High,0.88,Full,2,Forward-Pricing
Currency,FX Forward,1,0,0,0,0,0,0,1,High,0.17,Full,1,Forward-Pricing
Currency,FX Forward,1,0,0,0,0,0,0,1,High,0.98,Full,2,Forward-Pricing
Currency,FX Forward,1,0,0,0,0,0,0,1,High,0.6,Full,2,Forward-Pricing
Currency,FX Forward,1,0,0,0,0,0,0,1,High,0.53,Full,2,Forward-Pricing
Currency,FX Forward,1,0,0,0,0,0,0,1,Medium,0.4,Full,1,Forward-Pricing
Currency,FX Forward,1,0,0,0,0,0,0,1,High,0.38,Full,1,Forward-Pricing
Currency,FX Forward,1,0,0,0,0,0,0,1,Medium,0.9,Full,1,Forward-Pricing
Currency,FX Forward,1,0,0,0,0,0,0,1,High,0.45,Full,1,Forward-Pricing
Currency,FX Forward,1,0,0,0,0,0,0,1,Medium,0.6,Full,1,Forward-Pricing
Currency,FX Forward,1,0,0,0,0,0,0,1,High,0.49,Full,1,Forward-Pricing
Currency,FX Forward,1,0,0,0,0,0,0,1,High,0.08,Full,1,Forward-Pricing
Currency,FX Forward,1,0,0,0,0,0,0,1,High,0.65,Full,1,Forward-Pricing
Currency,FX Forward,1,0,0,0,0,0,0,1,Medium,0.33,Full,1,Forward-Pricing
Currency,FX Forward,1,0,0,0,0,0,0,1,Medium,0.05,Full,1,Forward-Pricing
Currency,FX Forward,1,0,0,0,0,0,0,1,High,0.24,Full,1,Forward-Pricing
Currency,FX Forward,1,0,0,0,0,0,0,1,High,0.49,Full,1,Forward-Pricing
Currency,FX Forward,1,0,0,0,0,0,0,1,High,0.73,Full,2,Forward-Pricing
Currency,FX Forward,1,0,0,0,0,0,0,1,High,0.15,Full,2,Forward-Pricing
Currency,FX Forward,1,0,0,0,0,0,0,1,High,0.37,Full,2,Forward-Pricing
Currency,FX Forward,1,0,0,0,0,0,0,1,High,0.29,Full,2,Forward-Pricing
Currency,FX Forward,1,0,0,0,0,0,0,1,High,0.96,Full,1,Forward-Pricing
Currency,FX Forward,1,0,0,0,0,0,0,1,Medium,1.0,Full,2,Forward-Pricing
Currency,FX Forward,1,0,0,0,0,0,0,1,High,0.83,Full,1,Forward-Pricing
Currency,FX Forward,1,0,0,0,0,0,0,1,High,0.03,Full,1,Forward-Pricing
Currency,FX Forward,1,0,0,0,0,0,0,1,High,0.64,Full,1,Forward-Pricing
Currency,FX Forward,1,0,0,0,0,0,0,1,High,0.03,Full,2,Forward-Pricing
Currency,FX Forward,1,0,0,0,0,0,0,1,High,0.83,Full,1,Forward-Pricing
Currency,FX Forward,1,0,0,0,0,0,0,1,Medium,0.89,Full,1,Forward-Pricing
Currency,FX Forward,1,0,0,0,0,0,0,1,High,0.12,Full,1,Forward-Pricing
Currency,FX Forward,1,0,0,0,0,0,0,1,High,0.73,Full,2,Forward-Pricing
Currency,FX Forward,1,0,0,0,0,0,0,1,High,0.04,Full,1,Forward-Pricing
Currency,FX Forward,1,0,0,0,0,0,0,1,Medium,0.56,Full,2,Forward-Pricing
Currency,FX Forward,1,0,0,0,0,0,0,1,High,0.95,Full,2,Forward-Pricing
Currency,FX Forward,1,0,0,0,0,0,0,1,High,0.96,Full,1,Forward-Pricing
Currency,FX Forward,1,0,0,0,0,0,0,1,High,0.31,Full,2,Forward-Pricing
Currency,FX Forward,1,0,0,0,0,0,0,1,High,0.51,Full,2,Forward-Pricing
Currency,FX Forward,1,0,0,0,0,0,0,1,High,0.07,Full,2,Forward-Pricing
Currency,FX Forward,1,0,0,0,0,0,0,1,High,0.41,Full,1,Forward-Pricing
Currency,FX Forward,1,0,0,0,0,0,0,1,Medium,0.25,Full,1,Forward-Pricing
Currency,FX Forward,1,0,0,0,0,0,0,1,Medium,0.81,Full,2,Forward-Pricing
Currency,FX Forward,1,0,0,0,0,0,0,1,High,0.28,Full,2,Forward-Pricing
Currency,FX Forward,1,0,0,0,0,0,0,1,High,0.59,Full,1,Forward-Pricing
Currency,FX Forward,1,0,0,0,0,0,0,1,High,0.56,Full,2,Forward-Pricing
Currency,FX Forward,1,0,0,0,0,0,0,1,High,0.05,Full,1,Forward-Pricing
Currency,FX Forward,1,0,0,0,0,0,0,1,High,0.43,Full,1,Forward-Pricing
Currency,FX Forward,1,0,0,0,0,0,0,1,High,0.2,Full,1,Forward-Pricing
Currency,FX Forward,1,0,0,0,0,0,0,1,Medium,0.87,Full,2,Forward-Pricing
Currency,FX Forward,1,0,0,0,0,0,0,1,High,0.83,Full,2,Forward-Pricing
Currency,FX Forward,1,0,0,0,0,0,0,1,High,0.26,Full,2,Forward-Pricing
Currency,FX Forward,1,0,0,0,0,0,0,1,High,0.83,Full,2,Forward-Pricing
Currency,FX Forward,1,0,0,0,0,0,0,1,Medium,0.56,Full,1,Forward-Pricing
Currency,FX Forward,1,0,0,0,0,0,0,1,High,0.92,Full,2,Forward-Pricing
Currency,FX Forward,1,0,0,0,0,0,0,1,High,0.41,Full,1,Forward-Pricing
Currency,FX Forward,1,0,0,0,0,0,0,1,High,0.88,Full,2,Forward-Pricing
Currency,FX Forward,1,0,0,0,0,0,0,1,High,0.73,Full,1,Forward-Pricing
Currency,FX Forward,1,0,0,0,0,0,0,1,High,0.33,Full,1,Forward-Pricing
Currency,FX Forward,1,0,0,0,0,0,0,1,High,0.52,Full,2,Forward-Pricing
Currency,FX Forward,1,0,0,0,0,0,0,1,High,0.29,Full,2,Forward-Pricing
Currency,FX Forward,1,0,0,0,0,0,0,1,High,0.08,Full,2,Forward-Pricing
Currency,FX Forward,1,0,0,0,0,0,0,1,High,0.35,Full,2,Forward-Pricing
Currency,FX Forward,1,0,0,0,0,0,0,1,High,0.1,Full,2,Forward-Pricing
Currency,FX Forward,1,0,0,0,0,0,0,1,Medium,0.83,Full,1,Forward-Pricing
Currency,FX Forward,1,0,0,0,0,0,0,1,Medium,0.57,Full,2,Forward-Pricing
Currency,FX Forward,1,0,0,0,0,0,0,1,High,0.89,Full,1,Forward-Pricing
Currency,FX Forward,1,0,0,0,0,0,0,1,Medium,0.91,Full,2,Forward-Pricing
Currency,FX Forward,1,0,0,0,0,0,0,1,Medium,0.11,Full,2,Forward-Pricing
Currency,FX Forward,1,0,0,0,0,0,0,1,Medium,0.5,Full,1,Forward-Pricing
Currency,FX Forward,1,0,0,0,0,0,0,1,Medium,0.85,Full,1,Forward-Pricing
Currency,FX Forward,1,0,0,0,0,0,0,1,High,0.16,Full,1,Forward-Pricing
Currency,FX Forward,1,0,0,0,0,0,0,1,High,0.88,Full,1,Forward-Pricing
Currency,FX Forward,1,0,0,0,0,0,0,1,High,0.29,Full,1,Forward-Pricing
Currency,FX Forward,1,0,0,0,0,0,0,1,High,0.68,Full,1,Forward-Pricing
Currency,FX Forward,1,0,0,0,0,0,0,1,High,0.28,Full,2,Forward-Pricing
Currency,FX Forward,1,0,0,0,0,0,0,1,Medium,0.64,Full,1,Forward-Pricing
Currency,FX Forward,1,0,0,0,0,0,0,1,High,0.12,Full,2,Forward-Pricing
Currency,FX Forward,1,0,0,0,0,0,0,1,Medium,0.51,Full,1,Forward-Pricing
Currency,FX Forward,1,0,0,0,0,0,0,1,Medium,0.47,Full,2,Forward-Pricing
Currency,FX Forward,1,0,0,0,0,0,0,1,High,0.78,Full,1,Forward-Pricing
Currency,FX Forward,1,0,0,0,0,0,0,1,Medium,0.77,Full,2,Forward-Pricing
Currency,FX Forward,1,0,0,0,0,0,0,1,High,0.83,Full,1,Forward-Pricing
Currency,FX Forward,1,0,0,0,0,0,0,1,High,0.23,Full,1,Forward-Pricing
Currency,FX Forward,1,0,0,0,0,0,0,1,High,0.48,Full,2,Forward-Pricing
Currency,FX Forward,1,0,0,0,0,0,0,1,High,0.23,Full,1,Forward-Pricing
Currency,FX Forward,1,0,0,0,0,0,0,1,Medium,0.62,Full,2,Forward-Pricing
Equity,Large Cap Dividend,1,1,0,1,0,0,0,1,Medium,,Full,1,DCF
Equity,Mid Cap,1,1,0,1,0,0,0,1,High,,Full,1,DCF
Equity,Large Cap Growth,1,1,0,1,0,0,0,1,High,,Full,1,Relative
Equity,Mid Cap,1,1,0,1,0,0,0,1,High,,Full,1,DDM
Equity,Large Cap Dividend,1,1,0,1,0,0,0,1,High,,Full,1,Relative
Equity,Large Cap Dividend,1,1,0,1,0,0,0,1,Medium,,Full,1,DCF
Equity,Large Cap Growth,1,1,0,1,0,0,0,1,High,,Full,1,Relative
Equity,Large Cap Growth,1,1,0,1,0,0,0,1,High,,Full,1,DCF
Equity,Large Cap Dividend,1,1,0,1,0,0,0,1,High,,Full,1,DCF
Equity,Mid Cap,1,1,0,1,0,0,0,1,Medium,,Partial,1,Mark-to-Market
Equity,Large Cap Growth,1,1,0,1,0,0,0,1,High,,Full,1,Mark-to-Market
Equity,Mid Cap,1,1,0,1,0,0,0,1,High,,Full,1,Mark-to-Market
Equity,Large Cap Growth,1,1,0,1,0,0,0,1,Medium,,Partial,1,Mark-to-Market
Equity,Large Cap Dividend,1,1,0,1,0,0,0,1,High,,Partial,1,DCF
Equity,Large Cap Growth,1,1,0,1,0,0,0,1,High,,Partial,1,Mark-to-Market
Equity,Mid Cap,1,1,0,1,0,0,0,1,High,,Full,1,Relative
Equity,Large Cap Dividend,1,1,0,1,0,0,0,1,Medium,,Full,1,Relative
Equity,Large Cap Dividend,1,1,0,1,0,0,0,1,Medium,,Full,1,Mark-to-Market
Equity,Mid Cap,1,1,0,1,0,0,0,1,High,,Full,1,DCF
Equity,Mid Cap,1,1,0,1,0,0,0,1,High,,Partial,1,Mark-to-Market
Equity,Mid Cap,1,1,0,1,0,0,0,1,High,,Partial,1,DDM
Equity,Large Cap Dividend,1,1,0,1,0,0,0,1,High,,Full,1,DDM
Equity,Large Cap Growth,1,1,0,1,0,0,0,1,Medium,,Full,1,DDM
Equity,Large Cap Dividend,1,1,0,1,0,0,0,1,High,,Full,1,Mark-to-Market
Equity,Large Cap Dividend,1,1,0,1,0,0,0,1,Medium,,Full,1,DDM
Equity,Large Cap Growth,1,1,0,1,0,0,0,1,High,,Partial,1,DCF
Equity,Large Cap Dividend,1,1,0,1,0,0,0,1,High,,Partial,1,DCF
Equity,Mid Cap,1,1,0,1,0,0,0,1,High,,Full,1,DCF
Equity,Large Cap Dividend,1,1,0,1,0,0,0,1,High,,Partial,1,DDM
Equity,Large Cap Growth,1,1,0,1,0,0,0,1,High,,Full,1,Mark-to-Market
Equity,Large Cap Growth,1,1,0,1,0,0,0,1,High,,Partial,1,DDM
Equity,Mid Cap,1,1,0,1,0,0,0,1,High,,Partial,1,Mark-to-Market
Equity,Mid Cap,1,1,0,1,0,0,0,1,Medium,,Partial,1,DCF
Equity,Large Cap Dividend,1,1,0,1,0,0,0,1,Medium,,Full,1,Mark-to-Market
Equity,Large Cap Growth,1,1,0,1,0,0,0,1,High,,Partial,1,DCF
Equity,Mid Cap,1,1,0,1,0,0,0,1,High,,Full,1,Mark-to-Market
Equity,Large Cap Growth,1,1,0,1,0,0,0,1,High,,Full,1,Mark-to-Market
Equity,Large Cap Dividend,1,1,0,1,0,0,0,1,High,,Full,1,DDM
Equity,Large Cap Growth,1,1,0,1,0,0,0,1,Medium,,Full,1,Relative
Equity,Mid Cap,1,1,0,1,0,0,0,1,High,,Full,1,DCF
Equity,Large Cap Dividend,1,1,0,1,0,0,0,1,High,,Full,1,Relative
Equity,Large Cap Growth,1,1,0,1,0,0,0,1,High,,Full,1,Relative
Equity,Large Cap Growth,1,1,0,1,0,0,0,1,High,,Full,1,Relative
Equity,Large Cap Dividend,1,1,0,1,0,0,0,1,High,,Partial,1,DDM
Equity,Large Cap Growth,1,1,0,1,0,0,0,1,High,,Full,1,Relative
Equity,Mid Cap,1,1,0,1,0,0,0,1,High,,Full,1,DCF
Equity,Mid Cap,1,1,0,1,0,0,0,1,High,,Partial,1,Mark-to-Market
Equity,Mid Cap,1,1,0,1,0,0,0,1,High,,Full,1,DCF
Equity,Mid Cap,1,1,0,1,0,0,0,1,Medium,,Full,1,DCF
Equity,Large Cap Growth,1,1,0,1,0,0,0,1,Medium,,Full,1,Mark-to-Market
Equity,Large Cap Dividend,1,1,0,1,0,0,0,1,Medium,,Partial,1,Relative
Equity,Mid Cap,1,1,0,1,0,0,0,1,High,,Full,1,Relative
Equity,Large Cap Growth,1,1,0,1,0,0,0,1,Medium,,Full,1,Relative
Equity,Mid Cap,1,1,0,1,0,0,0,1,High,,Full,1,Mark-to-Market
Equity,Mid Cap,1,1,0,1,0,0,0,1,High,,Full,1,DDM
Equity,Large Cap Growth,1,1,0,1,0,0,0,1,High,,Full,1,DDM
Equity,Large Cap Growth,1,1,0,1,0,0,0,1,Medium,,Full,1,DCF
Equity,Large Cap Dividend,1,1,0,1,0,0,0,1,Medium,,Full,1,DDM
Equity,Mid Cap,1,1,0,1,0,0,0,1,High,,Full,1,DCF
Equity,Large Cap Dividend,1,1,0,1,0,0,0,1,High,,Full,1,Relative
Equity,Large Cap Growth,1,1,0,1,0,0,0,1,High,,Full,1,DCF
Equity,Mid Cap,1,1,0,1,0,0,0,1,High,,Full,1,DDM
Equity,Large Cap Growth,1,1,0,1,0,0,0,1,Medium,,Full,1,DDM
Equity,Large Cap Dividend,1,1,0,1,0,0,0,1,High,,Full,1,DDM
Equity,Mid Cap,1,1,0,1,0,0,0,1,High,,Full,1,DCF
Equity,Large Cap Growth,1,1,0,1,0,0,0,1,High,,Full,1,DCF
Equity,Mid Cap,1,1,0,1,0,0,0,1,High,,Partial,1,DDM
Equity,Large Cap Dividend,1,1,0,1,0,0,0,1,High,,Full,1,DCF
Equity,Mid Cap,1,1,0,1,0,0,0,1,Medium,,Full,1,Mark-to-Market
Equity,Large Cap Growth,1,1,0,1,0,0,0,1,Medium,,Full,1,DDM
Equity,Mid Cap,1,1,0,1,0,0,0,1,High,,Full,1,DDM
Equity,Large Cap Dividend,1,1,0,1,0,0,0,1,High,,Full,1,Relative
Equity,Large Cap Dividend,1,1,0,1,0,0,0,1,High,,Full,1,DDM
Equity,Large Cap Growth,1,1,0,1,0,0,0,1,High,,Full,1,Mark-to-Market
Equity,Large Cap Dividend,1,1,0,1,0,0,0,1,Medium,,Full,1,DCF
Equity,Mid Cap,1,1,0,1,0,0,0,1,High,,Full,1,DDM
Equity,Large Cap Dividend,1,1,0,1,0,0,0,1,High,,Full,1,Relative
Equity,Large Cap Growth,1,1,0,1,0,0,0,1,High,,Full,1,Relative
Equity,Large Cap Dividend,1,1,0,1,0,0,0,1,High,,Partial,1,DCF
Equity,Mid Cap,1,1,0,1,0,0,0,1,Medium,,Full,1,Mark-to-Market
Equity,Mid Cap,1,1,0,1,0,0,0,1,High,,Partial,1,DDM
Equity,Mid Cap,1,1,0,1,0,0,0,1,Medium,,Full,1,DDM
Equity,Large Cap Dividend,1,1,0,1,0,0,0,1,High,,Partial,1,Mark-to-Market
Equity,Large Cap Growth,1,1,0,1,0,0,0,1,Medium,,Full,1,DCF
Equity,Large Cap Dividend,1,1,0,1,0,0,0,1,High,,Partial,1,Mark-to-Market
Equity,Mid Cap,1,1,0,1,0,0,0,1,High,,Full,1,Relative
Equity,Mid Cap,1,1,0,1,0,0,0,1,High,,Partial,1,DCF
Equity,Mid Cap,1,1,0,1,0,0,0,1,High,,Partial,1,Mark-to-Market
Equity,Mid Cap,1,1,0,1,0,0,0,1,Medium,,Partial,1,DCF
Equity,Large Cap Dividend,1,1,0,1,0,0,0,1,High,,Full,1,DCF
Equity,Large Cap Growth,1,1,0,1,0,0,0,1,Medium,,Full,1,DCF
Equity,Large Cap Dividend,1,1,0,1,0,0,0,1,Medium,,Full,1,Mark-to-Market
Equity,Mid Cap,1,1,0,1,0,0,0,1,High,,Partial,1,Mark-to-Market
Equity,Large Cap Growth,1,1,0,1,0,0,0,1,High,,Full,1,Mark-to-Market
Equity,Large Cap Dividend,1,1,0,1,0,0,0,1,High,,Full,1,Mark-to-Market
Equity,Large Cap Growth,1,1,0,1,0,0,0,1,High,,Full,1,Mark-to-Market
Equity,Mid Cap,1,1,0,1,0,0,0,1,High,,Full,1,DDM
Equity,Large Cap Dividend,1,1,0,1,0,0,0,1,Medium,,Partial,1,DCF
Equity,Large Cap Growth,1,1,0,1,0,0,0,1,High,,Partial,1,DDM
Equity,Mid Cap,1,1,0,1,0,0,0,1,Medium,,Full,1,DCF
Bond,MBS,0,1,0,0,1,0,0,0,Medium,23.25,Sparse,3,DCF
Bond,MBS,0,1,0,0,1,0,0,0,Low,11.11,Partial,3,DCF
Bond,MBS,0,1,0,0,1,0,0,0,Medium,9.6,Partial,3,DCF
Bond,MBS,0,1,0,0,1,0,0,0,Low,27.25,Sparse,3,DCF
Bond,MBS,0,1,0,0,1,0,0,0,Medium,8.17,Sparse,2,DCF
Bond,MBS,0,1,0,0,1,0,0,0,Low,18.54,Partial,3,DCF
Bond,MBS,0,1,0,0,1,0,0,0,Medium,13.61,Sparse,3,DCF
Bond,MBS,0,1,0,0,1,0,0,0,Low,6.68,Partial,3,DCF
Bond,MBS,0,1,0,0,1,0,0,0,Medium,9.53,Sparse,3,DCF
Bond,MBS,0,1,0,0,1,0,0,0,Low,9.43,Sparse,3,DCF
Bond,MBS,0,1,0,0,1,0,0,0,Low,19.7,Partial,2,DCF
Bond,MBS,0,1,0,0,1,0,0,0,Medium,4.87,Partial,2,DCF
Bond,MBS,0,1,0,0,1,0,0,0,Medium,6.82,Partial,2,DCF
Bond,MBS,0,1,0,0,1,0,0,0,Medium,25.17,Sparse,2,DCF
Bond,MBS,0,1,0,0,1,0,0,0,Low,4.75,Sparse,2,DCF
Bond,MBS,0,1,0,0,1,0,0,0,Medium,21.45,Partial,2,DCF
Bond,MBS,0,1,0,0,1,0,0,0,Low,11.65,Sparse,2,DCF
Bond,MBS,0,1,0,0,1,0,0,0,Medium,7.47,Partial,3,DCF
Bond,MBS,0,1,0,0,1,0,0,0,Low,20.62,Partial,2,DCF
Bond,MBS,0,1,0,0,1,0,0,0,Medium,21.63,Sparse,3,DCF
Bond,MBS,0,1,0,0,1,0,0,0,Medium,14.19,Sparse,2,DCF
Bond,MBS,0,1,0,0,1,0,0,0,Medium,12.65,Partial,3,DCF
Bond,MBS,0,1,0,0,1,0,0,0,Low,12.84,Sparse,3,DCF
Bond,MBS,0,1,0,0,1,0,0,0,Medium,2.71,Sparse,2,DCF
Bond,MBS,0,1,0,0,1,0,0,0,Low,24.33,Partial,3,DCF
Bond,MBS,0,1,0,0,1,0,0,0,Low,14.25,Sparse,3,DCF
Bond,MBS,0,1,0,0,1,0,0,0,Medium,16.03,Sparse,2,DCF
Bond,MBS,0,1,0,0,1,0,0,0,Medium,29.08,Partial,2,DCF
Bond,MBS,0,1,0,0,1,0,0,0,Medium,10.65,Sparse,3,DCF
Bond,MBS,0,1,0,0,1,0,0,0,Low,7.02,Sparse,3,DCF
Bond,MBS,0,1,0,0,1,0,0,0,Medium,28.67,Sparse,2,DCF
Bond,MBS,0,1,0,0,1,0,0,0,Medium,26.23,Sparse,2,DCF
Bond,MBS,0,1,0,0,1,0,0,0,Low,19.5,Sparse,3,DCF
Bond,MBS,0,1,0,0,1,0,0,0,Low,20.84,Partial,3,DCF
Bond,MBS,0,1,0,0,1,0,0,0,Medium,10.76,Partial,2,DCF
Bond,MBS,0,1,0,0,1,0,0,0,Low,25.32,Partial,2,DCF
Bond,MBS,0,1,0,0,1,0,0,0,Low,8.93,Sparse,3,DCF
Bond,MBS,0,1,0,0,1,0,0,0,Medium,17.37,Sparse,2,DCF
Bond,MBS,0,1,0,0,1,0,0,0,Medium,7.36,Sparse,2,DCF
Bond,MBS,0,1,0,0,1,0,0,0,Low,11.35,Partial,3,DCF
Bond,MBS,0,1,0,0,1,0,0,0,Low,18.95,Sparse,2,DCF
Bond,MBS,0,1,0,0,1,0,0,0,Medium,10.0,Sparse,2,DCF
Bond,MBS,0,1,0,0,1,0,0,0,Medium,20.97,Partial,3,DCF
Bond,MBS,0,1,0,0,1,0,0,0,Low,12.47,Sparse,2,DCF
Bond,MBS,0,1,0,0,1,0,0,0,Medium,23.98,Partial,2,DCF
Bond,MBS,0,1,0,0,1,0,0,0,Medium,7.57,Partial,3,DCF
Bond,MBS,0,1,0,0,1,0,0,0,Low,18.83,Sparse,2,DCF
Bond,MBS,0,1,0,0,1,0,0,0,Low,9.74,Sparse,2,DCF
Bond,MBS,0,1,0,0,1,0,0,0,Medium,2.32,Sparse,2,DCF
Bond,MBS,0,1,0,0,1,0,0,0,Low,7.02,Sparse,3,DCF
Bond,MBS,0,1,0,0,1,0,0,0,Medium,29.41,Partial,2,DCF
Bond,MBS,0,1,0,0,1,0,0,0,Low,21.73,Partial,2,DCF
Bond,MBS,0,1,0,0,1,0,0,0,Medium,16.55,Partial,2,DCF
Bond,MBS,0,1,0,0,1,0,0,0,Medium,7.75,Partial,2,DCF
Bond,MBS,0,1,0,0,1,0,0,0,Low,19.66,Sparse,3,DCF
Bond,MBS,0,1,0,0,1,0,0,0,Low,29.12,Partial,2,DCF
Bond,MBS,0,1,0,0,1,0,0,0,Medium,6.82,Partial,3,DCF
Bond,MBS,0,1,0,0,1,0,0,0,Low,10.32,Sparse,3,DCF
Bond,MBS,0,1,0,0,1,0,0,0,Low,14.82,Partial,2,DCF
Bond,MBS,0,1,0,0,1,0,0,0,Low,9.49,Sparse,3,DCF
Bond,MBS,0,1,0,0,1,0,0,0,Medium,12.45,Partial,3,DCF
Bond,MBS,0,1,0,0,1,0,0,0,Medium,21.79,Sparse,3,DCF
Bond,MBS,0,1,0,0,1,0,0,0,Medium,16.72,Partial,3,DCF
Bond,MBS,0,1,0,0,1,0,0,0,Low,26.25,Partial,2,DCF
Bond,MBS,0,1,0,0,1,0,0,0,Low,14.57,Partial,2,DCF
Bond,MBS,0,1,0,0,1,0,0,0,Medium,22.62,Sparse,2,DCF
Bond,MBS,0,1,0,0,1,0,0,0,Medium,23.62,Sparse,3,DCF
Bond,MBS,0,1,0,0,1,0,0,0,Low,21.04,Sparse,2,DCF
Bond,MBS,0,1,0,0,1,0,0,0,Medium,12.8,Partial,2,DCF
Bond,MBS,0,1,0,0,1,0,0,0,Medium,14.61,Partial,3,DCF
Bond,MBS,0,1,0,0,1,0,0,0,Low,22.32,Sparse,3,DCF
Bond,MBS,0,1,0,0,1,0,0,0,Low,20.83,Sparse,3,DCF
Bond,MBS,0,1,0,0,1,0,0,0,Medium,15.95,Partial,3,DCF
Bond,MBS,0,1,0,0,1,0,0,0,Low,4.59,Partial,2,DCF
Bond,MBS,0,1,0,0,1,0,0,0,Medium,24.6,Partial,2,DCF
Bond,MBS,0,1,0,0,1,0,0,0,Low,14.16,Partial,2,DCF
Bond,MBS,0,1,0,0,1,0,0,0,Low,29.9,Sparse,2,DCF
Bond,MBS,0,1,0,0,1,0,0,0,Medium,19.86,Sparse,3,DCF
Bond,MBS,0,1,0,0,1,0,0,0,Low,7.71,Partial,2,DCF
Bond,MBS,0,1,0,0,1,0,0,0,Medium,26.57,Sparse,3,DCF
Bond,MBS,0,1,0,0,1,0,0,0,Medium,2.83,Partial,2,DCF
Bond,MBS,0,1,0,0,1,0,0,0,Low,9.58,Sparse,3,DCF
Bond,MBS,0,1,0,0,1,0,0,0,Low,11.94,Sparse,2,DCF
Bond,MBS,0,1,0,0,1,0,0,0,Low,18.99,Partial,3,DCF
Bond,MBS,0,1,0,0,1,0,0,0,Low,12.42,Partial,3,DCF
Bond,MBS,0,1,0,0,1,0,0,0,Low,24.54,Partial,3,DCF
Bond,MBS,0,1,0,0,1,0,0,0,Medium,9.93,Sparse,3,DCF
Bond,MBS,0,1,0,0,1,0,0,0,Medium,19.27,Partial,2,DCF
Bond,MBS,0,1,0,0,1,0,0,0,Low,29.65,Sparse,2,DCF
Bond,MBS,0,1,0,0,1,0,0,0,Low,12.39,Partial,2,DCF
Bond,MBS,0,1,0,0,1,0,0,0,Low,24.39,Partial,2,DCF
Bond,MBS,0,1,0,0,1,0,0,0,Low,12.32,Sparse,2,DCF
Bond,MBS,0,1,0,0,1,0,0,0,Medium,2.98,Partial,2,DCF
Bond,MBS,0,1,0,0,1,0,0,0,Low,19.65,Partial,2,DCF
Bond,MBS,0,1,0,0,1,0,0,0,Low,25.34,Sparse,3,DCF
Bond,MBS,0,1,0,0,1,0,0,0,Low,20.18,Partial,2,DCF
Bond,MBS,0,1,0,0,1,0,0,0,Low,13.74,Partial,3,DCF
Bond,MBS,0,1,0,0,1,0,0,0,Low,14.43,Partial,2,DCF
Bond,MBS,0,1,0,0,1,0,0,0,Low,18.53,Partial,2,DCF
Bond,MBS,0,1,0,0,1,0,0,0,Medium,15.75,Sparse,3,DCF
Bond,Treasury Bill,1,1,0,1,0,0,0,1,High,0.12,Full,1,DCF
Bond,Government Bond,1,1,0,1,0,0,0,1,High,21.96,Partial,2,DCF
Bond,Government Bond,1,1,0,1,0,0,0,1,High,9.29,Partial,1,DCF
Bond,Government Bond,1,1,0,1,0,0,0,1,Medium,16.46,Full,2,DCF
Bond,Government Bond,1,1,0,1,0,0,0,1,Medium,20.6,Full,1,DCF
Bond,Government Bond,1,1,0,1,0,0,0,1,High,25.14,Full,1,DCF
Bond,Government Bond,1,1,0,1,0,0,0,1,Medium,10.1,Partial,2,DCF
Bond,Government Bond,1,1,0,1,0,0,0,1,Medium,14.41,Partial,1,DCF
Bond,Government Bond,1,1,0,1,0,0,0,1,High,11.99,Full,2,DCF
Bond,Government Bond,1,1,0,1,0,0,0,1,Medium,26.43,Full,1,DCF
Bond,Government Bond,1,1,0,1,0,0,0,1,Medium,27.59,Partial,1,DCF
Bond,Government Bond,1,1,0,1,0,0,0,1,Medium,19.7,Full,2,DCF
Bond,Government Bond,1,1,0,1,0,0,0,1,Medium,28.35,Full,1,DCF
Bond,Government Bond,1,1,0,1,0,0,0,1,High,27.3,Partial,1,DCF
Bond,Government Bond,1,1,0,1,0,0,0,1,High,16.09,Partial,1,DCF
Bond,Government Bond,1,1,0,1,0,0,0,1,Medium,24.25,Full,1,DCF
Bond,Government Bond,1,1,0,1,0,0,0,1,Medium,26.05,Full,2,DCF
Bond,Government Bond,1,1,0,1,0,0,0,1,High,2.37,Full,1,DCF
Bond,Government Bond,1,1,0,1,0,0,0,1,High,20.86,Full,2,DCF
Bond,Government Bond,1,1,0,1,0,0,0,1,Medium,12.77,Partial,1,DCF
Bond,Government Bond,1,1,0,1,0,0,0,1,High,6.63,Partial,1,DCF
Bond,Government Bond,1,1,0,1,0,0,0,1,Medium,16.89,Partial,2,DCF
Bond,Government Bond,1,1,0,1,0,0,0,1,Medium,6.52,Full,2,DCF
Bond,Government Bond,1,1,0,1,0,0,0,1,High,13.6,Partial,2,DCF
Bond,Government Bond,1,1,0,1,0,0,0,1,High,8.76,Partial,1,DCF
Bond,Government Bond,1,1,0,1,0,0,0,1,Medium,18.3,Partial,1,DCF
Bond,Government Bond,1,1,0,1,0,0,0,1,Medium,19.02,Partial,1,DCF
Bond,Government Bond,1,1,0,1,0,0,0,1,High,8.82,Full,1,DCF
Bond,Government Bond,1,1,0,1,0,0,0,1,Medium,8.15,Partial,2,DCF
Bond,Government Bond,1,1,0,1,0,0,0,1,Medium,29.61,Full,1,DCF
Bond,Government Bond,1,1,0,1,0,0,0,1,High,14.01,Full,1,DCF
Bond,Government Bond,1,1,0,1,0,0,0,1,Medium,13.53,Partial,1,DCF
Bond,Government Bond,1,1,0,1,0,0,0,1,High,16.0,Full,1,DCF
Bond,Government Bond,1,1,0,1,0,0,0,1,Medium,18.11,Full,2,DCF
Bond,Government Bond,1,1,0,1,0,0,0,1,High,5.23,Full,1,DCF
Bond,Government Bond,1,1,0,1,0,0,0,1,Medium,28.13,Full,2,DCF
Bond,Government Bond,1,1,0,1,0,0,0,1,Medium,21.38,Full,1,DCF
Bond,Government Bond,1,1,0,1,0,0,0,1,High,23.41,Full,1,DCF
Bond,Government Bond,1,1,0,1,0,0,0,1,Medium,16.22,Full,1,DCF
Bond,Government Bond,1,1,0,1,0,0,0,1,High,19.12,Full,1,DCF
Bond,Government Bond,1,1,0,1,0,0,0,1,High,15.28,Full,1,DCF
Bond,Government Bond,1,1,0,1,0,0,0,1,High,8.21,Partial,2,DCF
Bond,Government Bond,1,1,0,1,0,0,0,1,Medium,2.28,Partial,1,DCF
Bond,Government Bond,1,1,0,1,0,0,0,1,Medium,23.07,Full,1,DCF
Bond,Government Bond,1,1,0,1,0,0,0,1,Medium,25.61,Full,2,DCF
Bond,Government Bond,1,1,0,1,0,0,0,1,High,9.99,Full,2,DCF
Bond,Government Bond,1,1,0,1,0,0,0,1,High,7.14,Partial,1,DCF
Bond,Government Bond,1,1,0,1,0,0,0,1,High,15.56,Full,1,DCF
Bond,Government Bond,1,1,0,1,0,0,0,1,Medium,12.86,Partial,2,DCF
Bond,Government Bond,1,1,0,1,0,0,0,1,High,9.86,Partial,2,DCF
Bond,Government Bond,1,1,0,1,0,0,0,1,Medium,26.57,Partial,1,DCF
Bond,Government Bond,1,1,0,1,0,0,0,1,High,22.81,Full,2,DCF
Bond,Government Bond,1,1,0,1,0,0,0,1,Medium,20.15,Full,2,DCF
Bond,Government Bond,1,1,0,1,0,0,0,1,Medium,16.37,Partial,1,DCF
Bond,Government Bond,1,1,0,1,0,0,0,1,Medium,29.92,Full,2,DCF
Bond,Government Bond,1,1,0,1,0,0,0,1,High,14.5,Full,2,DCF
Bond,Government Bond,1,1,0,1,0,0,0,1,Medium,12.43,Full,1,DCF
Bond,Government Bond,1,1,0,1,0,0,0,1,Medium,12.49,Partial,2,DCF
Bond,Government Bond,1,1,0,1,0,0,0,1,High,20.39,Full,2,DCF
Bond,Government Bond,1,1,0,1,0,0,0,1,High,12.62,Partial,2,DCF
Bond,Government Bond,1,1,0,1,0,0,0,1,Medium,15.55,Partial,1,DCF
Bond,Government Bond,1,1,0,1,0,0,0,1,Medium,4.67,Partial,1,DCF
Bond,Government Bond,1,1,0,1,0,0,0,1,Medium,3.86,Partial,1,DCF
Bond,Government Bond,1,1,0,1,0,0,0,1,Medium,17.34,Partial,1,DCF
Bond,Government Bond,1,1,0,1,0,0,0,1,Medium,24.48,Partial,2,DCF
Bond,Government Bond,1,1,0,1,0,0,0,1,High,2.41,Full,2,DCF
Bond,Government Bond,1,1,0,1,0,0,0,1,Medium,22.78,Full,2,DCF
Bond,Government Bond,1,1,0,1,0,0,0,1,High,11.71,Partial,1,DCF
Bond,Government Bond,1,1,0,1,0,0,0,1,Medium,27.43,Full,1,DCF
Bond,Government Bond,1,1,0,1,0,0,0,1,High,14.13,Partial,2,DCF
Bond,Government Bond,1,1,0,1,0,0,0,1,Medium,18.21,Partial,2,DCF
Bond,Government Bond,1,1,0,1,0,0,0,1,Medium,10.59,Full,1,DCF
Bond,Government Bond,1,1,0,1,0,0,0,1,High,9.59,Partial,2,DCF
Bond,Government Bond,1,1,0,1,0,0,0,1,High,7.19,Full,1,DCF
Bond,Government Bond,1,1,0,1,0,0,0,1,Medium,13.9,Partial,2,DCF
Bond,Government Bond,1,1,0,1,0,0,0,1,Medium,22.88,Partial,1,DCF
Bond,Government Bond,1,1,0,1,0,0,0,1,Medium,21.49,Partial,1,DCF
Bond,Government Bond,1,1,0,1,0,0,0,1,Medium,14.62,Partial,2,DCF
Bond,Government Bond,1,1,0,1,0,0,0,1,High,9.61,Partial,1,DCF
Bond,Government Bond,1,1,0,1,0,0,0,1,High,19.83,Full,2,DCF
Bond,Government Bond,1,1,0,1,0,0,0,1,High,11.09,Full,2,DCF
Bond,Government Bond,1,1,0,1,0,0,0,1,Medium,14.97,Partial,1,DCF
Bond,Government Bond,1,1,0,1,0,0,0,1,High,18.67,Partial,2,DCF
Bond,Government Bond,1,1,0,1,0,0,0,1,High,23.75,Full,2,DCF
Bond,Government Bond,1,1,0,1,0,0,0,1,Medium,23.3,Partial,2,DCF
Bond,Government Bond,1,1,0,1,0,0,0,1,Medium,23.66,Partial,2,DCF
Bond,Government Bond,1,1,0,1,0,0,0,1,High,14.11,Full,1,DCF
Bond,Government Bond,1,1,0,1,0,0,0,1,High,9.39,Full,1,DCF
Bond,Government Bond,1,1,0,1,0,0,0,1,Medium,8.82,Full,2,DCF
Bond,Government Bond,1,1,0,1,0,0,0,1,Medium,26.03,Partial,2,DCF
Bond,Government Bond,1,1,0,1,0,0,0,1,High,27.14,Full,2,DCF
Bond,Government Bond,1,1,0,1,0,0,0,1,Medium,22.61,Full,2,DCF
Bond,Government Bond,1,1,0,1,0,0,0,1,High,25.11,Partial,2,DCF
Bond,Government Bond,1,1,0,1,0,0,0,1,High,24.76,Full,2,DCF
Bond,Government Bond,1,1,0,1,0,0,0,1,Medium,4.66,Partial,2,DCF
Bond,Government Bond,1,1,0,1,0,0,0,1,High,28.14,Full,2,DCF
Bond,Government Bond,1,1,0,1,0,0,0,1,High,26.02,Full,1,DCF
Bond,Government Bond,1,1,0,1,0,0,0,1,High,17.99,Partial,1,DCF
Bond,Government Bond,1,1,0,1,0,0,0,1,High,5.64,Partial,1,DCF
Bond,Government Bond,1,1,0,1,0,0,0,1,High,25.78,Partial,1,DCF
Bond,Government Bond,1,1,0,1,0,0,0,1,Medium,10.76,Partial,1,DCF
Bond,Corporate Bond (IG),1,1,0,1,1,0,0,1,High,2.44,Full,2,DCF
Bond,Corporate Bond (IG),1,1,0,1,1,0,0,1,Medium,19.46,Partial,2,DCF
Bond,Corporate Bond (IG),1,1,0,1,1,0,0,1,Medium,5.71,Partial,1,DCF
Bond,Corporate Bond (IG),1,1,0,1,1,0,0,1,Medium,17.78,Partial,1,DCF
Bond,Corporate Bond (IG),1,1,0,1,1,0,0,1,High,13.27,Full,1,DCF
Bond,Corporate Bond (IG),1,1,0,1,1,0,0,1,Medium,29.74,Full,1,DCF
Bond,Corporate Bond (IG),1,1,0,1,1,0,0,1,High,20.93,Full,1,DCF
Bond,Corporate Bond (IG),1,1,0,1,1,0,0,1,High,8.41,Full,1,DCF
Bond,Corporate Bond (IG),1,1,0,1,1,0,0,1,Medium,12.62,Partial,1,DCF
Bond,Corporate Bond (IG),1,1,0,1,1,0,0,1,Medium,16.77,Full,1,DCF
Bond,Corporate Bond (IG),1,1,0,1,1,0,0,1,High,14.41,Partial,2,DCF
Bond,Corporate Bond (IG),1,1,0,1,1,0,0,1,Medium,24.52,Partial,2,DCF
Bond,Corporate Bond (IG),1,1,0,1,1,0,0,1,High,16.11,Partial,1,DCF
Bond,Corporate Bond (IG),1,1,0,1,1,0,0,1,High,20.89,Full,2,DCF
Bond,Corporate Bond (IG),1,1,0,1,1,0,0,1,Medium,5.08,Full,1,DCF
Bond,Corporate Bond (IG),1,1,0,1,1,0,0,1,Medium,16.01,Full,1,DCF
Bond,Corporate Bond (IG),1,1,0,1,1,0,0,1,High,29.28,Partial,2,DCF
Bond,Corporate Bond (IG),1,1,0,1,1,0,0,1,Medium,6.37,Partial,1,DCF
Bond,Corporate Bond (IG),1,1,0,1,1,0,0,1,Medium,13.59,Partial,2,DCF
Bond,Corporate Bond (IG),1,1,0,1,1,0,0,1,Medium,14.74,Full,1,DCF
Bond,Corporate Bond (IG),1,1,0,1,1,0,0,1,High,28.56,Partial,2,DCF
Bond,Corporate Bond (IG),1,1,0,1,1,0,0,1,Medium,23.81,Full,1,DCF
Bond,Corporate Bond (IG),1,1,0,1,1,0,0,1,High,14.7,Partial,2,DCF
Bond,Corporate Bond (IG),1,1,0,1,1,0,0,1,Medium,28.91,Full,2,DCF
Bond,Corporate Bond (IG),1,1,0,1,1,0,0,1,Medium,28.7,Full,1,DCF
Bond,Corporate Bond (IG),1,1,0,1,1,0,0,1,Medium,18.03,Partial,2,DCF
Bond,Corporate Bond (IG),1,1,0,1,1,0,0,1,Medium,4.2,Full,2,DCF
Bond,Corporate Bond (IG),1,1,0,1,1,0,0,1,Medium,11.94,Partial,2,DCF
Bond,Corporate Bond (IG),1,1,0,1,1,0,0,1,Medium,3.86,Partial,2,DCF
Bond,Corporate Bond (IG),1,1,0,1,1,0,0,1,High,18.99,Partial,1,DCF
Bond,Corporate Bond (IG),1,1,0,1,1,0,0,1,Medium,21.34,Full,1,DCF
Bond,Corporate Bond (IG),1,1,0,1,1,0,0,1,Medium,26.16,Full,2,DCF
Bond,Corporate Bond (IG),1,1,0,1,1,0,0,1,Medium,12.51,Full,2,DCF
Bond,Corporate Bond (IG),1,1,0,1,1,0,0,1,Medium,24.47,Full,1,DCF
Bond,Corporate Bond (IG),1,1,0,1,1,0,0,1,Medium,8.05,Full,1,DCF
Bond,Corporate Bond (IG),1,1,0,1,1,0,0,1,High,29.25,Partial,1,DCF
Bond,Corporate Bond (IG),1,1,0,1,1,0,0,1,High,23.73,Partial,2,DCF
Bond,Corporate Bond (IG),1,1,0,1,1,0,0,1,Medium,3.88,Full,2,DCF
Bond,Corporate Bond (IG),1,1,0,1,1,0,0,1,High,20.74,Partial,2,DCF
Bond,Corporate Bond (IG),1,1,0,1,1,0,0,1,High,4.38,Full,2,DCF
Bond,Corporate Bond (IG),1,1,0,1,1,0,0,1,Medium,13.65,Partial,2,DCF
Bond,Corporate Bond (IG),1,1,0,1,1,0,0,1,High,15.14,Partial,2,DCF
Bond,Corporate Bond (IG),1,1,0,1,1,0,0,1,Medium,4.09,Full,1,DCF
Bond,Corporate Bond (IG),1,1,0,1,1,0,0,1,Medium,29.25,Partial,1,DCF
Bond,Corporate Bond (IG),1,1,0,1,1,0,0,1,Medium,5.2,Partial,2,DCF
Bond,Corporate Bond (IG),1,1,0,1,1,0,0,1,High,24.35,Partial,2,DCF
Bond,Corporate Bond (IG),1,1,0,1,1,0,0,1,Medium,8.15,Partial,2,DCF
Bond,Corporate Bond (IG),1,1,0,1,1,0,0,1,Medium,9.18,Full,2,DCF
Bond,Corporate Bond (IG),1,1,0,1,1,0,0,1,High,10.47,Partial,1,DCF
Bond,Corporate Bond (IG),1,1,0,1,1,0,0,1,Medium,24.65,Full,2,DCF
Bond,Corporate Bond (IG),1,1,0,1,1,0,0,1,Medium,4.14,Partial,1,DCF
Bond,Corporate Bond (IG),1,1,0,1,1,0,0,1,Medium,4.32,Partial,1,DCF
Bond,Corporate Bond (IG),1,1,0,1,1,0,0,1,High,21.79,Partial,2,DCF
Bond,Corporate Bond (IG),1,1,0,1,1,0,0,1,Medium,5.84,Partial,2,DCF
Bond,Corporate Bond (IG),1,1,0,1,1,0,0,1,Medium,10.5,Partial,1,DCF
Bond,Corporate Bond (IG),1,1,0,1,1,0,0,1,Medium,9.66,Partial,1,DCF
Bond,Corporate Bond (IG),1,1,0,1,1,0,0,1,High,14.37,Full,1,DCF
Bond,Corporate Bond (IG),1,1,0,1,1,0,0,1,Medium,25.03,Partial,1,DCF
Bond,Corporate Bond (IG),1,1,0,1,1,0,0,1,Medium,12.19,Partial,1,DCF
Bond,Corporate Bond (IG),1,1,0,1,1,0,0,1,High,18.08,Full,2,DCF
Bond,Corporate Bond (IG),1,1,0,1,1,0,0,1,Medium,20.6,Partial,1,DCF
Bond,Corporate Bond (IG),1,1,0,1,1,0,0,1,High,17.06,Full,1,DCF
Bond,Corporate Bond (IG),1,1,0,1,1,0,0,1,High,23.42,Partial,2,DCF
Bond,Corporate Bond (IG),1,1,0,1,1,0,0,1,Medium,7.46,Partial,1,DCF
Bond,Corporate Bond (IG),1,1,0,1,1,0,0,1,Medium,20.37,Partial,2,DCF
Bond,Corporate Bond (IG),1,1,0,1,1,0,0,1,Medium,25.47,Full,1,DCF
Bond,Corporate Bond (IG),1,1,0,1,1,0,0,1,High,24.39,Partial,1,DCF
Bond,Corporate Bond (IG),1,1,0,1,1,0,0,1,High,14.71,Full,2,DCF
Bond,Corporate Bond (IG),1,1,0,1,1,0,0,1,Medium,27.29,Full,1,DCF
Bond,Corporate Bond (IG),1,1,0,1,1,0,0,1,High,6.91,Full,1,DCF
Bond,Corporate Bond (IG),1,1,0,1,1,0,0,1,High,16.36,Partial,1,DCF
Bond,Corporate Bond (IG),1,1,0,1,1,0,0,1,Medium,8.44,Full,2,DCF
Bond,Corporate Bond (IG),1,1,0,1,1,0,0,1,High,22.76,Full,2,DCF
Bond,Corporate Bond (IG),1,1,0,1,1,0,0,1,High,17.98,Partial,1,DCF
Bond,Corporate Bond (IG),1,1,0,1,1,0,0,1,Medium,25.92,Full,1,DCF
Bond,Corporate Bond (IG),1,1,0,1,1,0,0,1,Medium,25.12,Partial,2,DCF
Bond,Corporate Bond (IG),1,1,0,1,1,0,0,1,High,18.15,Full,2,DCF
Bond,Corporate Bond (IG),1,1,0,1,1,0,0,1,Medium,6.0,Partial,2,DCF
Bond,Corporate Bond (IG),1,1,0,1,1,0,0,1,High,28.29,Partial,1,DCF
Bond,Corporate Bond (IG),1,1,0,1,1,0,0,1,Medium,17.59,Full,1,DCF
Bond,Corporate Bond (IG),1,1,0,1,1,0,0,1,High,11.45,Partial,1,DCF
Bond,Corporate Bond (IG),1,1,0,1,1,0,0,1,High,8.17,Partial,1,DCF
Bond,Corporate Bond (IG),1,1,0,1,1,0,0,1,Medium,16.61,Full,2,DCF
Bond,Corporate Bond (IG),1,1,0,1,1,0,0,1,Medium,2.02,Full,2,DCF
Bond,Corporate Bond (IG),1,1,0,1,1,0,0,1,Medium,3.5,Partial,1,DCF
Bond,Corporate Bond (IG),1,1,0,1,1,0,0,1,High,6.26,Full,1,DCF
Bond,Corporate Bond (IG),1,1,0,1,1,0,0,1,High,7.59,Partial,2,DCF
Bond,Corporate Bond (IG),1,1,0,1,1,0,0,1,Medium,27.78,Full,1,DCF
Bond,Corporate Bond (IG),1,1,0,1,1,0,0,1,Medium,19.08,Full,2,DCF
Bond,Corporate Bond (IG),1,1,0,1,1,0,0,1,High,27.44,Full,1,DCF
Bond,Corporate Bond (IG),1,1,0,1,1,0,0,1,High,23.63,Full,2,DCF
Bond,Corporate Bond (IG),1,1,0,1,1,0,0,1,High,15.64,Partial,1,DCF
Bond,Corporate Bond (IG),1,1,0,1,1,0,0,1,High,21.71,Full,2,DCF
Bond,Corporate Bond (IG),1,1,0,1,1,0,0,1,Medium,13.14,Partial,2,DCF
Bond,Corporate Bond (IG),1,1,0,1,1,0,0,1,High,20.88,Partial,1,DCF
Bond,Corporate Bond (IG),1,1,0,1,1,0,0,1,Medium,11.53,Partial,1,DCF
Bond,Corporate Bond (IG),1,1,0,1,1,0,0,1,Medium,20.76,Partial,2,DCF
Bond,Corporate Bond (IG),1,1,0,1,1,0,0,1,Medium,16.04,Full,2,DCF
Bond,Corporate Bond (IG),1,1,0,1,1,0,0,1,Medium,9.8,Full,2,DCF
Bond,Corporate Bond (IG),1,1,0,1,1,0,0,1,High,25.5,Full,2,DCF
Bond,Municipal Bond,0,1,0,0,1,0,0,0,Low,23.1,Sparse,2,DCF
Bond,Municipal Bond,0,1,0,0,1,0,0,0,Medium,3.39,Partial,2,DCF
Bond,Municipal Bond,0,1,0,0,1,0,0,0,Medium,27.62,Sparse,3,DCF
Bond,Municipal Bond,0,1,0,0,1,0,0,0,Low,6.86,Partial,2,DCF
Bond,Municipal Bond,0,1,0,0,1,0,0,0,Medium,7.6,Partial,2,DCF
Bond,Municipal Bond,0,1,0,0,1,0,0,0,Low,5.51,Partial,2,DCF
Bond,Municipal Bond,0,1,0,0,1,0,0,0,Medium,17.58,Partial,2,DCF
Bond,Municipal Bond,0,1,0,0,1,0,0,0,Medium,28.02,Sparse,3,DCF
Bond,Municipal Bond,0,1,0,0,1,0,0,0,Medium,10.91,Partial,3,DCF
Bond,Municipal Bond,0,1,0,0,1,0,0,0,Low,16.69,Partial,2,DCF
Bond,Municipal Bond,0,1,0,0,1,0,0,0,Low,13.72,Sparse,2,DCF
Bond,Municipal Bond,0,1,0,0,1,0,0,0,Low,28.92,Partial,3,DCF
Bond,Municipal Bond,0,1,0,0,1,0,0,0,Low,19.84,Partial,2,DCF
Bond,Municipal Bond,0,1,0,0,1,0,0,0,Medium,21.0,Sparse,3,DCF
Bond,Municipal Bond,0,1,0,0,1,0,0,0,Medium,19.35,Partial,2,DCF
Bond,Municipal Bond,0,1,0,0,1,0,0,0,Medium,22.69,Sparse,2,DCF
Bond,Municipal Bond,0,1,0,0,1,0,0,0,Low,11.51,Partial,3,DCF
Bond,Municipal Bond,0,1,0,0,1,0,0,0,Medium,22.05,Partial,3,DCF
Bond,Municipal Bond,0,1,0,0,1,0,0,0,Low,14.2,Partial,3,DCF
Bond,Municipal Bond,0,1,0,0,1,0,0,0,Medium,11.52,Sparse,3,DCF
Bond,Municipal Bond,0,1,0,0,1,0,0,0,Low,25.79,Sparse,3,DCF
Bond,Municipal Bond,0,1,0,0,1,0,0,0,Medium,25.37,Partial,3,DCF
Bond,Municipal Bond,0,1,0,0,1,0,0,0,Medium,28.29,Sparse,3,DCF
Bond,Municipal Bond,0,1,0,0,1,0,0,0,Medium,3.73,Partial,2,DCF
Bond,Municipal Bond,0,1,0,0,1,0,0,0,Medium,21.88,Partial,3,DCF
Bond,Municipal Bond,0,1,0,0,1,0,0,0,Low,29.11,Partial,2,DCF
Bond,Municipal Bond,0,1,0,0,1,0,0,0,Medium,7.3,Sparse,3,DCF
Bond,Municipal Bond,0,1,0,0,1,0,0,0,Medium,20.53,Sparse,3,DCF
Bond,Municipal Bond,0,1,0,0,1,0,0,0,Medium,9.65,Partial,2,DCF
Bond,Municipal Bond,0,1,0,0,1,0,0,0,Medium,24.89,Sparse,2,DCF
Bond,Municipal Bond,0,1,0,0,1,0,0,0,Medium,23.96,Partial,3,DCF
Bond,Municipal Bond,0,1,0,0,1,0,0,0,Low,20.58,Sparse,2,DCF
Bond,Municipal Bond,0,1,0,0,1,0,0,0,Medium,25.97,Sparse,3,DCF
Bond,Municipal Bond,0,1,0,0,1,0,0,0,Medium,27.46,Partial,3,DCF
Bond,Municipal Bond,0,1,0,0,1,0,0,0,Low,5.0,Sparse,2,DCF
Bond,Municipal Bond,0,1,0,0,1,0,0,0,Medium,7.17,Sparse,2,DCF
Bond,Municipal Bond,0,1,0,0,1,0,0,0,Low,26.17,Sparse,3,DCF
Bond,Municipal Bond,0,1,0,0,1,0,0,0,Low,22.58,Partial,3,DCF
Bond,Municipal Bond,0,1,0,0,1,0,0,0,Medium,21.1,Sparse,3,DCF
Bond,Municipal Bond,0,1,0,0,1,0,0,0,Medium,18.69,Sparse,2,DCF
Bond,Municipal Bond,0,1,0,0,1,0,0,0,Low,18.34,Sparse,2,DCF
Bond,Municipal Bond,0,1,0,0,1,0,0,0,Medium,27.27,Sparse,3,DCF
Bond,Municipal Bond,0,1,0,0,1,0,0,0,Low,2.42,Partial,3,DCF
Bond,Municipal Bond,0,1,0,0,1,0,0,0,Low,24.99,Sparse,3,DCF
Bond,Municipal Bond,0,1,0,0,1,0,0,0,Low,21.59,Sparse,3,DCF
Bond,Municipal Bond,0,1,0,0,1,0,0,0,Medium,11.15,Partial,3,DCF
Bond,Municipal Bond,0,1,0,0,1,0,0,0,Low,9.11,Sparse,2,DCF
Bond,Municipal Bond,0,1,0,0,1,0,0,0,Medium,18.15,Partial,2,DCF
Bond,Municipal Bond,0,1,0,0,1,0,0,0,Medium,4.58,Sparse,2,DCF
Bond,Municipal Bond,0,1,0,0,1,0,0,0,Low,3.88,Sparse,3,DCF
Bond,Municipal Bond,0,1,0,0,1,0,0,0,Low,21.59,Partial,3,DCF
Bond,Municipal Bond,0,1,0,0,1,0,0,0,Low,16.9,Sparse,2,DCF
Bond,Municipal Bond,0,1,0,0,1,0,0,0,Medium,24.11,Sparse,2,DCF
Bond,Municipal Bond,0,1,0,0,1,0,0,0,Medium,28.27,Sparse,3,DCF
Bond,Municipal Bond,0,1,0,0,1,0,0,0,Medium,24.22,Partial,2,DCF
Bond,Municipal Bond,0,1,0,0,1,0,0,0,Medium,14.07,Partial,3,DCF
Bond,Municipal Bond,0,1,0,0,1,0,0,0,Low,5.24,Partial,3,DCF
Bond,Municipal Bond,0,1,0,0,1,0,0,0,Low,14.82,Sparse,2,DCF
Bond,Municipal Bond,0,1,0,0,1,0,0,0,Low,18.08,Partial,2,DCF
Bond,Municipal Bond,0,1,0,0,1,0,0,0,Medium,12.06,Partial,2,DCF
Bond,Municipal Bond,0,1,0,0,1,0,0,0,Low,4.14,Partial,2,DCF
Bond,Municipal Bond,0,1,0,0,1,0,0,0,Medium,12.15,Partial,2,DCF
Bond,Municipal Bond,0,1,0,0,1,0,0,0,Low,17.6,Partial,2,DCF
Bond,Municipal Bond,0,1,0,0,1,0,0,0,Medium,15.07,Sparse,2,DCF
Bond,Municipal Bond,0,1,0,0,1,0,0,0,Medium,17.84,Sparse,2,DCF
Bond,Municipal Bond,0,1,0,0,1,0,0,0,Medium,24.64,Sparse,2,DCF
Bond,Municipal Bond,0,1,0,0,1,0,0,0,Low,23.88,Partial,2,DCF
Bond,Municipal Bond,0,1,0,0,1,0,0,0,Medium,28.11,Sparse,2,DCF
Bond,Municipal Bond,0,1,0,0,1,0,0,0,Medium,4.14,Partial,2,DCF
Bond,Municipal Bond,0,1,0,0,1,0,0,0,Medium,2.91,Partial,3,DCF
Bond,Municipal Bond,0,1,0,0,1,0,0,0,Medium,8.99,Partial,3,DCF
Bond,Municipal Bond,0,1,0,0,1,0,0,0,Medium,29.19,Partial,2,DCF
Bond,Municipal Bond,0,1,0,0,1,0,0,0,Medium,25.66,Partial,3,DCF
Bond,Municipal Bond,0,1,0,0,1,0,0,0,Medium,5.26,Partial,2,DCF
Bond,Municipal Bond,0,1,0,0,1,0,0,0,Low,3.23,Partial,2,DCF
Bond,Municipal Bond,0,1,0,0,1,0,0,0,Low,11.93,Sparse,2,DCF
Bond,Municipal Bond,0,1,0,0,1,0,0,0,Medium,28.33,Sparse,3,DCF
Bond,Municipal Bond,0,1,0,0,1,0,0,0,Medium,19.13,Partial,2,DCF
Bond,Municipal Bond,0,1,0,0,1,0,0,0,Low,28.94,Partial,3,DCF
Bond,Municipal Bond,0,1,0,0,1,0,0,0,Medium,13.57,Sparse,3,DCF
Bond,Municipal Bond,0,1,0,0,1,0,0,0,Medium,9.79,Partial,2,DCF
Bond,Municipal Bond,0,1,0,0,1,0,0,0,Medium,7.09,Partial,3,DCF
Bond,Municipal Bond,0,1,0,0,1,0,0,0,Medium,27.4,Sparse,2,DCF
Bond,Municipal Bond,0,1,0,0,1,0,0,0,Medium,6.71,Partial,3,DCF
Bond,Municipal Bond,0,1,0,0,1,0,0,0,Low,4.68,Sparse,3,DCF
Bond,Municipal Bond,0,1,0,0,1,0,0,0,Low,22.48,Partial,2,DCF
Bond,Municipal Bond,0,1,0,0,1,0,0,0,Low,25.42,Partial,3,DCF
Bond,Municipal Bond,0,1,0,0,1,0,0,0,Medium,27.66,Sparse,2,DCF
Bond,Municipal Bond,0,1,0,0,1,0,0,0,Low,10.0,Sparse,3,DCF
Bond,Municipal Bond,0,1,0,0,1,0,0,0,Medium,16.88,Partial,2,DCF
Bond,Municipal Bond,0,1,0,0,1,0,0,0,Low,13.15,Sparse,2,DCF
Bond,Municipal Bond,0,1,0,0,1,0,0,0,Medium,6.1,Partial,3,DCF
Bond,Municipal Bond,0,1,0,0,1,0,0,0,Medium,28.41,Partial,3,DCF
Bond,Municipal Bond,0,1,0,0,1,0,0,0,Medium,12.61,Partial,3,DCF
Bond,Municipal Bond,0,1,0,0,1,0,0,0,Medium,14.15,Partial,3,DCF
Bond,Municipal Bond,0,1,0,0,1,0,0,0,Medium,16.39,Partial,3,DCF
Bond,Municipal Bond,0,1,0,0,1,0,0,0,Medium,8.03,Sparse,2,DCF
Bond,Municipal Bond,0,1,0,0,1,0,0,0,Low,9.62,Partial,2,DCF
Bond,Municipal Bond,0,1,0,0,1,0,0,0,Low,21.51,Partial,3,DCF
Bond,Municipal Bond,0,1,0,0,1,0,0,0,Low,22.39,Partial,3,DCF
Commodity,Commodity Spot,1,0,0,1,0,0,0,1,Medium,1.66,Full,1,Cost-of-Carry
Commodity,Commodity Spot,1,0,0,1,0,0,0,1,High,1.9,Full,1,Cost-of-Carry
Commodity,Commodity Spot,1,0,0,1,0,0,0,1,Medium,0.83,Full,1,Cost-of-Carry
Commodity,Commodity Spot,1,0,0,1,0,0,0,1,High,0.61,Full,1,Cost-of-Carry
Commodity,Commodity Spot,1,0,0,1,0,0,0,1,High,1.58,Full,1,Cost-of-Carry
Commodity,Commodity Spot,1,0,0,1,0,0,0,1,High,1.25,Full,1,Cost-of-Carry
Commodity,Commodity Spot,1,0,0,1,0,0,0,1,High,0.97,Full,1,Cost-of-Carry
Commodity,Commodity Spot,1,0,0,1,0,0,0,1,Medium,0.33,Full,1,Cost-of-Carry
Commodity,Commodity Spot,1,0,0,1,0,0,0,1,High,0.48,Full,1,Cost-of-Carry
Commodity,Commodity Spot,1,0,0,1,0,0,0,1,Medium,1.28,Full,1,Cost-of-Carry
Commodity,Commodity Spot,1,0,0,1,0,0,0,1,High,0.9,Full,1,Cost-of-Carry
Commodity,Commodity Spot,1,0,0,1,0,0,0,1,Medium,1.14,Full,1,Cost-of-Carry
Commodity,Commodity Spot,1,0,0,1,0,0,0,1,Medium,1.57,Full,1,Cost-of-Carry
Commodity,Commodity Spot,1,0,0,1,0,0,0,1,Medium,0.42,Full,1,Cost-of-Carry
Commodity,Commodity Spot,1,0,0,1,0,0,0,1,Medium,0.94,Full,1,Cost-of-Carry
Commodity,Commodity Spot,1,0,0,1,0,0,0,1,Medium,1.81,Full,1,Cost-of-Carry
Commodity,Commodity Spot,1,0,0,1,0,0,0,1,High,1.41,Full,1,Cost-of-Carry
Commodity,Commodity Spot,1,0,0,1,0,0,0,1,Medium,0.29,Full,1,Cost-of-Carry
Commodity,Commodity Spot,1,0,0,1,0,0,0,1,High,0.2,Full,1,Cost-of-Carry
Commodity,Commodity Spot,1,0,0,1,0,0,0,1,High,1.24,Full,1,Cost-of-Carry
Commodity,Commodity Spot,1,0,0,1,0,0,0,1,Medium,0.25,Full,1,Cost-of-Carry
Commodity,Commodity Spot,1,0,0,1,0,0,0,1,High,0.15,Full,1,Cost-of-Carry
Commodity,Commodity Spot,1,0,0,1,0,0,0,1,High,1.9,Full,1,Cost-of-Carry
Commodity,Commodity Spot,1,0,0,1,0,0,0,1,High,0.36,Full,1,Cost-of-Carry
Commodity,Commodity Spot,1,0,0,1,0,0,0,1,Medium,0.63,Full,1,Cost-of-Carry
Commodity,Commodity Spot,1,0,0,1,0,0,0,1,Medium,1.86,Full,1,Cost-of-Carry
Commodity,Commodity Spot,1,0,0,1,0,0,0,1,Medium,1.86,Full,1,Cost-of-Carry
Commodity,Commodity Spot,1,0,0,1,0,0,0,1,High,0.17,Full,1,Cost-of-Carry
Commodity,Commodity Spot,1,0,0,1,0,0,0,1,High,0.12,Full,1,Cost-of-Carry
Commodity,Commodity Spot,1,0,0,1,0,0,0,1,High,0.15,Full,1,Cost-of-Carry
Commodity,Commodity Spot,1,0,0,1,0,0,0,1,Medium,1.9,Full,1,Cost-of-Carry
Commodity,Commodity Spot,1,0,0,1,0,0,0,1,High,1.6,Full,1,Cost-of-Carry
Commodity,Commodity Spot,1,0,0,1,0,0,0,1,High,0.57,Full,1,Cost-of-Carry
Commodity,Commodity Spot,1,0,0,1,0,0,0,1,Medium,1.22,Full,1,Cost-of-Carry
Commodity,Commodity Spot,1,0,0,1,0,0,0,1,High,1.18,Full,1,Cost-of-Carry
Commodity,Commodity Spot,1,0,0,1,0,0,0,1,Medium,1.13,Full,1,Cost-of-Carry
Commodity,Commodity Spot,1,0,0,1,0,0,0,1,High,1.12,Full,1,Cost-of-Carry
Commodity,Commodity Spot,1,0,0,1,0,0,0,1,High,0.62,Full,1,Cost-of-Carry
Commodity,Commodity Spot,1,0,0,1,0,0,0,1,High,0.35,Full,1,Cost-of-Carry
Commodity,Commodity Spot,1,0,0,1,0,0,0,1,High,1.14,Full,1,Cost-of-Carry
Commodity,Commodity Spot,1,0,0,1,0,0,0,1,Medium,0.28,Full,1,Cost-of-Carry
Commodity,Commodity Spot,1,0,0,1,0,0,0,1,High,1.68,Full,1,Cost-of-Carry
Commodity,Commodity Spot,1,0,0,1,0,0,0,1,High,0.52,Full,1,Cost-of-Carry
Commodity,Commodity Spot,1,0,0,1,0,0,0,1,High,0.53,Full,1,Cost-of-Carry
Commodity,Commodity Spot,1,0,0,1,0,0,0,1,High,0.27,Full,1,Cost-of-Carry
Commodity,Commodity Spot,1,0,0,1,0,0,0,1,Medium,0.28,Full,1,Cost-of-Carry
Commodity,Commodity Spot,1,0,0,1,0,0,0,1,Medium,0.2,Full,1,Cost-of-Carry
Commodity,Commodity Spot,1,0,0,1,0,0,0,1,High,1.75,Full,1,Cost-of-Carry
Commodity,Commodity Spot,1,0,0,1,0,0,0,1,Medium,0.63,Full,1,Cost-of-Carry
Commodity,Commodity Spot,1,0,0,1,0,0,0,1,Medium,1.53,Full,1,Cost-of-Carry
Commodity,Commodity Spot,1,0,0,1,0,0,0,1,High,1.75,Full,1,Cost-of-Carry
Commodity,Commodity Spot,1,0,0,1,0,0,0,1,High,0.94,Full,1,Cost-of-Carry
Commodity,Commodity Spot,1,0,0,1,0,0,0,1,High,1.02,Full,1,Cost-of-Carry
Commodity,Commodity Spot,1,0,0,1,0,0,0,1,High,1.11,Full,1,Cost-of-Carry
Commodity,Commodity Spot,1,0,0,1,0,0,0,1,High,0.51,Full,1,Cost-of-Carry
Commodity,Commodity Spot,1,0,0,1,0,0,0,1,High,1.63,Full,1,Cost-of-Carry
Commodity,Commodity Spot,1,0,0,1,0,0,0,1,High,1.83,Full,1,Cost-of-Carry
Commodity,Commodity Spot,1,0,0,1,0,0,0,1,High,0.38,Full,1,Cost-of-Carry
Commodity,Commodity Spot,1,0,0,1,0,0,0,1,Medium,0.76,Full,1,Cost-of-Carry
Commodity,Commodity Spot,1,0,0,1,0,0,0,1,Medium,0.88,Full,1,Cost-of-Carry
Commodity,Commodity Spot,1,0,0,1,0,0,0,1,Medium,0.43,Full,1,Cost-of-Carry
Commodity,Commodity Spot,1,0,0,1,0,0,0,1,Medium,0.17,Full,1,Cost-of-Carry
Commodity,Commodity Spot,1,0,0,1,0,0,0,1,High,0.74,Full,1,Cost-of-Carry
Commodity,Commodity Spot,1,0,0,1,0,0,0,1,Medium,0.47,Full,1,Cost-of-Carry
Commodity,Commodity Spot,1,0,0,1,0,0,0,1,Medium,1.95,Full,1,Cost-of-Carry
Commodity,Commodity Spot,1,0,0,1,0,0,0,1,Medium,1.78,Full,1,Cost-of-Carry
Commodity,Commodity Spot,1,0,0,1,0,0,0,1,Medium,0.69,Full,1,Cost-of-Carry
Commodity,Commodity Spot,1,0,0,1,0,0,0,1,High,0.54,Full,1,Cost-of-Carry
Commodity,Commodity Spot,1,0,0,1,0,0,0,1,High,1.33,Full,1,Cost-of-Carry
Commodity,Commodity Spot,1,0,0,1,0,0,0,1,Medium,1.38,Full,1,Cost-of-Carry
Commodity,Commodity Spot,1,0,0,1,0,0,0,1,High,0.37,Full,1,Cost-of-Carry
Commodity,Commodity Spot,1,0,0,1,0,0,0,1,Medium,1.67,Full,1,Cost-of-Carry
Commodity,Commodity Spot,1,0,0,1,0,0,0,1,Medium,0.19,Full,1,Cost-of-Carry
Commodity,Commodity Spot,1,0,0,1,0,0,0,1,High,1.5,Full,1,Cost-of-Carry
Commodity,Commodity Spot,1,0,0,1,0,0,0,1,High,0.26,Full,1,Cost-of-Carry
Commodity,Commodity Spot,1,0,0,1,0,0,0,1,Medium,0.61,Full,1,Cost-of-Carry
Commodity,Commodity Spot,1,0,0,1,0,0,0,1,Medium,0.16,Full,1,Cost-of-Carry
Commodity,Commodity Spot,1,0,0,1,0,0,0,1,High,0.4,Full,1,Cost-of-Carry
Commodity,Commodity Spot,1,0,0,1,0,0,0,1,High,0.32,Full,1,Cost-of-Carry
Commodity,Commodity Spot,1,0,0,1,0,0,0,1,Medium,1.61,Full,1,Cost-of-Carry
Commodity,Commodity Spot,1,0,0,1,0,0,0,1,Medium,1.55,Full,1,Cost-of-Carry
Commodity,Commodity Spot,1,0,0,1,0,0,0,1,High,1.75,Full,1,Cost-of-Carry
Commodity,Commodity Spot,1,0,0,1,0,0,0,1,High,1.97,Full,1,Cost-of-Carry
Commodity,Commodity Spot,1,0,0,1,0,0,0,1,Medium,1.28,Full,1,Cost-of-Carry
Commodity,Commodity Spot,1,0,0,1,0,0,0,1,Medium,0.95,Full,1,Cost-of-Carry
Commodity,Commodity Spot,1,0,0,1,0,0,0,1,Medium,0.73,Full,1,Cost-of-Carry
Commodity,Commodity Spot,1,0,0,1,0,0,0,1,High,1.05,Full,1,Cost-of-Carry
Commodity,Commodity Spot,1,0,0,1,0,0,0,1,Medium,0.48,Full,1,Cost-of-Carry
Commodity,Commodity Spot,1,0,0,1,0,0,0,1,High,0.92,Full,1,Cost-of-Carry
Commodity,Commodity Spot,1,0,0,1,0,0,0,1,Medium,1.66,Full,1,Cost-of-Carry
Commodity,Commodity Spot,1,0,0,1,0,0,0,1,High,0.29,Full,1,Cost-of-Carry
Commodity,Commodity Spot,1,0,0,1,0,0,0,1,High,0.13,Full,1,Cost-of-Carry
Commodity,Commodity Spot,1,0,0,1,0,0,0,1,Medium,0.58,Full,1,Cost-of-Carry
Commodity,Commodity Spot,1,0,0,1,0,0,0,1,High,1.79,Full,1,Cost-of-Carry
Commodity,Commodity Spot,1,0,0,1,0,0,0,1,Medium,0.47,Full,1,Cost-of-Carry
Commodity,Commodity Spot,1,0,0,1,0,0,0,1,High,0.5,Full,1,Cost-of-Carry
Commodity,Commodity Spot,1,0,0,1,0,0,0,1,Medium,1.6,Full,1,Cost-of-Carry
Commodity,Commodity Spot,1,0,0,1,0,0,0,1,Medium,1.74,Full,1,Cost-of-Carry
Commodity,Commodity Spot,1,0,0,1,0,0,0,1,Medium,0.22,Full,1,Cost-of-Carry
Commodity,Commodity Spot,1,0,0,1,0,0,0,1,High,1.96,Full,1,Cost-of-Carry
Currency,FX Forward,1,0,0,0,0,0,0,1,Medium,0.96,Full,1,Forward-Pricing
Currency,FX Forward,1,0,0,0,0,0,0,1,Medium,0.68,Full,1,Forward-Pricing
Currency,FX Forward,1,0,0,0,0,0,0,1,High,0.61,Full,2,Forward-Pricing
Currency,FX Forward,1,0,0,0,0,0,0,1,High,0.58,Full,2,Forward-Pricing
Currency,FX Forward,1,0,0,0,0,0,0,1,High,0.16,Full,2,Forward-Pricing
Currency,FX Forward,1,0,0,0,0,0,0,1,High,0.47,Full,2,Forward-Pricing
Currency,FX Forward,1,0,0,0,0,0,0,1,High,0.63,Full,1,Forward-Pricing
Currency,FX Forward,1,0,0,0,0,0,0,1,High,0.23,Full,1,Forward-Pricing
Currency,FX Forward,1,0,0,0,0,0,0,1,High,0.15,Full,2,Forward-Pricing
Currency,FX Forward,1,0,0,0,0,0,0,1,High,0.85,Full,1,Forward-Pricing
Currency,FX Forward,1,0,0,0,0,0,0,1,Medium,0.74,Full,2,Forward-Pricing
Currency,FX Forward,1,0,0,0,0,0,0,1,High,0.6,Full,2,Forward-Pricing
Currency,FX Forward,1,0,0,0,0,0,0,1,High,0.48,Full,1,Forward-Pricing
Currency,FX Forward,1,0,0,0,0,0,0,1,High,0.1,Full,2,Forward-Pricing
Currency,FX Forward,1,0,0,0,0,0,0,1,Medium,0.64,Full,1,Forward-Pricing
Currency,FX Forward,1,0,0,0,0,0,0,1,Medium,0.56,Full,2,Forward-Pricing
Currency,FX Forward,1,0,0,0,0,0,0,1,High,0.31,Full,1,Forward-Pricing
Currency,FX Forward,1,0,0,0,0,0,0,1,High,0.97,Full,1,Forward-Pricing
Currency,FX Forward,1,0,0,0,0,0,0,1,Medium,0.89,Full,2,Forward-Pricing
Currency,FX Forward,1,0,0,0,0,0,0,1,High,0.04,Full,1,Forward-Pricing
Currency,FX Forward,1,0,0,0,0,0,0,1,High,0.56,Full,1,Forward-Pricing
Currency,FX Forward,1,0,0,0,0,0,0,1,High,0.14,Full,2,Forward-Pricing
Currency,FX Forward,1,0,0,0,0,0,0,1,High,0.42,Full,2,Forward-Pricing
Currency,FX Forward,1,0,0,0,0,0,0,1,High,0.72,Full,2,Forward-Pricing
Currency,FX Forward,1,0,0,0,0,0,0,1,High,0.53,Full,2,Forward-Pricing
Currency,FX Forward,1,0,0,0,0,0,0,1,High,0.9,Full,1,Forward-Pricing
Currency,FX Forward,1,0,0,0,0,0,0,1,High,0.84,Full,2,Forward-Pricing
Currency,FX Forward,1,0,0,0,0,0,0,1,High,0.59,Full,1,Forward-Pricing
Currency,FX Forward,1,0,0,0,0,0,0,1,High,0.29,Full,1,Forward-Pricing
Currency,FX Forward,1,0,0,0,0,0,0,1,High,0.67,Full,2,Forward-Pricing
Currency,FX Forward,1,0,0,0,0,0,0,1,Medium,0.6,Full,1,Forward-Pricing
Currency,FX Forward,1,0,0,0,0,0,0,1,High,0.73,Full,2,Forward-Pricing
Currency,FX Forward,1,0,0,0,0,0,0,1,High,0.67,Full,2,Forward-Pricing
Currency,FX Forward,1,0,0,0,0,0,0,1,High,0.36,Full,2,Forward-Pricing
Currency,FX Forward,1,0,0,0,0,0,0,1,Medium,0.11,Full,1,Forward-Pricing
Currency,FX Forward,1,0,0,0,0,0,0,1,High,0.92,Full,2,Forward-Pricing
Currency,FX Forward,1,0,0,0,0,0,0,1,High,0.12,Full,2,Forward-Pricing
Currency,FX Forward,1,0,0,0,0,0,0,1,Medium,0.73,Full,1,Forward-Pricing
Currency,FX Forward,1,0,0,0,0,0,0,1,High,0.14,Full,1,Forward-Pricing
Currency,FX Forward,1,0,0,0,0,0,0,1,High,0.72,Full,1,Forward-Pricing
Currency,FX Forward,1,0,0,0,0,0,0,1,Medium,0.17,Full,2,Forward-Pricing
Currency,FX Forward,1,0,0,0,0,0,0,1,Medium,0.82,Full,1,Forward-Pricing
Currency,FX Forward,1,0,0,0,0,0,0,1,Medium,0.83,Full,1,Forward-Pricing
Currency,FX Forward,1,0,0,0,0,0,0,1,High,0.56,Full,1,Forward-Pricing
Currency,FX Forward,1,0,0,0,0,0,0,1,High,0.4,Full,2,Forward-Pricing
Currency,FX Forward,1,0,0,0,0,0,0,1,High,0.99,Full,1,Forward-Pricing
Currency,FX Forward,1,0,0,0,0,0,0,1,High,0.4,Full,1,Forward-Pricing
Currency,FX Forward,1,0,0,0,0,0,0,1,Medium,0.1,Full,1,Forward-Pricing
Currency,FX Forward,1,0,0,0,0,0,0,1,Medium,0.98,Full,1,Forward-Pricing
Currency,FX Forward,1,0,0,0,0,0,0,1,High,0.11,Full,2,Forward-Pricing
Currency,FX Forward,1,0,0,0,0,0,0,1,Medium,0.89,Full,1,Forward-Pricing
Currency,FX Forward,1,0,0,0,0,0,0,1,High,0.33,Full,1,Forward-Pricing
Currency,FX Forward,1,0,0,0,0,0,0,1,Medium,0.33,Full,2,Forward-Pricing
Currency,FX Forward,1,0,0,0,0,0,0,1,High,0.86,Full,2,Forward-Pricing
Currency,FX Forward,1,0,0,0,0,0,0,1,High,0.7,Full,1,Forward-Pricing
Currency,FX Forward,1,0,0,0,0,0,0,1,Medium,0.74,Full,1,Forward-Pricing
Currency,FX Forward,1,0,0,0,0,0,0,1,Medium,0.14,Full,2,Forward-Pricing
Currency,FX Forward,1,0,0,0,0,0,0,1,High,0.27,Full,1,Forward-Pricing
Currency,FX Forward,1,0,0,0,0,0,0,1,Medium,0.51,Full,2,Forward-Pricing
Currency,FX Forward,1,0,0,0,0,0,0,1,Medium,0.63,Full,1,Forward-Pricing
Currency,FX Forward,1,0,0,0,0,0,0,1,High,0.05,Full,2,Forward-Pricing
Currency,FX Forward,1,0,0,0,0,0,0,1,Medium,0.62,Full,2,Forward-Pricing
Currency,FX Forward,1,0,0,0,0,0,0,1,Medium,0.21,Full,2,Forward-Pricing
Currency,FX Forward,1,0,0,0,0,0,0,1,High,0.53,Full,1,Forward-Pricing
Currency,FX Forward,1,0,0,0,0,0,0,1,High,0.31,Full,1,Forward-Pricing
Currency,FX Forward,1,0,0,0,0,0,0,1,High,0.1,Full,1,Forward-Pricing
Currency,FX Forward,1,0,0,0,0,0,0,1,Medium,0.98,Full,1,Forward-Pricing
Currency,FX Forward,1,0,0,0,0,0,0,1,Medium,0.09,Full,1,Forward-Pricing
Currency,FX Forward,1,0,0,0,0,0,0,1,High,0.31,Full,1,Forward-Pricing
Currency,FX Forward,1,0,0,0,0,0,0,1,High,0.53,Full,1,Forward-Pricing
Currency,FX Forward,1,0,0,0,0,0,0,1,High,0.27,Full,2,Forward-Pricing
Currency,FX Forward,1,0,0,0,0,0,0,1,High,0.62,Full,1,Forward-Pricing
Currency,FX Forward,1,0,0,0,0,0,0,1,Medium,0.81,Full,1,Forward-Pricing
Currency,FX Forward,1,0,0,0,0,0,0,1,High,0.9,Full,1,Forward-Pricing
Currency,FX Forward,1,0,0,0,0,0,0,1,Medium,0.91,Full,2,Forward-Pricing
Currency,FX Forward,1,0,0,0,0,0,0,1,High,0.71,Full,2,Forward-Pricing
Currency,FX Forward,1,0,0,0,0,0,0,1,High,0.35,Full,1,Forward-Pricing
Currency,FX Forward,1,0,0,0,0,0,0,1,High,0.54,Full,1,Forward-Pricing
Currency,FX Forward,1,0,0,0,0,0,0,1,High,0.98,Full,1,Forward-Pricing
Currency,FX Forward,1,0,0,0,0,0,0,1,High,0.32,Full,2,Forward-Pricing
Currency,FX Forward,1,0,0,0,0,0,0,1,High,0.64,Full,2,Forward-Pricing
Currency,FX Forward,1,0,0,0,0,0,0,1,High,0.68,Full,2,Forward-Pricing
Currency,FX Forward,1,0,0,0,0,0,0,1,Medium,0.38,Full,1,Forward-Pricing
Currency,FX Forward,1,0,0,0,0,0,0,1,Medium,0.79,Full,2,Forward-Pricing
Currency,FX Forward,1,0,0,0,0,0,0,1,Medium,0.97,Full,2,Forward-Pricing
Currency,FX Forward,1,0,0,0,0,0,0,1,High,0.08,Full,1,Forward-Pricing
Currency,FX Forward,1,0,0,0,0,0,0,1,High,0.52,Full,2,Forward-Pricing
Currency,FX Forward,1,0,0,0,0,0,0,1,Medium,0.66,Full,1,Forward-Pricing
Currency,FX Forward,1,0,0,0,0,0,0,1,Medium,0.46,Full,2,Forward-Pricing
Currency,FX Forward,1,0,0,0,0,0,0,1,High,0.88,Full,2,Forward-Pricing
Currency,FX Forward,1,0,0,0,0,0,0,1,High,0.43,Full,2,Forward-Pricing
Currency,FX Forward,1,0,0,0,0,0,0,1,Medium,0.67,Full,2,Forward-Pricing
Currency,FX Forward,1,0,0,0,0,0,0,1,High,0.66,Full,2,Forward-Pricing
Currency,FX Forward,1,0,0,0,0,0,0,1,Medium,0.43,Full,1,Forward-Pricing
Currency,FX Forward,1,0,0,0,0,0,0,1,High,0.15,Full,1,Forward-Pricing
Currency,FX Forward,1,0,0,0,0,0,0,1,High,0.2,Full,1,Forward-Pricing
Currency,FX Forward,1,0,0,0,0,0,0,1,Medium,0.53,Full,2,Forward-Pricing
Currency,FX Forward,1,0,0,0,0,0,0,1,High,0.87,Full,1,Forward-Pricing
Currency,FX Forward,1,0,0,0,0,0,0,1,High,0.18,Full,2,Forward-Pricing
Currency,FX Forward,1,0,0,0,0,0,0,1,High,0.06,Full,2,Forward-Pricing
Equity,Mid Cap,1,1,0,1,0,0,0,1,High,,Full,1,Relative
Equity,Mid Cap,1,1,0,1,0,0,0,1,High,,Full,1,Relative
Equity,Large Cap Dividend,1,1,0,1,0,0,0,1,High,,Partial,1,DDM
Equity,Large Cap Growth,1,1,0,1,0,0,0,1,Medium,,Partial,1,DCF
Equity,Mid Cap,1,1,0,1,0,0,0,1,High,,Full,1,DCF
Equity,Large Cap Growth,1,1,0,1,0,0,0,1,High,,Partial,1,DCF
Equity,Mid Cap,1,1,0,1,0,0,0,1,Medium,,Partial,1,DDM
Equity,Large Cap Dividend,1,1,0,1,0,0,0,1,Medium,,Full,1,Mark-to-Market
Equity,Large Cap Growth,1,1,0,1,0,0,0,1,Medium,,Full,1,DCF
Equity,Large Cap Growth,1,1,0,1,0,0,0,1,High,,Partial,1,Relative
Equity,Large Cap Growth,1,1,0,1,0,0,0,1,High,,Full,1,DCF
Equity,Large Cap Growth,1,1,0,1,0,0,0,1,Medium,,Partial,1,Mark-to-Market
Equity,Large Cap Dividend,1,1,0,1,0,0,0,1,Medium,,Full,1,Mark-to-Market
Equity,Large Cap Growth,1,1,0,1,0,0,0,1,High,,Full,1,DDM
Equity,Large Cap Growth,1,1,0,1,0,0,0,1,High,,Partial,1,Relative
Equity,Large Cap Dividend,1,1,0,1,0,0,0,1,Medium,,Full,1,Relative
Equity,Large Cap Dividend,1,1,0,1,0,0,0,1,High,,Full,1,Relative
Equity,Large Cap Dividend,1,1,0,1,0,0,0,1,High,,Full,1,Relative
Equity,Large Cap Growth,1,1,0,1,0,0,0,1,Medium,,Full,1,DDM
Equity,Large Cap Growth,1,1,0,1,0,0,0,1,Medium,,Full,1,Mark-to-Market
Equity,Large Cap Dividend,1,1,0,1,0,0,0,1,High,,Full,1,DDM
Equity,Mid Cap,1,1,0,1,0,0,0,1,Medium,,Full,1,Relative
Equity,Large Cap Growth,1,1,0,1,0,0,0,1,Medium,,Partial,1,Relative
Equity,Mid Cap,1,1,0,1,0,0,0,1,High,,Full,1,Relative
Equity,Large Cap Growth,1,1,0,1,0,0,0,1,Medium,,Partial,1,Mark-to-Market
Equity,Large Cap Growth,1,1,0,1,0,0,0,1,Medium,,Full,1,DDM
Equity,Large Cap Dividend,1,1,0,1,0,0,0,1,High,,Full,1,Relative
Equity,Large Cap Growth,1,1,0,1,0,0,0,1,Medium,,Full,1,DCF
Equity,Large Cap Growth,1,1,0,1,0,0,0,1,Medium,,Full,1,Mark-to-Market
Equity,Large Cap Dividend,1,1,0,1,0,0,0,1,Medium,,Partial,1,DDM
Equity,Large Cap Growth,1,1,0,1,0,0,0,1,Medium,,Partial,1,DDM
Equity,Large Cap Dividend,1,1,0,1,0,0,0,1,High,,Full,1,Mark-to-Market
Equity,Large Cap Growth,1,1,0,1,0,0,0,1,High,,Partial,1,DCF
Equity,Large Cap Dividend,1,1,0,1,0,0,0,1,High,,Partial,1,Relative
Equity,Large Cap Growth,1,1,0,1,0,0,0,1,Medium,,Full,1,DDM
Equity,Mid Cap,1,1,0,1,0,0,0,1,High,,Partial,1,DDM
Equity,Mid Cap,1,1,0,1,0,0,0,1,Medium,,Full,1,DDM
Equity,Large Cap Dividend,1,1,0,1,0,0,0,1,Medium,,Full,1,DDM
Equity,Mid Cap,1,1,0,1,0,0,0,1,High,,Full,1,Relative
Equity,Mid Cap,1,1,0,1,0,0,0,1,Medium,,Full,1,DDM
Equity,Mid Cap,1,1,0,1,0,0,0,1,Medium,,Full,1,DCF
Equity,Mid Cap,1,1,0,1,0,0,0,1,Medium,,Full,1,Mark-to-Market
Equity,Mid Cap,1,1,0,1,0,0,0,1,High,,Full,1,DCF
Equity,Large Cap Dividend,1,1,0,1,0,0,0,1,High,,Partial,1,Mark-to-Market
Equity,Mid Cap,1,1,0,1,0,0,0,1,High,,Full,1,DDM
Equity,Large Cap Dividend,1,1,0,1,0,0,0,1,High,,Full,1,Relative
Equity,Large Cap Dividend,1,1,0,1,0,0,0,1,Medium,,Full,1,Relative
Equity,Large Cap Dividend,1,1,0,1,0,0,0,1,High,,Full,1,Mark-to-Market
Equity,Large Cap Dividend,1,1,0,1,0,0,0,1,High,,Full,1,DCF
Equity,Large Cap Growth,1,1,0,1,0,0,0,1,High,,Partial,1,Mark-to-Market
Equity,Mid Cap,1,1,0,1,0,0,0,1,Medium,,Full,1,Relative
Equity,Mid Cap,1,1,0,1,0,0,0,1,High,,Full,1,Mark-to-Market
Equity,Large Cap Dividend,1,1,0,1,0,0,0,1,High,,Full,1,DDM
Equity,Mid Cap,1,1,0,1,0,0,0,1,Medium,,Full,1,DCF
Equity,Mid Cap,1,1,0,1,0,0,0,1,Medium,,Partial,1,DCF
Equity,Large Cap Dividend,1,1,0,1,0,0,0,1,High,,Full,1,DCF
Equity,Large Cap Dividend,1,1,0,1,0,0,0,1,Medium,,Full,1,Relative
Equity,Large Cap Growth,1,1,0,1,0,0,0,1,Medium,,Full,1,DCF
Equity,Large Cap Dividend,1,1,0,1,0,0,0,1,High,,Full,1,Mark-to-Market
Equity,Large Cap Growth,1,1,0,1,0,0,0,1,Medium,,Full,1,Relative
Equity,Large Cap Growth,1,1,0,1,0,0,0,1,Medium,,Full,1,Relative
Equity,Large Cap Growth,1,1,0,1,0,0,0,1,Medium,,Partial,1,DDM
Equity,Large Cap Dividend,1,1,0,1,0,0,0,1,Medium,,Full,1,Relative
Equity,Mid Cap,1,1,0,1,0,0,0,1,Medium,,Partial,1,DDM
Equity,Mid Cap,1,1,0,1,0,0,0,1,High,,Full,1,Mark-to-Market
Equity,Large Cap Growth,1,1,0,1,0,0,0,1,High,,Full,1,Relative
Equity,Large Cap Dividend,1,1,0,1,0,0,0,1,Medium,,Partial,1,DDM
Equity,Large Cap Growth,1,1,0,1,0,0,0,1,High,,Partial,1,DDM
Equity,Large Cap Growth,1,1,0,1,0,0,0,1,Medium,,Partial,1,DCF
Equity,Large Cap Dividend,1,1,0,1,0,0,0,1,Medium,,Full,1,DDM
Equity,Large Cap Growth,1,1,0,1,0,0,0,1,High,,Full,1,Mark-to-Market
Equity,Mid Cap,1,1,0,1,0,0,0,1,Medium,,Partial,1,Relative
Equity,Large Cap Growth,1,1,0,1,0,0,0,1,High,,Partial,1,Mark-to-Market
Equity,Large Cap Growth,1,1,0,1,0,0,0,1,Medium,,Full,1,Relative
Equity,Large Cap Growth,1,1,0,1,0,0,0,1,Medium,,Partial,1,DCF
Equity,Large Cap Growth,1,1,0,1,0,0,0,1,High,,Full,1,Mark-to-Market
Equity,Large Cap Dividend,1,1,0,1,0,0,0,1,High,,Full,1,Mark-to-Market
Equity,Mid Cap,1,1,0,1,0,0,0,1,Medium,,Partial,1,DDM
Equity,Mid Cap,1,1,0,1,0,0,0,1,High,,Full,1,DDM
Equity,Mid Cap,1,1,0,1,0,0,0,1,Medium,,Partial,1,Relative
Equity,Large Cap Dividend,1,1,0,1,0,0,0,1,High,,Partial,1,Mark-to-Market
Equity,Mid Cap,1,1,0,1,0,0,0,1,High,,Full,1,DDM
Equity,Mid Cap,1,1,0,1,0,0,0,1,Medium,,Full,1,DDM
Equity,Mid Cap,1,1,0,1,0,0,0,1,Medium,,Full,1,Relative
Equity,Mid Cap,1,1,0,1,0,0,0,1,High,,Full,1,Mark-to-Market
Equity,Large Cap Dividend,1,1,0,1,0,0,0,1,High,,Full,1,DDM
Equity,Large Cap Dividend,1,1,0,1,0,0,0,1,High,,Partial,1,Mark-to-Market
Equity,Large Cap Dividend,1,1,0,1,0,0,0,1,High,,Full,1,Relative
Equity,Large Cap Dividend,1,1,0,1,0,0,0,1,High,,Full,1,Relative
Equity,Large Cap Growth,1,1,0,1,0,0,0,1,High,,Partial,1,Mark-to-Market
Equity,Large Cap Dividend,1,1,0,1,0,0,0,1,High,,Full,1,Mark-to-Market
Equity,Large Cap Dividend,1,1,0,1,0,0,0,1,High,,Full,1,DDM
Equity,Mid Cap,1,1,0,1,0,0,0,1,High,,Partial,1,DDM
Equity,Large Cap Dividend,1,1,0,1,0,0,0,1,Medium,,Full,1,DCF
Equity,Large Cap Dividend,1,1,0,1,0,0,0,1,High,,Full,1,DCF
Equity,Mid Cap,1,1,0,1,0,0,0,1,High,,Full,1,Relative
Equity,Large Cap Dividend,1,1,0,1,0,0,0,1,High,,Partial,1,Mark-to-Market
Equity,Large Cap Growth,1,1,0,1,0,0,0,1,High,,Full,1,Mark-to-Market
Equity,Mid Cap,1,1,0,1,0,0,0,1,Medium,,Full,1,DDM
Equity,Large Cap Growth,1,1,0,1,0,0,0,1,High,,Full,1,DDM
Bond,MBS,0,1,0,0,1,0,0,0,Low,7.06,Sparse,3,DCF
Bond,MBS,0,1,0,0,1,0,0,0,Low,24.14,Sparse,3,DCF
Bond,MBS,0,1,0,0,1,0,0,0,Medium,17.54,Sparse,2,DCF
Bond,MBS,0,1,0,0,1,0,0,0,Low,3.89,Partial,3,DCF
Bond,MBS,0,1,0,0,1,0,0,0,Medium,4.46,Sparse,3,DCF
Bond,MBS,0,1,0,0,1,0,0,0,Low,22.02,Sparse,3,DCF
Bond,MBS,0,1,0,0,1,0,0,0,Low,13.21,Partial,2,DCF
Bond,MBS,0,1,0,0,1,0,0,0,Medium,12.85,Sparse,2,DCF
Bond,MBS,0,1,0,0,1,0,0,0,Medium,24.36,Sparse,2,DCF
Bond,MBS,0,1,0,0,1,0,0,0,Low,11.32,Partial,3,DCF
Bond,MBS,0,1,0,0,1,0,0,0,Medium,14.84,Sparse,2,DCF
Bond,MBS,0,1,0,0,1,0,0,0,Low,26.81,Partial,2,DCF
Bond,MBS,0,1,0,0,1,0,0,0,Low,29.91,Sparse,2,DCF
Bond,MBS,0,1,0,0,1,0,0,0,Medium,5.72,Partial,3,DCF
Bond,MBS,0,1,0,0,1,0,0,0,Medium,8.47,Partial,3,DCF
Bond,MBS,0,1,0,0,1,0,0,0,Medium,2.03,Partial,2,DCF
Bond,MBS,0,1,0,0,1,0,0,0,Low,26.06,Sparse,2,DCF
Bond,MBS,0,1,0,0,1,0,0,0,Low,11.98,Sparse,3,DCF
Bond,MBS,0,1,0,0,1,0,0,0,Medium,23.28,Sparse,3,DCF
Bond,MBS,0,1,0,0,1,0,0,0,Low,28.09,Partial,3,DCF
Bond,MBS,0,1,0,0,1,0,0,0,Low,20.08,Partial,2,DCF
Bond,MBS,0,1,0,0,1,0,0,0,Low,12.47,Partial,2,DCF
Bond,MBS,0,1,0,0,1,0,0,0,Medium,21.37,Sparse,3,DCF
Bond,MBS,0,1,0,0,1,0,0,0,Low,3.53,Partial,3,DCF
Bond,MBS,0,1,0,0,1,0,0,0,Medium,22.42,Partial,3,DCF
Bond,MBS,0,1,0,0,1,0,0,0,Low,22.33,Partial,3,DCF
Bond,MBS,0,1,0,0,1,0,0,0,Medium,13.97,Sparse,3,DCF
Bond,MBS,0,1,0,0,1,0,0,0,Low,19.81,Sparse,2,DCF
Bond,MBS,0,1,0,0,1,0,0,0,Low,9.54,Partial,3,DCF
Bond,MBS,0,1,0,0,1,0,0,0,Low,24.74,Partial,3,DCF
Bond,MBS,0,1,0,0,1,0,0,0,Medium,23.04,Partial,2,DCF
Bond,MBS,0,1,0,0,1,0,0,0,Medium,6.01,Partial,3,DCF
Bond,MBS,0,1,0,0,1,0,0,0,Low,12.55,Partial,2,DCF
Bond,MBS,0,1,0,0,1,0,0,0,Medium,27.29,Sparse,3,DCF
Bond,MBS,0,1,0,0,1,0,0,0,Medium,8.96,Sparse,3,DCF
Bond,MBS,0,1,0,0,1,0,0,0,Low,15.6,Partial,2,DCF
Bond,MBS,0,1,0,0,1,0,0,0,Medium,26.04,Partial,3,DCF
Bond,MBS,0,1,0,0,1,0,0,0,Low,9.66,Sparse,3,DCF
Bond,MBS,0,1,0,0,1,0,0,0,Low,28.46,Partial,3,DCF
Bond,MBS,0,1,0,0,1,0,0,0,Medium,3.51,Sparse,3,DCF
Bond,MBS,0,1,0,0,1,0,0,0,Medium,16.3,Partial,3,DCF
Bond,MBS,0,1,0,0,1,0,0,0,Low,3.78,Partial,3,DCF
Bond,MBS,0,1,0,0,1,0,0,0,Medium,5.84,Sparse,3,DCF
Bond,MBS,0,1,0,0,1,0,0,0,Medium,21.11,Partial,3,DCF
Bond,MBS,0,1,0,0,1,0,0,0,Medium,24.73,Sparse,3,DCF
Bond,MBS,0,1,0,0,1,0,0,0,Low,23.93,Partial,2,DCF
Bond,MBS,0,1,0,0,1,0,0,0,Medium,21.74,Partial,3,DCF
Bond,MBS,0,1,0,0,1,0,0,0,Low,20.11,Partial,2,DCF
Bond,MBS,0,1,0,0,1,0,0,0,Medium,6.73,Sparse,2,DCF
Bond,MBS,0,1,0,0,1,0,0,0,Medium,28.87,Sparse,3,DCF
Bond,MBS,0,1,0,0,1,0,0,0,Medium,12.74,Partial,2,DCF
Bond,MBS,0,1,0,0,1,0,0,0,Medium,20.95,Partial,3,DCF
Bond,MBS,0,1,0,0,1,0,0,0,Medium,22.17,Partial,2,DCF
Bond,MBS,0,1,0,0,1,0,0,0,Medium,15.36,Sparse,2,DCF
Bond,MBS,0,1,0,0,1,0,0,0,Low,25.23,Sparse,2,DCF
Bond,MBS,0,1,0,0,1,0,0,0,Low,13.26,Sparse,2,DCF
Bond,MBS,0,1,0,0,1,0,0,0,Low,21.52,Partial,2,DCF
Bond,MBS,0,1,0,0,1,0,0,0,Medium,10.52,Sparse,2,DCF
Bond,MBS,0,1,0,0,1,0,0,0,Low,13.42,Sparse,3,DCF
Bond,MBS,0,1,0,0,1,0,0,0,Medium,3.99,Partial,2,DCF
Bond,MBS,0,1,0,0,1,0,0,0,Low,19.68,Sparse,2,DCF
Bond,MBS,0,1,0,0,1,0,0,0,Medium,19.63,Partial,2,DCF
Bond,MBS,0,1,0,0,1,0,0,0,Low,23.71,Sparse,2,DCF
Bond,MBS,0,1,0,0,1,0,0,0,Low,29.87,Sparse,2,DCF
Bond,MBS,0,1,0,0,1,0,0,0,Medium,29.32,Sparse,2,DCF
Bond,MBS,0,1,0,0,1,0,0,0,Low,16.77,Partial,3,DCF
Bond,MBS,0,1,0,0,1,0,0,0,Low,14.34,Partial,2,DCF
Bond,MBS,0,1,0,0,1,0,0,0,Medium,5.41,Partial,3,DCF
Bond,MBS,0,1,0,0,1,0,0,0,Low,29.52,Sparse,3,DCF
Bond,MBS,0,1,0,0,1,0,0,0,Medium,14.64,Partial,3,DCF
Bond,MBS,0,1,0,0,1,0,0,0,Low,13.62,Partial,2,DCF
Bond,MBS,0,1,0,0,1,0,0,0,Medium,24.89,Partial,3,DCF
Bond,MBS,0,1,0,0,1,0,0,0,Low,20.16,Partial,2,DCF
Bond,MBS,0,1,0,0,1,0,0,0,Medium,9.75,Partial,3,DCF
Bond,MBS,0,1,0,0,1,0,0,0,Low,16.36,Sparse,3,DCF
Bond,MBS,0,1,0,0,1,0,0,0,Low,10.72,Partial,2,DCF
Bond,MBS,0,1,0,0,1,0,0,0,Medium,27.78,Sparse,2,DCF
Bond,MBS,0,1,0,0,1,0,0,0,Medium,17.98,Partial,2,DCF
Bond,MBS,0,1,0,0,1,0,0,0,Low,8.15,Partial,2,DCF
Bond,MBS,0,1,0,0,1,0,0,0,Low,16.36,Sparse,3,DCF
Bond,MBS,0,1,0,0,1,0,0,0,Low,6.7,Sparse,2,DCF
Bond,MBS,0,1,0,0,1,0,0,0,Low,26.53,Partial,2,DCF
Bond,MBS,0,1,0,0,1,0,0,0,Medium,14.06,Sparse,3,DCF
Bond,MBS,0,1,0,0,1,0,0,0,Low,8.78,Partial,2,DCF
Bond,MBS,0,1,0,0,1,0,0,0,Medium,19.4,Sparse,3,DCF
Bond,MBS,0,1,0,0,1,0,0,0,Medium,22.98,Sparse,3,DCF
Bond,MBS,0,1,0,0,1,0,0,0,Low,8.52,Partial,3,DCF
Bond,MBS,0,1,0,0,1,0,0,0,Low,9.69,Partial,2,DCF
Bond,MBS,0,1,0,0,1,0,0,0,Low,24.47,Partial,2,DCF
Bond,MBS,0,1,0,0,1,0,0,0,Medium,21.22,Partial,3,DCF
Bond,MBS,0,1,0,0,1,0,0,0,Medium,26.12,Partial,3,DCF
Bond,MBS,0,1,0,0,1,0,0,0,Medium,2.89,Sparse,3,DCF
Bond,MBS,0,1,0,0,1,0,0,0,Low,29.69,Sparse,3,DCF
Bond,MBS,0,1,0,0,1,0,0,0,Low,17.75,Sparse,3,DCF
Bond,MBS,0,1,0,0,1,0,0,0,Low,17.08,Sparse,2,DCF
Bond,MBS,0,1,0,0,1,0,0,0,Low,26.16,Partial,2,DCF
Bond,MBS,0,1,0,0,1,0,0,0,Low,11.68,Partial,2,DCF
Bond,MBS,0,1,0,0,1,0,0,0,Low,28.71,Sparse,2,DCF
Bond,MBS,0,1,0,0,1,0,0,0,Low,11.45,Sparse,2,DCF
Bond,MBS,0,1,0,0,1,0,0,0,Low,29.77,Sparse,2,DCF
Bond,Treasury Bill,1,1,0,1,0,0,0,1,High,0.15,Full,1,DCF
Bond,Treasury Bill,1,1,0,1,0,0,0,1,High,0.55,Full,1,DCF
Bond,Treasury Bill,1,1,0,1,0,0,0,1,High,0.2,Full,1,DCF
Bond,Treasury Bill,1,1,0,1,0,0,0,1,High,0.44,Full,1,DCF
Bond,Treasury Bill,1,1,0,1,0,0,0,1,High,0.08,Full,1,DCF
Bond,Treasury Bill,1,1,0,1,0,0,0,1,High,0.24,Full,1,DCF
Bond,Treasury Bill,1,1,0,1,0,0,0,1,High,0.38,Full,1,DCF
Bond,Treasury Bill,1,1,0,1,0,0,0,1,High,0.45,Full,1,DCF
Bond,Treasury Bill,1,1,0,1,0,0,0,1,High,0.98,Full,1,DCF
Bond,Treasury Bill,1,1,0,1,0,0,0,1,High,0.81,Full,1,DCF
Bond,Treasury Bill,1,1,0,1,0,0,0,1,High,0.74,Full,1,DCF
Bond,Treasury Bill,1,1,0,1,0,0,0,1,High,0.55,Full,1,DCF
Bond,Treasury Bill,1,1,0,1,0,0,0,1,High,0.84,Full,1,DCF
Bond,Treasury Bill,1,1,0,1,0,0,0,1,High,0.35,Full,1,DCF
Bond,Treasury Bill,1,1,0,1,0,0,0,1,High,0.71,Full,1,DCF
Bond,Treasury Bill,1,1,0,1,0,0,0,1,High,0.99,Full,1,DCF
Bond,Treasury Bill,1,1,0,1,0,0,0,1,High,0.33,Full,1,DCF
Bond,Treasury Bill,1,1,0,1,0,0,0,1,High,0.68,Full,1,DCF
Bond,Treasury Bill,1,1,0,1,0,0,0,1,High,0.85,Full,1,DCF
Bond,Treasury Bill,1,1,0,1,0,0,0,1,High,0.92,Full,1,DCF
Bond,Treasury Bill,1,1,0,1,0,0,0,1,High,0.72,Full,1,DCF
Bond,Treasury Bill,1,1,0,1,0,0,0,1,High,0.3,Full,1,DCF
Bond,Treasury Bill,1,1,0,1,0,0,0,1,High,0.34,Full,1,DCF
Bond,Treasury Bill,1,1,0,1,0,0,0,1,High,0.04,Full,1,DCF
Bond,Treasury Bill,1,1,0,1,0,0,0,1,High,0.77,Full,1,DCF
Bond,Treasury Bill,1,1,0,1,0,0,0,1,High,0.06,Full,1,DCF
Bond,Treasury Bill,1,1,0,1,0,0,0,1,High,0.87,Full,1,DCF
Bond,Treasury Bill,1,1,0,1,0,0,0,1,High,0.14,Full,1,DCF
Bond,Treasury Bill,1,1,0,1,0,0,0,1,High,0.19,Full,1,DCF
Bond,Treasury Bill,1,1,0,1,0,0,0,1,High,0.49,Full,1,DCF
Bond,Treasury Bill,1,1,0,1,0,0,0,1,High,0.74,Full,1,DCF
Bond,Treasury Bill,1,1,0,1,0,0,0,1,High,0.16,Full,1,DCF
Bond,Treasury Bill,1,1,0,1,0,0,0,1,High,0.45,Full,1,DCF
Bond,Treasury Bill,1,1,0,1,0,0,0,1,High,0.49,Full,1,DCF
Bond,Treasury Bill,1,1,0,1,0,0,0,1,High,0.23,Full,1,DCF
Bond,Treasury Bill,1,1,0,1,0,0,0,1,High,0.13,Full,1,DCF
Bond,Treasury Bill,1,1,0,1,0,0,0,1,High,0.84,Full,1,DCF
Bond,Treasury Bill,1,1,0,1,0,0,0,1,High,0.51,Full,1,DCF
Bond,Treasury Bill,1,1,0,1,0,0,0,1,High,0.03,Full,1,DCF
Bond,Treasury Bill,1,1,0,1,0,0,0,1,High,0.81,Full,1,DCF
Bond,Treasury Bill,1,1,0,1,0,0,0,1,High,0.98,Full,1,DCF
Bond,Treasury Bill,1,1,0,1,0,0,0,1,High,0.61,Full,1,DCF
Bond,Treasury Bill,1,1,0,1,0,0,0,1,High,0.51,Full,1,DCF
Bond,Treasury Bill,1,1,0,1,0,0,0,1,High,0.88,Full,1,DCF
Bond,Treasury Bill,1,1,0,1,0,0,0,1,High,0.95,Full,1,DCF
Bond,Treasury Bill,1,1,0,1,0,0,0,1,High,0.76,Full,1,DCF
Bond,Treasury Bill,1,1,0,1,0,0,0,1,High,0.46,Full,1,DCF
Bond,Treasury Bill,1,1,0,1,0,0,0,1,High,0.6,Full,1,DCF
Bond,Treasury Bill,1,1,0,1,0,0,0,1,High,0.71,Full,1,DCF
Bond,Treasury Bill,1,1,0,1,0,0,0,1,High,0.21,Full,1,DCF
Bond,Treasury Bill,1,1,0,1,0,0,0,1,High,0.46,Full,1,DCF
Bond,Treasury Bill,1,1,0,1,0,0,0,1,High,0.83,Full,1,DCF
Bond,Treasury Bill,1,1,0,1,0,0,0,1,High,0.66,Full,1,DCF
Bond,Treasury Bill,1,1,0,1,0,0,0,1,High,0.42,Full,1,DCF
Bond,Treasury Bill,1,1,0,1,0,0,0,1,High,0.67,Full,1,DCF
Bond,Treasury Bill,1,1,0,1,0,0,0,1,High,0.14,Full,1,DCF
Bond,Treasury Bill,1,1,0,1,0,0,0,1,High,0.41,Full,1,DCF
Bond,Treasury Bill,1,1,0,1,0,0,0,1,High,0.8,Full,1,DCF
Bond,Treasury Bill,1,1,0,1,0,0,0,1,High,0.24,Full,1,DCF
Bond,Treasury Bill,1,1,0,1,0,0,0,1,High,0.2,Full,1,DCF
Bond,Treasury Bill,1,1,0,1,0,0,0,1,High,0.95,Full,1,DCF
Bond,Treasury Bill,1,1,0,1,0,0,0,1,High,0.23,Full,1,DCF
Bond,Treasury Bill,1,1,0,1,0,0,0,1,High,0.28,Full,1,DCF
Bond,Treasury Bill,1,1,0,1,0,0,0,1,High,0.97,Full,1,DCF
Bond,Treasury Bill,1,1,0,1,0,0,0,1,High,0.74,Full,1,DCF
Bond,Treasury Bill,1,1,0,1,0,0,0,1,High,0.71,Full,1,DCF
Bond,Treasury Bill,1,1,0,1,0,0,0,1,High,0.86,Full,1,DCF
Bond,Treasury Bill,1,1,0,1,0,0,0,1,High,0.13,Full,1,DCF
Bond,Treasury Bill,1,1,0,1,0,0,0,1,High,0.71,Full,1,DCF
Bond,Treasury Bill,1,1,0,1,0,0,0,1,High,0.51,Full,1,DCF
Bond,Treasury Bill,1,1,0,1,0,0,0,1,High,0.83,Full,1,DCF
Bond,Treasury Bill,1,1,0,1,0,0,0,1,High,0.52,Full,1,DCF
Bond,Treasury Bill,1,1,0,1,0,0,0,1,High,0.63,Full,1,DCF
Bond,Treasury Bill,1,1,0,1,0,0,0,1,High,0.49,Full,1,DCF
Bond,Treasury Bill,1,1,0,1,0,0,0,1,High,0.49,Full,1,DCF
Bond,Treasury Bill,1,1,0,1,0,0,0,1,High,0.77,Full,1,DCF
Bond,Treasury Bill,1,1,0,1,0,0,0,1,High,0.64,Full,1,DCF
Bond,Treasury Bill,1,1,0,1,0,0,0,1,High,0.64,Full,1,DCF
Bond,Treasury Bill,1,1,0,1,0,0,0,1,High,0.46,Full,1,DCF
Bond,Treasury Bill,1,1,0,1,0,0,0,1,High,0.54,Full,1,DCF
Bond,Treasury Bill,1,1,0,1,0,0,0,1,High,0.75,Full,1,DCF
Bond,Treasury Bill,1,1,0,1,0,0,0,1,High,0.83,Full,1,DCF
Bond,Treasury Bill,1,1,0,1,0,0,0,1,High,0.7,Full,1,DCF
Bond,Treasury Bill,1,1,0,1,0,0,0,1,High,0.93,Full,1,DCF
Bond,Treasury Bill,1,1,0,1,0,0,0,1,High,0.82,Full,1,DCF
Bond,Treasury Bill,1,1,0,1,0,0,0,1,High,0.57,Full,1,DCF
Bond,Treasury Bill,1,1,0,1,0,0,0,1,High,0.68,Full,1,DCF
Bond,Treasury Bill,1,1,0,1,0,0,0,1,High,0.93,Full,1,DCF
Bond,Treasury Bill,1,1,0,1,0,0,0,1,High,0.63,Full,1,DCF
Bond,Treasury Bill,1,1,0,1,0,0,0,1,High,0.83,Full,1,DCF
Bond,Treasury Bill,1,1,0,1,0,0,0,1,High,0.7,Full,1,DCF
Bond,Treasury Bill,1,1,0,1,0,0,0,1,High,0.56,Full,1,DCF
Bond,Treasury Bill,1,1,0,1,0,0,0,1,High,0.26,Full,1,DCF
Bond,Treasury Bill,1,1,0,1,0,0,0,1,High,0.44,Full,1,DCF
Bond,Treasury Bill,1,1,0,1,0,0,0,1,High,0.97,Full,1,DCF
Bond,Treasury Bill,1,1,0,1,0,0,0,1,High,0.66,Full,1,DCF
Bond,Treasury Bill,1,1,0,1,0,0,0,1,High,0.57,Full,1,DCF
Bond,Treasury Bill,1,1,0,1,0,0,0,1,High,0.93,Full,1,DCF
Bond,Treasury Bill,1,1,0,1,0,0,0,1,High,0.59,Full,1,DCF
Bond,Treasury Bill,1,1,0,1,0,0,0,1,High,0.54,Full,1,DCF
Equity,Index,1,0,0,1,0,0,0,1,High,,Full,1,Mark-to-Market
Equity,Index,1,0,0,1,0,0,0,1,High,,Full,1,Mark-to-Market
Equity,Index,1,0,0,1,0,0,0,1,High,,Full,1,Mark-to-Market
Equity,Index,1,0,0,1,0,0,0,1,High,,Full,1,Mark-to-Market
Equity,Index,1,0,0,1,0,0,0,1,High,,Full,1,Mark-to-Market
Equity,Index,1,0,0,1,0,0,0,1,High,,Full,1,Mark-to-Market
Equity,Index,1,0,0,1,0,0,0,1,High,,Full,1,Mark-to-Market
Equity,Index,1,0,0,1,0,0,0,1,High,,Full,1,Mark-to-Market
Equity,Index,1,0,0,1,0,0,0,1,High,,Full,1,Mark-to-Market
Equity,Index,1,0,0,1,0,0,0,1,High,,Full,1,Mark-to-Market
Equity,Index,1,0,0,1,0,0,0,1,High,,Full,1,Mark-to-Market
Equity,Index,1,0,0,1,0,0,0,1,High,,Full,1,Mark-to-Market
Equity,Index,1,0,0,1,0,0,0,1,High,,Full,1,Mark-to-Market
Equity,Index,1,0,0,1,0,0,0,1,High,,Full,1,Mark-to-Market
Equity,Index,1,0,0,1,0,0,0,1,High,,Full,1,Mark-to-Market
Equity,Index,1,0,0,1,0,0,0,1,High,,Full,1,Mark-to-Market
Equity,Index,1,0,0,1,0,0,0,1,High,,Full,1,Mark-to-Market
Equity,Index,1,0,0,1,0,0,0,1,High,,Full,1,Mark-to-Market
Equity,Index,1,0,0,1,0,0,0,1,High,,Full,1,Mark-to-Market
Equity,Index,1,0,0,1,0,0,0,1,High,,Full,1,Mark-to-Market
Equity,Index,1,0,0,1,0,0,0,1,High,,Full,1,Mark-to-Market
Equity,Index,1,0,0,1,0,0,0,1,High,,Full,1,Mark-to-Market
Equity,Index,1,0,0,1,0,0,0,1,High,,Full,1,Mark-to-Market
Equity,Index,1,0,0,1,0,0,0,1,High,,Full,1,Mark-to-Market
Equity,Index,1,0,0,1,0,0,0,1,High,,Full,1,Mark-to-Market
Equity,Index,1,0,0,1,0,0,0,1,High,,Full,1,Mark-to-Market
Equity,Index,1,0,0,1,0,0,0,1,High,,Full,1,Mark-to-Market
Equity,Index,1,0,0,1,0,0,0,1,High,,Full,1,Mark-to-Market
Equity,Index,1,0,0,1,0,0,0,1,High,,Full,1,Mark-to-Market
Equity,Index,1,0,0,1,0,0,0,1,High,,Full,1,Mark-to-Market
Equity,Index,1,0,0,1,0,0,0,1,High,,Full,1,Mark-to-Market
Equity,Index,1,0,0,1,0,0,0,1,High,,Full,1,Mark-to-Market
Equity,Index,1,0,0,1,0,0,0,1,High,,Full,1,Mark-to-Market
Equity,Index,1,0,0,1,0,0,0,1,High,,Full,1,Mark-to-Market
Equity,Index,1,0,0,1,0,0,0,1,High,,Full,1,Mark-to-Market
Equity,Index,1,0,0,1,0,0,0,1,High,,Full,1,Mark-to-Market
Equity,Index,1,0,0,1,0,0,0,1,High,,Full,1,Mark-to-Market
Equity,Index,1,0,0,1,0,0,0,1,High,,Full,1,Mark-to-Market
Equity,Index,1,0,0,1,0,0,0,1,High,,Full,1,Mark-to-Market
Equity,Index,1,0,0,1,0,0,0,1,High,,Full,1,Mark-to-Market
Equity,Index,1,0,0,1,0,0,0,1,High,,Full,1,Mark-to-Market
Equity,Index,1,0,0,1,0,0,0,1,High,,Full,1,Mark-to-Market
Equity,Index,1,0,0,1,0,0,0,1,High,,Full,1,Mark-to-Market
Equity,Index,1,0,0,1,0,0,0,1,High,,Full,1,Mark-to-Market
Equity,Index,1,0,0,1,0,0,0,1,High,,Full,1,Mark-to-Market
Equity,Index,1,0,0,1,0,0,0,1,High,,Full,1,Mark-to-Market
Equity,Index,1,0,0,1,0,0,0,1,High,,Full,1,Mark-to-Market
Equity,Index,1,0,0,1,0,0,0,1,High,,Full,1,Mark-to-Market
Equity,Index,1,0,0,1,0,0,0,1,High,,Full,1,Mark-to-Market
Equity,Index,1,0,0,1,0,0,0,1,High,,Full,1,Mark-to-Market
Equity,Index,1,0,0,1,0,0,0,1,High,,Full,1,Mark-to-Market
Equity,Index,1,0,0,1,0,0,0,1,High,,Full,1,Mark-to-Market
Equity,Index,1,0,0,1,0,0,0,1,High,,Full,1,Mark-to-Market
Equity,Index,1,0,0,1,0,0,0,1,High,,Full,1,Mark-to-Market
Equity,Index,1,0,0,1,0,0,0,1,High,,Full,1,Mark-to-Market
Equity,Index,1,0,0,1,0,0,0,1,High,,Full,1,Mark-to-Market
Equity,Index,1,0,0,1,0,0,0,1,High,,Full,1,Mark-to-Market
Equity,Index,1,0,0,1,0,0,0,1,High,,Full,1,Mark-to-Market
Equity,Index,1,0,0,1,0,0,0,1,High,,Full,1,Mark-to-Market
Equity,Index,1,0,0,1,0,0,0,1,High,,Full,1,Mark-to-Market
Equity,Index,1,0,0,1,0,0,0,1,High,,Full,1,Mark-to-Market
Equity,Index,1,0,0,1,0,0,0,1,High,,Full,1,Mark-to-Market
Equity,Index,1,0,0,1,0,0,0,1,High,,Full,1,Mark-to-Market
Equity,Index,1,0,0,1,0,0,0,1,High,,Full,1,Mark-to-Market
Equity,Index,1,0,0,1,0,0,0,1,High,,Full,1,Mark-to-Market
Equity,Index,1,0,0,1,0,0,0,1,High,,Full,1,Mark-to-Market
Equity,Index,1,0,0,1,0,0,0,1,High,,Full,1,Mark-to-Market
Equity,Index,1,0,0,1,0,0,0,1,High,,Full,1,Mark-to-Market
Equity,Index,1,0,0,1,0,0,0,1,High,,Full,1,Mark-to-Market
Equity,Index,1,0,0,1,0,0,0,1,High,,Full,1,Mark-to-Market
Equity,Index,1,0,0,1,0,0,0,1,High,,Full,1,Mark-to-Market
Equity,Index,1,0,0,1,0,0,0,1,High,,Full,1,Mark-to-Market
Equity,Index,1,0,0,1,0,0,0,1,High,,Full,1,Mark-to-Market
Equity,Index,1,0,0,1,0,0,0,1,High,,Full,1,Mark-to-Market
Equity,Index,1,0,0,1,0,0,0,1,High,,Full,1,Mark-to-Market
Equity,Index,1,0,0,1,0,0,0,1,High,,Full,1,Mark-to-Market
Equity,Index,1,0,0,1,0,0,0,1,High,,Full,1,Mark-to-Market
Equity,Index,1,0,0,1,0,0,0,1,High,,Full,1,Mark-to-Market
Equity,Index,1,0,0,1,0,0,0,1,High,,Full,1,Mark-to-Market
Equity,Index,1,0,0,1,0,0,0,1,High,,Full,1,Mark-to-Market
Equity,Index,1,0,0,1,0,0,0,1,High,,Full,1,Mark-to-Market
Equity,Index,1,0,0,1,0,0,0,1,High,,Full,1,Mark-to-Market
Equity,Index,1,0,0,1,0,0,0,1,High,,Full,1,Mark-to-Market
Equity,Index,1,0,0,1,0,0,0,1,High,,Full,1,Mark-to-Market
Equity,Index,1,0,0,1,0,0,0,1,High,,Full,1,Mark-to-Market
Equity,Index,1,0,0,1,0,0,0,1,High,,Full,1,Mark-to-Market
Equity,Index,1,0,0,1,0,0,0,1,High,,Full,1,Mark-to-Market
Equity,Index,1,0,0,1,0,0,0,1,High,,Full,1,Mark-to-Market
Equity,Index,1,0,0,1,0,0,0,1,High,,Full,1,Mark-to-Market
Equity,Index,1,0,0,1,0,0,0,1,High,,Full,1,Mark-to-Market
Equity,Index,1,0,0,1,0,0,0,1,High,,Full,1,Mark-to-Market
Equity,Index,1,0,0,1,0,0,0,1,High,,Full,1,Mark-to-Market
Equity,Index,1,0,0,1,0,0,0,1,High,,Full,1,Mark-to-Market
Equity,Index,1,0,0,1,0,0,0,1,High,,Full,1,Mark-to-Market
Equity,Index,1,0,0,1,0,0,0,1,High,,Full,1,Mark-to-Market
Equity,Index,1,0,0,1,0,0,0,1,High,,Full,1,Mark-to-Market
Equity,Index,1,0,0,1,0,0,0,1,High,,Full,1,Mark-to-Market
Equity,Index,1,0,0,1,0,0,0,1,High,,Full,1,Mark-to-Market
Equity,Index,1,0,0,1,0,0,0,1,High,,Full,1,Mark-to-Market
Equity,Index,1,0,0,1,0,0,0,1,High,,Full,1,Mark-to-Market
Equity,Large Cap Growth,1,1,0,1,0,0,0,1,High,,Full,1,DDM
Equity,Mid Cap,1,1,0,1,0,0,0,1,High,,Full,1,Relative
Equity,Mid Cap,1,1,0,1,0,0,0,1,High,,Partial,1,DCF
Equity,Large Cap Dividend,1,1,0,1,0,0,0,1,High,,Partial,1,DDM
Equity,Large Cap Growth,1,1,0,1,0,0,0,1,Medium,,Full,1,DCF
Equity,Large Cap Dividend,1,1,0,1,0,0,0,1,High,,Full,1,DDM
Equity,Large Cap Dividend,1,1,0,1,0,0,0,1,Medium,,Full,1,DCF
Equity,Large Cap Growth,1,1,0,1,0,0,0,1,High,,Full,1,Mark-to-Market
Equity,Large Cap Dividend,1,1,0,1,0,0,0,1,High,,Full,1,Mark-to-Market
Equity,Large Cap Growth,1,1,0,1,0,0,0,1,High,,Full,1,DCF
Equity,Large Cap Dividend,1,1,0,1,0,0,0,1,High,,Full,1,DCF
Equity,Large Cap Dividend,1,1,0,1,0,0,0,1,High,,Full,1,Relative
Equity,Mid Cap,1,1,0,1,0,0,0,1,High,,Full,1,Mark-to-Market
Equity,Mid Cap,1,1,0,1,0,0,0,1,High,,Full,1,Mark-to-Market
Equity,Large Cap Dividend,1,1,0,1,0,0,0,1,High,,Full,1,Relative
Equity,Large Cap Dividend,1,1,0,1,0,0,0,1,High,,Full,1,Relative
Equity,Large Cap Growth,1,1,0,1,0,0,0,1,High,,Partial,1,Mark-to-Market
Equity,Large Cap Growth,1,1,0,1,0,0,0,1,Medium,,Partial,1,DDM
Equity,Large Cap Dividend,1,1,0,1,0,0,0,1,Medium,,Partial,1,Mark-to-Market
Equity,Mid Cap,1,1,0,1,0,0,0,1,High,,Partial,1,DCF
Equity,Mid Cap,1,1,0,1,0,0,0,1,High,,Full,1,Relative
Equity,Large Cap Growth,1,1,0,1,0,0,0,1,High,,Full,1,Relative
Equity,Large Cap Growth,1,1,0,1,0,0,0,1,High,,Partial,1,DCF
Equity,Large Cap Growth,1,1,0,1,0,0,0,1,High,,Partial,1,Mark-to-Market
Equity,Large Cap Dividend,1,1,0,1,0,0,0,1,High,,Full,1,DCF
Equity,Mid Cap,1,1,0,1,0,0,0,1,Medium,,Full,1,DDM
Equity,Mid Cap,1,1,0,1,0,0,0,1,Medium,,Full,1,Relative
Equity,Large Cap Growth,1,1,0,1,0,0,0,1,High,,Full,1,DDM
Equity,Large Cap Dividend,1,1,0,1,0,0,0,1,High,,Full,1,Relative
Equity,Large Cap Dividend,1,1,0,1,0,0,0,1,High,,Full,1,Mark-to-Market
Equity,Large Cap Growth,1,1,0,1,0,0,0,1,High,,Partial,1,DCF
Equity,Large Cap Growth,1,1,0,1,0,0,0,1,Medium,,Full,1,DCF
Equity,Large Cap Growth,1,1,0,1,0,0,0,1,High,,Full,1,DDM
Equity,Large Cap Growth,1,1,0,1,0,0,0,1,High,,Full,1,DDM
Equity,Large Cap Dividend,1,1,0,1,0,0,0,1,Medium,,Partial,1,Mark-to-Market
Equity,Large Cap Dividend,1,1,0,1,0,0,0,1,Medium,,Full,1,Relative
Equity,Large Cap Growth,1,1,0,1,0,0,0,1,High,,Full,1,DCF
Equity,Large Cap Growth,1,1,0,1,0,0,0,1,High,,Full,1,DCF
Equity,Large Cap Growth,1,1,0,1,0,0,0,1,High,,Full,1,DCF
Equity,Large Cap Growth,1,1,0,1,0,0,0,1,High,,Full,1,Mark-to-Market
Equity,Large Cap Dividend,1,1,0,1,0,0,0,1,Medium,,Full,1,DDM
Equity,Mid Cap,1,1,0,1,0,0,0,1,High,,Full,1,Mark-to-Market
Equity,Mid Cap,1,1,0,1,0,0,0,1,Medium,,Partial,1,Relative
Equity,Large Cap Growth,1,1,0,1,0,0,0,1,High,,Partial,1,DCF
Equity,Large Cap Growth,1,1,0,1,0,0,0,1,High,,Full,1,DCF
Equity,Large Cap Growth,1,1,0,1,0,0,0,1,High,,Full,1,Mark-to-Market
Equity,Mid Cap,1,1,0,1,0,0,0,1,High,,Full,1,Relative
Equity,Mid Cap,1,1,0,1,0,0,0,1,Medium,,Partial,1,DCF
Equity,Large Cap Growth,1,1,0,1,0,0,0,1,Medium,,Full,1,DCF
Equity,Mid Cap,1,1,0,1,0,0,0,1,Medium,,Partial,1,Mark-to-Market
Equity,Large Cap Dividend,1,1,0,1,0,0,0,1,Medium,,Partial,1,DDM
Equity,Large Cap Growth,1,1,0,1,0,0,0,1,Medium,,Full,1,Mark-to-Market
Equity,Large Cap Dividend,1,1,0,1,0,0,0,1,Medium,,Partial,1,Mark-to-Market
Equity,Large Cap Dividend,1,1,0,1,0,0,0,1,High,,Full,1,Relative
Equity,Large Cap Dividend,1,1,0,1,0,0,0,1,High,,Full,1,DCF
Equity,Mid Cap,1,1,0,1,0,0,0,1,High,,Full,1,Relative
Equity,Mid Cap,1,1,0,1,0,0,0,1,High,,Partial,1,DDM
Equity,Large Cap Growth,1,1,0,1,0,0,0,1,High,,Partial,1,Relative
Equity,Large Cap Growth,1,1,0,1,0,0,0,1,High,,Full,1,Relative
Equity,Large Cap Growth,1,1,0,1,0,0,0,1,High,,Partial,1,Mark-to-Market
Equity,Large Cap Growth,1,1,0,1,0,0,0,1,Medium,,Full,1,DDM
Equity,Mid Cap,1,1,0,1,0,0,0,1,High,,Full,1,DCF
Equity,Large Cap Growth,1,1,0,1,0,0,0,1,High,,Full,1,Relative
Equity,Large Cap Dividend,1,1,0,1,0,0,0,1,High,,Full,1,DCF
Equity,Mid Cap,1,1,0,1,0,0,0,1,High,,Full,1,Relative
Equity,Large Cap Growth,1,1,0,1,0,0,0,1,High,,Partial,1,Relative
Equity,Mid Cap,1,1,0,1,0,0,0,1,High,,Partial,1,DDM
Equity,Large Cap Dividend,1,1,0,1,0,0,0,1,High,,Partial,1,Relative
Equity,Large Cap Dividend,1,1,0,1,0,0,0,1,High,,Full,1,DCF
Equity,Large Cap Dividend,1,1,0,1,0,0,0,1,High,,Full,1,Relative
Equity,Large Cap Growth,1,1,0,1,0,0,0,1,High,,Full,1,Relative
Equity,Large Cap Dividend,1,1,0,1,0,0,0,1,High,,Full,1,DCF
Equity,Mid Cap,1,1,0,1,0,0,0,1,Medium,,Partial,1,DCF
Equity,Large Cap Dividend,1,1,0,1,0,0,0,1,High,,Full,1,Mark-to-Market
Equity,Large Cap Growth,1,1,0,1,0,0,0,1,High,,Full,1,Relative
Equity,Large Cap Growth,1,1,0,1,0,0,0,1,High,,Full,1,DDM
Equity,Large Cap Growth,1,1,0,1,0,0,0,1,Medium,,Full,1,Mark-to-Market
Equity,Large Cap Growth,1,1,0,1,0,0,0,1,Medium,,Full,1,DCF
Equity,Large Cap Dividend,1,1,0,1,0,0,0,1,High,,Full,1,DCF
Equity,Large Cap Dividend,1,1,0,1,0,0,0,1,Medium,,Full,1,Relative
Equity,Mid Cap,1,1,0,1,0,0,0,1,High,,Full,1,Relative
Equity,Mid Cap,1,1,0,1,0,0,0,1,High,,Full,1,Relative
Equity,Large Cap Growth,1,1,0,1,0,0,0,1,High,,Full,1,DCF
Equity,Large Cap Dividend,1,1,0,1,0,0,0,1,Medium,,Full,1,DDM
Equity,Large Cap Dividend,1,1,0,1,0,0,0,1,High,,Partial,1,DCF
Equity,Large Cap Dividend,1,1,0,1,0,0,0,1,Medium,,Full,1,DDM
Equity,Large Cap Dividend,1,1,0,1,0,0,0,1,High,,Partial,1,Relative
Equity,Large Cap Dividend,1,1,0,1,0,0,0,1,High,,Partial,1,Mark-to-Market
Equity,Mid Cap,1,1,0,1,0,0,0,1,High,,Full,1,Relative
Equity,Large Cap Growth,1,1,0,1,0,0,0,1,High,,Full,1,Relative
Equity,Large Cap Growth,1,1,0,1,0,0,0,1,High,,Full,1,DCF
Equity,Mid Cap,1,1,0,1,0,0,0,1,High,,Partial,1,DCF
Equity,Large Cap Growth,1,1,0,1,0,0,0,1,High,,Full,1,Relative
Equity,Mid Cap,1,1,0,1,0,0,0,1,High,,Full,1,Mark-to-Market
Equity,Mid Cap,1,1,0,1,0,0,0,1,High,,Full,1,Relative
Equity,Mid Cap,1,1,0,1,0,0,0,1,Medium,,Partial,1,Relative
Equity,Large Cap Growth,1,1,0,1,0,0,0,1,High,,Full,1,DCF
Equity,Large Cap Dividend,1,1,0,1,0,0,0,1,High,,Full,1,Mark-to-Market
Equity,Large Cap Dividend,1,1,0,1,0,0,0,1,High,,Full,1,Relative
Equity,Large Cap Dividend,1,1,0,1,0,0,0,1,High,,Partial,1,DDM
Equity,Large Cap Growth,1,1,0,1,0,0,0,1,Medium,,Full,1,DCF
Equity,Large Cap Growth,1,1,0,1,0,0,0,1,High,,Partial,1,DDM
Equity,Large Cap Growth,1,1,0,1,0,0,0,1,High,,Full,1,Mark-to-Market
Equity,Large Cap Growth,1,1,0,1,0,0,0,1,High,,Partial,1,DDM
Equity,Large Cap Growth,1,1,0,1,0,0,0,1,Medium,,Full,1,Relative
Equity,Large Cap Dividend,1,1,0,1,0,0,0,1,Medium,,Full,1,DCF
Equity,Large Cap Dividend,1,1,0,1,0,0,0,1,Medium,,Full,1,Mark-to-Market
Equity,Large Cap Dividend,1,1,0,1,0,0,0,1,High,,Full,1,Mark-to-Market
Equity,Large Cap Growth,1,1,0,1,0,0,0,1,High,,Partial,1,DDM
Equity,Mid Cap,1,1,0,1,0,0,0,1,Medium,,Partial,1,DCF
Equity,Mid Cap,1,1,0,1,0,0,0,1,High,,Full,1,DCF
Equity,Large Cap Dividend,1,1,0,1,0,0,0,1,Medium,,Full,1,DCF
Equity,Large Cap Dividend,1,1,0,1,0,0,0,1,Medium,,Full,1,Mark-to-Market
Equity,Large Cap Dividend,1,1,0,1,0,0,0,1,High,,Full,1,DCF
Equity,Large Cap Dividend,1,1,0,1,0,0,0,1,Medium,,Full,1,DDM
Equity,Mid Cap,1,1,0,1,0,0,0,1,High,,Full,1,DDM
Equity,Mid Cap,1,1,0,1,0,0,0,1,Medium,,Full,1,DCF
Equity,Large Cap Growth,1,1,0,1,0,0,0,1,High,,Full,1,Mark-to-Market
Equity,Large Cap Dividend,1,1,0,1,0,0,0,1,High,,Full,1,DCF
Equity,Large Cap Growth,1,1,0,1,0,0,0,1,High,,Partial,1,DCF
Equity,Large Cap Dividend,1,1,0,1,0,0,0,1,High,,Full,1,Relative
Equity,Large Cap Dividend,1,1,0,1,0,0,0,1,High,,Full,1,DDM
Equity,Large Cap Growth,1,1,0,1,0,0,0,1,Medium,,Full,1,Relative
Equity,Large Cap Growth,1,1,0,1,0,0,0,1,High,,Full,1,DCF
Equity,Mid Cap,1,1,0,1,0,0,0,1,High,,Full,1,DCF
Equity,Mid Cap,1,1,0,1,0,0,0,1,Medium,,Full,1,Relative
Equity,Mid Cap,1,1,0,1,0,0,0,1,Medium,,Full,1,Relative
Equity,Large Cap Dividend,1,1,0,1,0,0,0,1,High,,Partial,1,DDM
Equity,Large Cap Growth,1,1,0,1,0,0,0,1,High,,Partial,1,DCF
Equity,Large Cap Growth,1,1,0,1,0,0,0,1,High,,Partial,1,DCF
Equity,Large Cap Growth,1,1,0,1,0,0,0,1,High,,Partial,1,DCF
Equity,Large Cap Dividend,1,1,0,1,0,0,0,1,High,,Full,1,Mark-to-Market
Equity,Mid Cap,1,1,0,1,0,0,0,1,High,,Partial,1,DDM
Equity,Large Cap Dividend,1,1,0,1,0,0,0,1,High,,Full,1,DDM
Equity,Large Cap Growth,1,1,0,1,0,0,0,1,High,,Full,1,DCF
Equity,Mid Cap,1,1,0,1,0,0,0,1,High,,Partial,1,Mark-to-Market
Equity,Large Cap Growth,1,1,0,1,0,0,0,1,High,,Full,1,DCF
Equity,Large Cap Growth,1,1,0,1,0,0,0,1,Medium,,Full,1,Mark-to-Market
Equity,Large Cap Dividend,1,1,0,1,0,0,0,1,Medium,,Partial,1,DCF
Equity,Mid Cap,1,1,0,1,0,0,0,1,High,,Full,1,Relative
Equity,Mid Cap,1,1,0,1,0,0,0,1,High,,Full,1,Relative
Equity,Large Cap Growth,1,1,0,1,0,0,0,1,High,,Full,1,DDM
Equity,Mid Cap,1,1,0,1,0,0,0,1,Medium,,Partial,1,Mark-to-Market
Equity,Large Cap Growth,1,1,0,1,0,0,0,1,Medium,,Full,1,Mark-to-Market
Equity,Mid Cap,1,1,0,1,0,0,0,1,Medium,,Partial,1,DDM
Equity,Mid Cap,1,1,0,1,0,0,0,1,High,,Partial,1,DDM
Equity,Large Cap Dividend,1,1,0,1,0,0,0,1,High,,Full,1,DCF
Equity,Mid Cap,1,1,0,1,0,0,0,1,Medium,,Partial,1,Mark-to-Market
Equity,Large Cap Growth,1,1,0,1,0,0,0,1,High,,Partial,1,DCF
Equity,Large Cap Growth,1,1,0,1,0,0,0,1,High,,Full,1,Mark-to-Market
Equity,Large Cap Dividend,1,1,0,1,0,0,0,1,Medium,,Full,1,Relative
Equity,Mid Cap,1,1,0,1,0,0,0,1,Medium,,Partial,1,Mark-to-Market
Equity,Large Cap Growth,1,1,0,1,0,0,0,1,High,,Full,1,DDM
Equity,Mid Cap,1,1,0,1,0,0,0,1,High,,Full,1,DDM
Equity,Mid Cap,1,1,0,1,0,0,0,1,High,,Full,1,Mark-to-Market
Equity,Large Cap Dividend,1,1,0,1,0,0,0,1,High,,Full,1,DDM
Equity,Large Cap Growth,1,1,0,1,0,0,0,1,High,,Partial,1,Relative
Equity,Large Cap Dividend,1,1,0,1,0,0,0,1,Medium,,Full,1,DCF
Equity,Large Cap Dividend,1,1,0,1,0,0,0,1,Medium,,Full,1,DCF
Equity,Large Cap Growth,1,1,0,1,0,0,0,1,Medium,,Full,1,Mark-to-Market
Equity,Large Cap Growth,1,1,0,1,0,0,0,1,High,,Partial,1,Mark-to-Market
Equity,Large Cap Dividend,1,1,0,1,0,0,0,1,High,,Full,1,Relative
Equity,Large Cap Growth,1,1,0,1,0,0,0,1,Medium,,Full,1,DDM
Equity,Large Cap Dividend,1,1,0,1,0,0,0,1,High,,Partial,1,DCF
Equity,Large Cap Growth,1,1,0,1,0,0,0,1,High,,Full,1,Mark-to-Market
Equity,Large Cap Dividend,1,1,0,1,0,0,0,1,High,,Full,1,Mark-to-Market
Equity,Large Cap Growth,1,1,0,1,0,0,0,1,High,,Partial,1,Mark-to-Market
Equity,Large Cap Dividend,1,1,0,1,0,0,0,1,High,,Partial,1,DCF
Equity,Mid Cap,1,1,0,1,0,0,0,1,High,,Full,1,DDM
Equity,Large Cap Dividend,1,1,0,1,0,0,0,1,High,,Full,1,Relative
Equity,Large Cap Dividend,1,1,0,1,0,0,0,1,High,,Full,1,DDM
Equity,Large Cap Growth,1,1,0,1,0,0,0,1,High,,Full,1,DDM
Equity,Large Cap Dividend,1,1,0,1,0,0,0,1,High,,Partial,1,DDM
Equity,Large Cap Dividend,1,1,0,1,0,0,0,1,Medium,,Full,1,DCF
Equity,Mid Cap,1,1,0,1,0,0,0,1,High,,Full,1,DCF
Equity,Large Cap Dividend,1,1,0,1,0,0,0,1,High,,Full,1,DCF
Equity,Large Cap Growth,1,1,0,1,0,0,0,1,High,,Full,1,DDM
Equity,Large Cap Dividend,1,1,0,1,0,0,0,1,High,,Full,1,DDM
Equity,Large Cap Dividend,1,1,0,1,0,0,0,1,High,,Full,1,DDM
Equity,Mid Cap,1,1,0,1,0,0,0,1,Medium,,Full,1,Mark-to-Market
Equity,Mid Cap,1,1,0,1,0,0,0,1,High,,Full,1,Mark-to-Market
Equity,Mid Cap,1,1,0,1,0,0,0,1,High,,Full,1,DCF
Equity,Large Cap Dividend,1,1,0,1,0,0,0,1,Medium,,Partial,1,DCF
Equity,Large Cap Growth,1,1,0,1,0,0,0,1,High,,Full,1,DDM
Equity,Large Cap Dividend,1,1,0,1,0,0,0,1,High,,Full,1,DDM
Equity,Large Cap Dividend,1,1,0,1,0,0,0,1,Medium,,Partial,1,Relative
Equity,Mid Cap,1,1,0,1,0,0,0,1,Medium,,Full,1,Relative
Equity,Large Cap Growth,1,1,0,1,0,0,0,1,High,,Full,1,DDM
Equity,Mid Cap,1,1,0,1,0,0,0,1,High,,Partial,1,DDM
Equity,Large Cap Growth,1,1,0,1,0,0,0,1,Medium,,Full,1,DCF
Equity,Large Cap Dividend,1,1,0,1,0,0,0,1,High,,Full,1,DDM
Equity,Large Cap Growth,1,1,0,1,0,0,0,1,Medium,,Full,1,DDM
Equity,Mid Cap,1,1,0,1,0,0,0,1,High,,Full,1,DCF
Equity,Large Cap Dividend,1,1,0,1,0,0,0,1,High,,Full,1,Mark-to-Market
Equity,Large Cap Dividend,1,1,0,1,0,0,0,1,Medium,,Full,1,DCF
Equity,Large Cap Dividend,1,1,0,1,0,0,0,1,High,,Full,1,Relative
Equity,Mid Cap,1,1,0,1,0,0,0,1,High,,Full,1,DCF
Equity,Large Cap Growth,1,1,0,1,0,0,0,1,Medium,,Partial,1,DCF
Equity,Mid Cap,1,1,0,1,0,0,0,1,High,,Partial,1,Mark-to-Market
Equity,Large Cap Dividend,1,1,0,1,0,0,0,1,High,,Partial,1,DDM
Equity,Large Cap Growth,1,1,0,1,0,0,0,1,Medium,,Full,1,DDM
Equity,Large Cap Dividend,1,1,0,1,0,0,0,1,High,,Full,1,Mark-to-Market
Equity,Large Cap Dividend,1,1,0,1,0,0,0,1,Medium,,Partial,1,Relative
Equity,Mid Cap,1,1,0,1,0,0,0,1,High,,Partial,1,DCF
Equity,Large Cap Growth,1,1,0,1,0,0,0,1,High,,Partial,1,Relative
Equity,Large Cap Growth,1,1,0,1,0,0,0,1,Medium,,Full,1,DDM
Equity,Large Cap Dividend,1,1,0,1,0,0,0,1,High,,Partial,1,Relative
Equity,Large Cap Growth,1,1,0,1,0,0,0,1,Medium,,Full,1,Relative
Equity,Large Cap Growth,1,1,0,1,0,0,0,1,Medium,,Full,1,DDM
Equity,Mid Cap,1,1,0,1,0,0,0,1,High,,Partial,1,Mark-to-Market
Equity,Mid Cap,1,1,0,1,0,0,0,1,High,,Full,1,DDM
Equity,Large Cap Growth,1,1,0,1,0,0,0,1,High,,Partial,1,DCF
Equity,Large Cap Dividend,1,1,0,1,0,0,0,1,High,,Partial,1,DCF
Equity,Large Cap Growth,1,1,0,1,0,0,0,1,Medium,,Partial,1,Relative
Equity,Large Cap Dividend,1,1,0,1,0,0,0,1,Medium,,Partial,1,Relative
Equity,Large Cap Dividend,1,1,0,1,0,0,0,1,Medium,,Full,1,Mark-to-Market
Equity,Mid Cap,1,1,0,1,0,0,0,1,High,,Full,1,DCF
Equity,Large Cap Growth,1,1,0,1,0,0,0,1,High,,Partial,1,Relative
Equity,Large Cap Growth,1,1,0,1,0,0,0,1,High,,Partial,1,Relative
Equity,Large Cap Growth,1,1,0,1,0,0,0,1,High,,Full,1,DCF
Equity,Mid Cap,1,1,0,1,0,0,0,1,High,,Partial,1,Relative
Equity,Mid Cap,1,1,0,1,0,0,0,1,Medium,,Partial,1,DCF
Equity,Mid Cap,1,1,0,1,0,0,0,1,High,,Full,1,DDM
Equity,Large Cap Growth,1,1,0,1,0,0,0,1,High,,Full,1,Relative
Equity,Mid Cap,1,1,0,1,0,0,0,1,High,,Partial,1,Relative
Equity,Large Cap Growth,1,1,0,1,0,0,0,1,High,,Full,1,Relative
Equity,Large Cap Growth,1,1,0,1,0,0,0,1,Medium,,Partial,1,DCF
Equity,Large Cap Growth,1,1,0,1,0,0,0,1,High,,Partial,1,Relative
Equity,Mid Cap,1,1,0,1,0,0,0,1,High,,Full,1,Mark-to-Market
Equity,Mid Cap,1,1,0,1,0,0,0,1,High,,Full,1,Mark-to-Market
Equity,Mid Cap,1,1,0,1,0,0,0,1,High,,Full,1,DCF
Equity,Mid Cap,1,1,0,1,0,0,0,1,High,,Full,1,Mark-to-Market
Equity,Mid Cap,1,1,0,1,0,0,0,1,Medium,,Full,1,Mark-to-Market
Equity,Large Cap Growth,1,1,0,1,0,0,0,1,Medium,,Partial,1,DCF
Equity,Mid Cap,1,1,0,1,0,0,0,1,High,,Full,1,DCF
Equity,Large Cap Growth,1,1,0,1,0,0,0,1,Medium,,Full,1,DDM
Equity,Large Cap Dividend,1,1,0,1,0,0,0,1,High,,Full,1,DCF
Equity,Large Cap Dividend,1,1,0,1,0,0,0,1,High,,Full,1,DDM
Equity,Large Cap Dividend,1,1,0,1,0,0,0,1,High,,Full,1,DDM
Equity,Large Cap Growth,1,1,0,1,0,0,0,1,High,,Full,1,Mark-to-Market
Equity,Mid Cap,1,1,0,1,0,0,0,1,High,,Full,1,DDM
Equity,Mid Cap,1,1,0,1,0,0,0,1,Medium,,Partial,1,DDM
Equity,Mid Cap,1,1,0,1,0,0,0,1,High,,Full,1,DCF
Equity,Mid Cap,1,1,0,1,0,0,0,1,High,,Full,1,DDM
Equity,Large Cap Dividend,1,1,0,1,0,0,0,1,High,,Full,1,Mark-to-Market
Equity,Large Cap Growth,1,1,0,1,0,0,0,1,High,,Full,1,Mark-to-Market
Equity,Large Cap Dividend,1,1,0,1,0,0,0,1,Medium,,Full,1,DDM
Equity,Large Cap Growth,1,1,0,1,0,0,0,1,High,,Partial,1,DDM
Equity,Large Cap Dividend,1,1,0,1,0,0,0,1,High,,Full,1,DCF
Equity,Large Cap Growth,1,1,0,1,0,0,0,1,Medium,,Partial,1,DDM
Equity,Large Cap Dividend,1,1,0,1,0,0,0,1,High,,Full,1,DDM
Equity,Large Cap Growth,1,1,0,1,0,0,0,1,Medium,,Full,1,Mark-to-Market
Equity,Large Cap Growth,1,1,0,1,0,0,0,1,High,,Partial,1,Relative
Equity,Mid Cap,1,1,0,1,0,0,0,1,High,,Partial,1,Mark-to-Market
Equity,Large Cap Growth,1,1,0,1,0,0,0,1,Medium,,Partial,1,Mark-to-Market
Equity,Large Cap Growth,1,1,0,1,0,0,0,1,High,,Full,1,Relative
Equity,Large Cap Growth,1,1,0,1,0,0,0,1,High,,Partial,1,DCF
Equity,Large Cap Dividend,1,1,0,1,0,0,0,1,High,,Full,1,Mark-to-Market
Equity,Large Cap Dividend,1,1,0,1,0,0,0,1,High,,Partial,1,Relative
Equity,Large Cap Dividend,1,1,0,1,0,0,0,1,High,,Full,1,DDM
Equity,Large Cap Growth,1,1,0,1,0,0,0,1,High,,Full,1,Mark-to-Market
Equity,Mid Cap,1,1,0,1,0,0,0,1,High,,Partial,1,DDM
Equity,Large Cap Growth,1,1,0,1,0,0,0,1,High,,Partial,1,DDM
Equity,Large Cap Dividend,1,1,0,1,0,0,0,1,High,,Full,1,DCF
Equity,Mid Cap,1,1,0,1,0,0,0,1,High,,Full,1,Relative
Equity,Large Cap Dividend,1,1,0,1,0,0,0,1,Medium,,Full,1,Mark-to-Market
Equity,Mid Cap,1,1,0,1,0,0,0,1,High,,Partial,1,DCF
Equity,Large Cap Dividend,1,1,0,1,0,0,0,1,High,,Partial,1,DCF
Equity,Large Cap Growth,1,1,0,1,0,0,0,1,High,,Partial,1,Relative
Equity,Large Cap Growth,1,1,0,1,0,0,0,1,Medium,,Full,1,DCF
Equity,Mid Cap,1,1,0,1,0,0,0,1,Medium,,Full,1,Mark-to-Market
Equity,Large Cap Dividend,1,1,0,1,0,0,0,1,High,,Full,1,DDM
Equity,Mid Cap,1,1,0,1,0,0,0,1,High,,Partial,1,DCF
Equity,Mid Cap,1,1,0,1,0,0,0,1,High,,Full,1,Mark-to-Market
Equity,Large Cap Dividend,1,1,0,1,0,0,0,1,Medium,,Partial,1,Relative
Equity,Large Cap Growth,1,1,0,1,0,0,0,1,High,,Partial,1,DDM
Equity,Large Cap Dividend,1,1,0,1,0,0,0,1,High,,Partial,1,Relative
Equity,Mid Cap,1,1,0,1,0,0,0,1,High,,Partial,1,Mark-to-Market
Equity,Mid Cap,1,1,0,1,0,0,0,1,High,,Full,1,Relative
Equity,Mid Cap,1,1,0,1,0,0,0,1,Medium,,Partial,1,DCF
Equity,Large Cap Growth,1,1,0,1,0,0,0,1,High,,Partial,1,DDM
Equity,Mid Cap,1,1,0,1,0,0,0,1,Medium,,Partial,1,DDM
Equity,Large Cap Dividend,1,1,0,1,0,0,0,1,Medium,,Full,1,Mark-to-Market
Equity,Mid Cap,1,1,0,1,0,0,0,1,Medium,,Full,1,DDM
Equity,Large Cap Growth,1,1,0,1,0,0,0,1,High,,Full,1,Relative
Equity,Large Cap Dividend,1,1,0,1,0,0,0,1,High,,Full,1,Mark-to-Market
Equity,Large Cap Growth,1,1,0,1,0,0,0,1,Medium,,Full,1,Mark-to-Market
Equity,Large Cap Growth,1,1,0,1,0,0,0,1,High,,Full,1,DCF
Equity,Large Cap Dividend,1,1,0,1,0,0,0,1,High,,Full,1,DDM
Equity,Mid Cap,1,1,0,1,0,0,0,1,High,,Full,1,Relative
Equity,Large Cap Growth,1,1,0,1,0,0,0,1,High,,Full,1,Mark-to-Market
Equity,Large Cap Growth,1,1,0,1,0,0,0,1,Medium,,Full,1,Relative
Equity,Large Cap Dividend,1,1,0,1,0,0,0,1,Medium,,Partial,1,Relative
Equity,Large Cap Dividend,1,1,0,1,0,0,0,1,High,,Partial,1,DCF
Equity,Mid Cap,1,1,0,1,0,0,0,1,High,,Partial,1,DDM
Equity,Mid Cap,1,1,0,1,0,0,0,1,High,,Full,1,Mark-to-Market
Equity,Mid Cap,1,1,0,1,0,0,0,1,High,,Full,1,Relative
Equity,Large Cap Growth,1,1,0,1,0,0,0,1,High,,Full,1,DDM
Equity,Large Cap Dividend,1,1,0,1,0,0,0,1,High,,Full,1,DDM
Equity,Mid Cap,1,1,0,1,0,0,0,1,High,,Full,1,DCF
Equity,Mid Cap,1,1,0,1,0,0,0,1,Medium,,Full,1,Relative
Equity,Large Cap Growth,1,1,0,1,0,0,0,1,Medium,,Full,1,Relative
Equity,Large Cap Dividend,1,1,0,1,0,0,0,1,High,,Partial,1,Mark-to-Market
Equity,Large Cap Growth,1,1,0,1,0,0,0,1,High,,Full,1,Relative
Equity,Large Cap Growth,1,1,0,1,0,0,0,1,High,,Full,1,DCF
Equity,Large Cap Dividend,1,1,0,1,0,0,0,1,Medium,,Partial,1,Relative
Equity,Large Cap Dividend,1,1,0,1,0,0,0,1,High,,Full,1,DCF
Equity,Large Cap Growth,1,1,0,1,0,0,0,1,High,,Full,1,DDM
Equity,Large Cap Dividend,1,1,0,1,0,0,0,1,High,,Full,1,Mark-to-Market
Equity,Mid Cap,1,1,0,1,0,0,0,1,High,,Full,1,DDM
Equity,Large Cap Dividend,1,1,0,1,0,0,0,1,High,,Partial,1,DDM
Equity,Mid Cap,1,1,0,1,0,0,0,1,High,,Full,1,Mark-to-Market
Equity,Mid Cap,1,1,0,1,0,0,0,1,High,,Partial,1,Relative
Equity,Large Cap Growth,1,1,0,1,0,0,0,1,High,,Full,1,Relative
Equity,Large Cap Dividend,1,1,0,1,0,0,0,1,Medium,,Full,1,Mark-to-Market
Equity,Mid Cap,1,1,0,1,0,0,0,1,High,,Full,1,Relative
Equity,Large Cap Growth,1,1,0,1,0,0,0,1,Medium,,Full,1,Mark-to-Market
Equity,Large Cap Dividend,1,1,0,1,0,0,0,1,High,,Full,1,Relative
Equity,Large Cap Growth,1,1,0,1,0,0,0,1,High,,Full,1,Relative
Equity,Mid Cap,1,1,0,1,0,0,0,1,High,,Full,1,Relative
Equity,Mid Cap,1,1,0,1,0,0,0,1,High,,Full,1,DCF
Equity,Large Cap Dividend,1,1,0,1,0,0,0,1,High,,Full,1,DDM
Equity,Large Cap Dividend,1,1,0,1,0,0,0,1,High,,Partial,1,Relative
Equity,Mid Cap,1,1,0,1,0,0,0,1,Medium,,Partial,1,Relative
Equity,Large Cap Growth,1,1,0,1,0,0,0,1,High,,Full,1,DCF
Equity,Large Cap Dividend,1,1,0,1,0,0,0,1,Medium,,Full,1,Mark-to-Market
Equity,Mid Cap,1,1,0,1,0,0,0,1,Medium,,Full,1,DCF
Equity,Mid Cap,1,1,0,1,0,0,0,1,Medium,,Partial,1,Relative
Equity,Large Cap Dividend,1,1,0,1,0,0,0,1,Medium,,Full,1,Relative
Equity,Mid Cap,1,1,0,1,0,0,0,1,Medium,,Partial,1,Relative
Equity,Large Cap Dividend,1,1,0,1,0,0,0,1,High,,Full,1,DDM
Equity,Mid Cap,1,1,0,1,0,0,0,1,High,,Partial,1,Relative
Equity,Large Cap Dividend,1,1,0,1,0,0,0,1,High,,Partial,1,Relative
Equity,Mid Cap,1,1,0,1,0,0,0,1,Medium,,Partial,1,DDM
Equity,Mid Cap,1,1,0,1,0,0,0,1,High,,Full,1,Mark-to-Market
Equity,Large Cap Dividend,1,1,0,1,0,0,0,1,Medium,,Full,1,DCF
Equity,Large Cap Dividend,1,1,0,1,0,0,0,1,Medium,,Full,1,DDM
Equity,Large Cap Dividend,1,1,0,1,0,0,0,1,High,,Full,1,DCF
Equity,Mid Cap,1,1,0,1,0,0,0,1,High,,Full,1,DCF
Equity,Large Cap Dividend,1,1,0,1,0,0,0,1,High,,Full,1,DDM
Equity,Mid Cap,1,1,0,1,0,0,0,1,High,,Partial,1,Mark-to-Market
Equity,Large Cap Growth,1,1,0,1,0,0,0,1,Medium,,Full,1,DCF
Equity,Large Cap Dividend,1,1,0,1,0,0,0,1,High,,Full,1,Mark-to-Market
Equity,Large Cap Growth,1,1,0,1,0,0,0,1,High,,Full,1,DCF
Equity,Large Cap Growth,1,1,0,1,0,0,0,1,High,,Partial,1,Relative
Equity,Mid Cap,1,1,0,1,0,0,0,1,High,,Full,1,DDM
Equity,Large Cap Growth,1,1,0,1,0,0,0,1,High,,Partial,1,Mark-to-Market
Equity,Mid Cap,1,1,0,1,0,0,0,1,Medium,,Full,1,Mark-to-Market
Equity,Large Cap Dividend,1,1,0,1,0,0,0,1,High,,Full,1,Mark-to-Market
Equity,Large Cap Growth,1,1,0,1,0,0,0,1,High,,Partial,1,DDM
Equity,Large Cap Growth,1,1,0,1,0,0,0,1,High,,Partial,1,DDM
Equity,Mid Cap,1,1,0,1,0,0,0,1,High,,Partial,1,DCF
Equity,Large Cap Dividend,1,1,0,1,0,0,0,1,Medium,,Full,1,DDM
Equity,Large Cap Growth,1,1,0,1,0,0,0,1,High,,Partial,1,DCF
Equity,Large Cap Growth,1,1,0,1,0,0,0,1,Medium,,Full,1,DDM
Equity,Large Cap Dividend,1,1,0,1,0,0,0,1,High,,Full,1,Relative
Equity,Mid Cap,1,1,0,1,0,0,0,1,High,,Full,1,Mark-to-Market
Equity,Large Cap Growth,1,1,0,1,0,0,0,1,High,,Full,1,Mark-to-Market
Equity,Large Cap Growth,1,1,0,1,0,0,0,1,High,,Full,1,Mark-to-Market
Equity,Large Cap Dividend,1,1,0,1,0,0,0,1,High,,Full,1,Mark-to-Market
Equity,Large Cap Dividend,1,1,0,1,0,0,0,1,High,,Full,1,DDM
Equity,Large Cap Dividend,1,1,0,1,0,0,0,1,High,,Full,1,DDM
Equity,Large Cap Growth,1,1,0,1,0,0,0,1,High,,Partial,1,Mark-to-Market
Equity,Mid Cap,1,1,0,1,0,0,0,1,Medium,,Partial,1,Relative
Equity,Large Cap Growth,1,1,0,1,0,0,0,1,High,,Full,1,Relative
Equity,Large Cap Dividend,1,1,0,1,0,0,0,1,High,,Full,1,Relative
Equity,Mid Cap,1,1,0,1,0,0,0,1,High,,Full,1,DCF
Equity,Large Cap Dividend,1,1,0,1,0,0,0,1,High,,Partial,1,Relative
Equity,Large Cap Growth,1,1,0,1,0,0,0,1,High,,Full,1,Mark-to-Market
Equity,Large Cap Dividend,1,1,0,1,0,0,0,1,High,,Partial,1,Relative
Equity,Large Cap Dividend,1,1,0,1,0,0,0,1,High,,Full,1,Mark-to-Market
Equity,Large Cap Growth,1,1,0,1,0,0,0,1,High,,Full,1,DDM
Equity,Large Cap Dividend,1,1,0,1,0,0,0,1,High,,Full,1,DDM
Equity,Large Cap Dividend,1,1,0,1,0,0,0,1,High,,Full,1,Relative
Equity,Large Cap Growth,1,1,0,1,0,0,0,1,Medium,,Full,1,Relative
Equity,Large Cap Dividend,1,1,0,1,0,0,0,1,High,,Partial,1,DDM
Equity,Mid Cap,1,1,0,1,0,0,0,1,Medium,,Full,1,DDM
Equity,Large Cap Growth,1,1,0,1,0,0,0,1,High,,Full,1,Mark-to-Market
Equity,Mid Cap,1,1,0,1,0,0,0,1,Medium,,Full,1,DCF
Equity,Large Cap Growth,1,1,0,1,0,0,0,1,High,,Full,1,Mark-to-Market
Equity,Large Cap Growth,1,1,0,1,0,0,0,1,High,,Partial,1,Relative
Equity,Mid Cap,1,1,0,1,0,0,0,1,High,,Full,1,Mark-to-Market
Equity,Large Cap Growth,1,1,0,1,0,0,0,1,Medium,,Full,1,DDM
Equity,Large Cap Growth,1,1,0,1,0,0,0,1,Medium,,Full,1,DDM
Equity,Mid Cap,1,1,0,1,0,0,0,1,High,,Full,1,Relative
Equity,Large Cap Dividend,1,1,0,1,0,0,0,1,Medium,,Full,1,Relative
Equity,Large Cap Dividend,1,1,0,1,0,0,0,1,High,,Full,1,Relative
Equity,Mid Cap,1,1,0,1,0,0,0,1,High,,Full,1,DDM
Equity,Large Cap Growth,1,1,0,1,0,0,0,1,High,,Full,1,Mark-to-Market
Equity,Large Cap Dividend,1,1,0,1,0,0,0,1,High,,Full,1,DDM
Equity,Mid Cap,1,1,0,1,0,0,0,1,High,,Full,1,DDM
Equity,Large Cap Growth,1,1,0,1,0,0,0,1,Medium,,Full,1,Mark-to-Market
Equity,Mid Cap,1,1,0,1,0,0,0,1,High,,Partial,1,DCF
Equity,Large Cap Dividend,1,1,0,1,0,0,0,1,Medium,,Partial,1,DDM
Equity,Mid Cap,1,1,0,1,0,0,0,1,High,,Partial,1,DDM
Equity,Large Cap Growth,1,1,0,1,0,0,0,1,High,,Full,1,DDM
Equity,Large Cap Dividend,1,1,0,1,0,0,0,1,High,,Full,1,DDM
Equity,Mid Cap,1,1,0,1,0,0,0,1,Medium,,Full,1,Mark-to-Market
Equity,Mid Cap,1,1,0,1,0,0,0,1,Medium,,Partial,1,DCF
Equity,Large Cap Growth,1,1,0,1,0,0,0,1,High,,Full,1,DCF
Bond,Corporate Bond (IG),1,1,0,1,1,0,0,1,Medium,3.94,Full,2,DCF
Bond,Corporate Bond (IG),1,1,0,1,1,0,0,1,High,9.23,Full,2,DCF
Bond,Corporate Bond (IG),1,1,0,1,1,0,0,1,High,17.15,Full,1,DCF
Bond,Corporate Bond (IG),1,1,0,1,1,0,0,1,Medium,7.72,Partial,2,DCF
Bond,Corporate Bond (IG),1,1,0,1,1,0,0,1,Medium,21.66,Full,2,DCF
Bond,Corporate Bond (IG),1,1,0,1,1,0,0,1,Medium,15.6,Partial,2,DCF
Bond,Corporate Bond (IG),1,1,0,1,1,0,0,1,High,26.33,Partial,2,DCF
Bond,Corporate Bond (IG),1,1,0,1,1,0,0,1,Medium,22.12,Full,1,DCF
Bond,Corporate Bond (IG),1,1,0,1,1,0,0,1,Medium,19.32,Full,1,DCF
Bond,Corporate Bond (IG),1,1,0,1,1,0,0,1,Medium,8.88,Partial,2,DCF
Bond,Corporate Bond (IG),1,1,0,1,1,0,0,1,Medium,14.97,Partial,1,DCF
Bond,Corporate Bond (IG),1,1,0,1,1,0,0,1,Medium,19.68,Partial,1,DCF
Bond,Corporate Bond (IG),1,1,0,1,1,0,0,1,High,14.78,Partial,2,DCF
Bond,Corporate Bond (IG),1,1,0,1,1,0,0,1,High,19.44,Full,2,DCF
Bond,Corporate Bond (IG),1,1,0,1,1,0,0,1,High,10.47,Full,1,DCF
Bond,Corporate Bond (IG),1,1,0,1,1,0,0,1,Medium,13.38,Full,2,DCF
Bond,Corporate Bond (IG),1,1,0,1,1,0,0,1,High,28.11,Full,2,DCF
Bond,Corporate Bond (IG),1,1,0,1,1,0,0,1,High,4.36,Partial,1,DCF
Bond,Corporate Bond (IG),1,1,0,1,1,0,0,1,Medium,12.05,Partial,1,DCF
Bond,Corporate Bond (IG),1,1,0,1,1,0,0,1,High,5.07,Full,1,DCF
Bond,Corporate Bond (IG),1,1,0,1,1,0,0,1,Medium,28.94,Full,1,DCF
Bond,Corporate Bond (IG),1,1,0,1,1,0,0,1,High,22.09,Full,1,DCF
Bond,Corporate Bond (IG),1,1,0,1,1,0,0,1,High,2.14,Full,2,DCF
Bond,Corporate Bond (IG),1,1,0,1,1,0,0,1,Medium,4.2,Partial,1,DCF
Bond,Corporate Bond (IG),1,1,0,1,1,0,0,1,High,13.39,Partial,1,DCF
Bond,Corporate Bond (IG),1,1,0,1,1,0,0,1,Medium,22.51,Full,2,DCF
Bond,Corporate Bond (IG),1,1,0,1,1,0,0,1,Medium,25.68,Partial,2,DCF
Bond,Corporate Bond (IG),1,1,0,1,1,0,0,1,High,13.51,Partial,1,DCF
Bond,Corporate Bond (IG),1,1,0,1,1,0,0,1,High,12.25,Full,2,DCF
Bond,Corporate Bond (IG),1,1,0,1,1,0,0,1,Medium,11.56,Partial,2,DCF
Bond,Corporate Bond (IG),1,1,0,1,1,0,0,1,High,29.94,Full,1,DCF
Bond,Corporate Bond (IG),1,1,0,1,1,0,0,1,Medium,6.11,Full,2,DCF
Bond,Corporate Bond (IG),1,1,0,1,1,0,0,1,Medium,22.78,Partial,1,DCF
Bond,Corporate Bond (IG),1,1,0,1,1,0,0,1,High,19.43,Partial,2,DCF
Bond,Corporate Bond (IG),1,1,0,1,1,0,0,1,High,19.46,Full,1,DCF
Bond,Corporate Bond (IG),1,1,0,1,1,0,0,1,High,13.21,Partial,1,DCF
Bond,Corporate Bond (IG),1,1,0,1,1,0,0,1,Medium,16.57,Partial,2,DCF
Bond,Corporate Bond (IG),1,1,0,1,1,0,0,1,Medium,27.13,Full,1,DCF
Bond,Corporate Bond (IG),1,1,0,1,1,0,0,1,Medium,11.56,Full,2,DCF
Bond,Corporate Bond (IG),1,1,0,1,1,0,0,1,High,24.16,Partial,2,DCF
Bond,Corporate Bond (IG),1,1,0,1,1,0,0,1,Medium,29.11,Full,1,DCF
Bond,Corporate Bond (IG),1,1,0,1,1,0,0,1,High,28.66,Full,1,DCF
Bond,Corporate Bond (IG),1,1,0,1,1,0,0,1,High,12.56,Full,1,DCF
Bond,Corporate Bond (IG),1,1,0,1,1,0,0,1,High,20.06,Full,1,DCF
Bond,Corporate Bond (IG),1,1,0,1,1,0,0,1,Medium,17.02,Full,1,DCF
Bond,Corporate Bond (IG),1,1,0,1,1,0,0,1,High,2.39,Full,1,DCF
Bond,Corporate Bond (IG),1,1,0,1,1,0,0,1,High,3.39,Full,1,DCF
Bond,Corporate Bond (IG),1,1,0,1,1,0,0,1,Medium,2.37,Full,1,DCF
Bond,Corporate Bond (IG),1,1,0,1,1,0,0,1,High,21.98,Full,2,DCF
Bond,Corporate Bond (IG),1,1,0,1,1,0,0,1,Medium,21.16,Partial,1,DCF
Bond,Corporate Bond (IG),1,1,0,1,1,0,0,1,Medium,7.89,Full,1,DCF
Bond,Corporate Bond (IG),1,1,0,1,1,0,0,1,High,20.15,Full,1,DCF
Bond,Corporate Bond (IG),1,1,0,1,1,0,0,1,High,7.96,Partial,1,DCF
Bond,Corporate Bond (IG),1,1,0,1,1,0,0,1,High,28.95,Partial,2,DCF
Bond,Corporate Bond (IG),1,1,0,1,1,0,0,1,High,18.38,Full,1,DCF
Bond,Corporate Bond (IG),1,1,0,1,1,0,0,1,High,24.5,Full,2,DCF
Bond,Corporate Bond (IG),1,1,0,1,1,0,0,1,High,28.16,Full,2,DCF
Bond,Corporate Bond (IG),1,1,0,1,1,0,0,1,Medium,23.1,Partial,2,DCF
Bond,Corporate Bond (IG),1,1,0,1,1,0,0,1,Medium,20.74,Partial,2,DCF
Bond,Corporate Bond (IG),1,1,0,1,1,0,0,1,Medium,13.7,Full,2,DCF
Bond,Corporate Bond (IG),1,1,0,1,1,0,0,1,High,28.97,Partial,2,DCF
Bond,Corporate Bond (IG),1,1,0,1,1,0,0,1,Medium,9.36,Full,2,DCF
Bond,Corporate Bond (IG),1,1,0,1,1,0,0,1,High,4.85,Full,2,DCF
Bond,Corporate Bond (IG),1,1,0,1,1,0,0,1,Medium,19.45,Full,2,DCF
Bond,Corporate Bond (IG),1,1,0,1,1,0,0,1,Medium,21.51,Full,1,DCF
Bond,Corporate Bond (IG),1,1,0,1,1,0,0,1,High,8.6,Full,2,DCF
Bond,Corporate Bond (IG),1,1,0,1,1,0,0,1,Medium,24.46,Partial,1,DCF
Bond,Corporate Bond (IG),1,1,0,1,1,0,0,1,Medium,18.62,Partial,1,DCF
Bond,Corporate Bond (IG),1,1,0,1,1,0,0,1,Medium,14.64,Partial,2,DCF
Bond,Corporate Bond (IG),1,1,0,1,1,0,0,1,High,23.25,Partial,1,DCF
Bond,Corporate Bond (IG),1,1,0,1,1,0,0,1,High,4.21,Full,1,DCF
Bond,Corporate Bond (IG),1,1,0,1,1,0,0,1,High,16.38,Full,2,DCF
Bond,Corporate Bond (IG),1,1,0,1,1,0,0,1,Medium,16.82,Partial,1,DCF
Bond,Corporate Bond (IG),1,1,0,1,1,0,0,1,High,15.8,Full,2,DCF
Bond,Corporate Bond (IG),1,1,0,1,1,0,0,1,High,11.48,Full,1,DCF
Bond,Corporate Bond (IG),1,1,0,1,1,0,0,1,Medium,13.3,Full,2,DCF
Bond,Corporate Bond (IG),1,1,0,1,1,0,0,1,High,22.33,Full,1,DCF
Bond,Corporate Bond (IG),1,1,0,1,1,0,0,1,Medium,24.23,Full,2,DCF
Bond,Corporate Bond (IG),1,1,0,1,1,0,0,1,Medium,17.61,Partial,2,DCF
Bond,Corporate Bond (IG),1,1,0,1,1,0,0,1,Medium,28.58,Full,2,DCF
Bond,Corporate Bond (IG),1,1,0,1,1,0,0,1,Medium,6.78,Partial,1,DCF
Bond,Corporate Bond (IG),1,1,0,1,1,0,0,1,High,2.98,Partial,1,DCF
Bond,Corporate Bond (IG),1,1,0,1,1,0,0,1,Medium,10.13,Partial,2,DCF
Bond,Corporate Bond (IG),1,1,0,1,1,0,0,1,High,14.52,Partial,1,DCF
Bond,Corporate Bond (IG),1,1,0,1,1,0,0,1,Medium,9.79,Partial,1,DCF
Bond,Corporate Bond (IG),1,1,0,1,1,0,0,1,Medium,14.82,Partial,1,DCF
Bond,Corporate Bond (IG),1,1,0,1,1,0,0,1,Medium,4.15,Full,1,DCF
Bond,Corporate Bond (IG),1,1,0,1,1,0,0,1,Medium,13.73,Partial,1,DCF
Bond,Corporate Bond (IG),1,1,0,1,1,0,0,1,High,22.24,Full,2,DCF
Bond,Corporate Bond (IG),1,1,0,1,1,0,0,1,High,22.78,Full,1,DCF
Bond,Corporate Bond (IG),1,1,0,1,1,0,0,1,Medium,24.91,Partial,2,DCF
Bond,Corporate Bond (IG),1,1,0,1,1,0,0,1,High,11.87,Partial,1,DCF
Bond,Corporate Bond (IG),1,1,0,1,1,0,0,1,Medium,7.29,Full,2,DCF
Bond,Corporate Bond (IG),1,1,0,1,1,0,0,1,Medium,7.0,Partial,2,DCF
Bond,Corporate Bond (IG),1,1,0,1,1,0,0,1,Medium,5.46,Partial,1,DCF
Bond,Corporate Bond (IG),1,1,0,1,1,0,0,1,High,29.34,Full,1,DCF
Bond,Corporate Bond (IG),1,1,0,1,1,0,0,1,Medium,2.97,Partial,2,DCF
Bond,Corporate Bond (IG),1,1,0,1,1,0,0,1,High,21.67,Partial,1,DCF
Bond,Corporate Bond (IG),1,1,0,1,1,0,0,1,Medium,3.07,Partial,2,DCF
Bond,Corporate Bond (IG),1,1,0,1,1,0,0,1,Medium,3.46,Full,2,DCF
Bond,Corporate Bond (IG),1,1,0,1,1,0,0,1,High,12.73,Full,1,DCF
Bond,Corporate Bond (IG),1,1,0,1,1,0,0,1,High,24.03,Partial,2,DCF
Bond,Corporate Bond (IG),1,1,0,1,1,0,0,1,High,5.22,Full,1,DCF
Bond,Corporate Bond (IG),1,1,0,1,1,0,0,1,High,12.53,Full,1,DCF
Bond,Corporate Bond (IG),1,1,0,1,1,0,0,1,Medium,7.46,Partial,2,DCF
Bond,Corporate Bond (IG),1,1,0,1,1,0,0,1,Medium,4.87,Partial,2,DCF
Bond,Corporate Bond (IG),1,1,0,1,1,0,0,1,Medium,5.14,Full,2,DCF
Bond,Corporate Bond (IG),1,1,0,1,1,0,0,1,High,15.06,Partial,2,DCF
Bond,Corporate Bond (IG),1,1,0,1,1,0,0,1,High,22.73,Full,1,DCF
Bond,Corporate Bond (IG),1,1,0,1,1,0,0,1,Medium,6.71,Partial,2,DCF
Bond,Corporate Bond (IG),1,1,0,1,1,0,0,1,Medium,13.3,Full,1,DCF
Bond,Corporate Bond (IG),1,1,0,1,1,0,0,1,High,18.23,Partial,1,DCF
Bond,Corporate Bond (IG),1,1,0,1,1,0,0,1,High,22.29,Partial,2,DCF
Bond,Corporate Bond (IG),1,1,0,1,1,0,0,1,High,2.91,Full,2,DCF
Bond,Corporate Bond (IG),1,1,0,1,1,0,0,1,High,29.88,Partial,2,DCF
Bond,Corporate Bond (IG),1,1,0,1,1,0,0,1,High,6.33,Partial,2,DCF
Bond,Corporate Bond (IG),1,1,0,1,1,0,0,1,Medium,22.44,Full,2,DCF
Bond,Corporate Bond (IG),1,1,0,1,1,0,0,1,Medium,15.69,Full,1,DCF
Bond,Corporate Bond (IG),1,1,0,1,1,0,0,1,High,17.86,Full,2,DCF
Bond,Corporate Bond (IG),1,1,0,1,1,0,0,1,Medium,3.48,Full,1,DCF
Bond,Corporate Bond (IG),1,1,0,1,1,0,0,1,Medium,12.34,Full,2,DCF
Bond,Corporate Bond (IG),1,1,0,1,1,0,0,1,Medium,16.76,Full,2,DCF
Bond,Corporate Bond (IG),1,1,0,1,1,0,0,1,Medium,18.01,Partial,2,DCF
Bond,Corporate Bond (IG),1,1,0,1,1,0,0,1,High,18.62,Full,2,DCF
Bond,Corporate Bond (IG),1,1,0,1,1,0,0,1,High,5.08,Partial,2,DCF
Bond,Corporate Bond (IG),1,1,0,1,1,0,0,1,Medium,24.48,Partial,2,DCF
Bond,Corporate Bond (IG),1,1,0,1,1,0,0,1,High,4.52,Full,2,DCF
Bond,Corporate Bond (IG),1,1,0,1,1,0,0,1,Medium,21.53,Partial,2,DCF
Bond,Corporate Bond (IG),1,1,0,1,1,0,0,1,Medium,30.0,Full,1,DCF
Bond,Corporate Bond (IG),1,1,0,1,1,0,0,1,Medium,6.36,Full,2,DCF
Bond,Corporate Bond (IG),1,1,0,1,1,0,0,1,Medium,4.62,Full,2,DCF
Bond,Corporate Bond (IG),1,1,0,1,1,0,0,1,Medium,21.69,Full,1,DCF
Bond,Corporate Bond (IG),1,1,0,1,1,0,0,1,Medium,16.61,Partial,1,DCF
Bond,Corporate Bond (IG),1,1,0,1,1,0,0,1,Medium,28.54,Partial,1,DCF
Bond,Corporate Bond (IG),1,1,0,1,1,0,0,1,Medium,10.84,Partial,2,DCF
Bond,Corporate Bond (IG),1,1,0,1,1,0,0,1,Medium,15.9,Full,1,DCF
Bond,Corporate Bond (IG),1,1,0,1,1,0,0,1,Medium,8.82,Partial,1,DCF
Bond,Corporate Bond (IG),1,1,0,1,1,0,0,1,High,24.49,Partial,2,DCF
Bond,Corporate Bond (IG),1,1,0,1,1,0,0,1,High,17.84,Partial,1,DCF
Bond,Corporate Bond (IG),1,1,0,1,1,0,0,1,High,24.36,Full,2,DCF
Bond,Corporate Bond (IG),1,1,0,1,1,0,0,1,Medium,24.66,Full,2,DCF
Bond,Corporate Bond (IG),1,1,0,1,1,0,0,1,High,19.59,Partial,2,DCF
Bond,Corporate Bond (IG),1,1,0,1,1,0,0,1,Medium,3.97,Partial,2,DCF
Bond,Corporate Bond (IG),1,1,0,1,1,0,0,1,High,18.2,Partial,1,DCF
Bond,Corporate Bond (IG),1,1,0,1,1,0,0,1,High,16.03,Full,2,DCF
Bond,Corporate Bond (IG),1,1,0,1,1,0,0,1,Medium,25.61,Partial,2,DCF
Bond,Corporate Bond (IG),1,1,0,1,1,0,0,1,High,13.75,Full,1,DCF
Bond,Corporate Bond (IG),1,1,0,1,1,0,0,1,High,27.75,Partial,2,DCF
Bond,Corporate Bond (IG),1,1,0,1,1,0,0,1,Medium,22.42,Full,2,DCF
Bond,Corporate Bond (IG),1,1,0,1,1,0,0,1,High,18.99,Partial,1,DCF
Bond,Corporate Bond (IG),1,1,0,1,1,0,0,1,Medium,2.3,Partial,2,DCF
Bond,Corporate Bond (IG),1,1,0,1,1,0,0,1,High,14.99,Full,1,DCF
Bond,Corporate Bond (IG),1,1,0,1,1,0,0,1,Medium,11.18,Partial,1,DCF
Bond,Corporate Bond (IG),1,1,0,1,1,0,0,1,Medium,17.4,Full,2,DCF
Bond,Corporate Bond (IG),1,1,0,1,1,0,0,1,High,20.85,Partial,1,DCF
Bond,Corporate Bond (IG),1,1,0,1,1,0,0,1,Medium,5.37,Partial,2,DCF
Bond,Corporate Bond (IG),1,1,0,1,1,0,0,1,High,7.34,Partial,1,DCF
Bond,Corporate Bond (IG),1,1,0,1,1,0,0,1,Medium,16.02,Partial,2,DCF
Bond,Corporate Bond (IG),1,1,0,1,1,0,0,1,High,11.55,Partial,1,DCF
Bond,Corporate Bond (IG),1,1,0,1,1,0,0,1,High,11.8,Full,1,DCF
Bond,Corporate Bond (IG),1,1,0,1,1,0,0,1,Medium,14.68,Partial,2,DCF
Bond,Corporate Bond (IG),1,1,0,1,1,0,0,1,Medium,20.28,Full,2,DCF
Bond,Corporate Bond (IG),1,1,0,1,1,0,0,1,Medium,18.99,Partial,2,DCF
Bond,Corporate Bond (IG),1,1,0,1,1,0,0,1,High,25.15,Full,2,DCF
Bond,Corporate Bond (IG),1,1,0,1,1,0,0,1,High,3.75,Partial,1,DCF
Bond,Corporate Bond (IG),1,1,0,1,1,0,0,1,Medium,17.93,Full,1,DCF
Bond,Corporate Bond (IG),1,1,0,1,1,0,0,1,Medium,16.99,Partial,2,DCF
Bond,Corporate Bond (IG),1,1,0,1,1,0,0,1,High,6.0,Full,2,DCF
Bond,Corporate Bond (IG),1,1,0,1,1,0,0,1,High,22.1,Partial,2,DCF
Bond,Corporate Bond (IG),1,1,0,1,1,0,0,1,Medium,26.68,Partial,2,DCF
Bond,Corporate Bond (IG),1,1,0,1,1,0,0,1,High,21.66,Partial,2,DCF
Bond,Corporate Bond (IG),1,1,0,1,1,0,0,1,Medium,23.92,Partial,1,DCF
Bond,Corporate Bond (IG),1,1,0,1,1,0,0,1,High,19.67,Partial,2,DCF
Bond,Corporate Bond (IG),1,1,0,1,1,0,0,1,Medium,14.41,Full,2,DCF
Bond,Corporate Bond (IG),1,1,0,1,1,0,0,1,Medium,12.16,Full,2,DCF
Bond,Corporate Bond (IG),1,1,0,1,1,0,0,1,High,12.13,Full,2,DCF
Bond,Corporate Bond (IG),1,1,0,1,1,0,0,1,Medium,22.4,Full,1,DCF
Bond,Corporate Bond (IG),1,1,0,1,1,0,0,1,High,28.14,Full,1,DCF
Bond,Corporate Bond (IG),1,1,0,1,1,0,0,1,High,10.81,Full,2,DCF
Bond,Corporate Bond (IG),1,1,0,1,1,0,0,1,Medium,19.31,Full,1,DCF
Bond,Corporate Bond (IG),1,1,0,1,1,0,0,1,High,4.15,Full,2,DCF
Bond,Corporate Bond (IG),1,1,0,1,1,0,0,1,Medium,7.41,Full,1,DCF
Bond,Corporate Bond (IG),1,1,0,1,1,0,0,1,High,21.11,Partial,1,DCF
Bond,Corporate Bond (IG),1,1,0,1,1,0,0,1,High,3.05,Full,2,DCF
Bond,Corporate Bond (IG),1,1,0,1,1,0,0,1,Medium,9.48,Full,2,DCF
Bond,Corporate Bond (IG),1,1,0,1,1,0,0,1,Medium,22.85,Partial,1,DCF
Bond,Government Bond,1,1,0,1,0,0,0,1,Medium,23.35,Full,2,DCF
Bond,Government Bond,1,1,0,1,0,0,0,1,Medium,8.93,Full,2,DCF
Bond,Government Bond,1,1,0,1,0,0,0,1,High,19.79,Full,2,DCF
Bond,Government Bond,1,1,0,1,0,0,0,1,Medium,4.05,Partial,1,DCF
Bond,Government Bond,1,1,0,1,0,0,0,1,High,21.54,Partial,1,DCF
Bond,Government Bond,1,1,0,1,0,0,0,1,Medium,2.21,Partial,1,DCF
Bond,Government Bond,1,1,0,1,0,0,0,1,Medium,6.17,Full,2,DCF
Bond,Government Bond,1,1,0,1,0,0,0,1,Medium,29.12,Partial,1,DCF
Bond,Government Bond,1,1,0,1,0,0,0,1,High,27.75,Full,1,DCF
Bond,Government Bond,1,1,0,1,0,0,0,1,High,3.82,Partial,2,DCF
Bond,Government Bond,1,1,0,1,0,0,0,1,High,17.16,Full,1,DCF
Bond,Government Bond,1,1,0,1,0,0,0,1,Medium,18.3,Full,1,DCF
Bond,Government Bond,1,1,0,1,0,0,0,1,High,16.1,Full,2,DCF
Bond,Government Bond,1,1,0,1,0,0,0,1,Medium,20.59,Full,1,DCF
Bond,Government Bond,1,1,0,1,0,0,0,1,Medium,18.98,Partial,1,DCF
Bond,Government Bond,1,1,0,1,0,0,0,1,High,3.1,Full,1,DCF
Bond,Government Bond,1,1,0,1,0,0,0,1,High,28.54,Partial,1,DCF
Bond,Government Bond,1,1,0,1,0,0,0,1,Medium,18.81,Partial,1,DCF
Bond,Government Bond,1,1,0,1,0,0,0,1,High,20.08,Full,1,DCF
Bond,Government Bond,1,1,0,1,0,0,0,1,High,19.6,Full,2,DCF
Bond,Government Bond,1,1,0,1,0,0,0,1,High,9.45,Full,2,DCF
Bond,Government Bond,1,1,0,1,0,0,0,1,Medium,4.47,Full,2,DCF
Bond,Government Bond,1,1,0,1,0,0,0,1,High,19.75,Full,2,DCF
Bond,Government Bond,1,1,0,1,0,0,0,1,Medium,9.78,Partial,1,DCF
Bond,Government Bond,1,1,0,1,0,0,0,1,Medium,14.42,Partial,2,DCF
Bond,Government Bond,1,1,0,1,0,0,0,1,High,21.16,Full,2,DCF
Bond,Government Bond,1,1,0,1,0,0,0,1,High,18.33,Partial,1,DCF
Bond,Government Bond,1,1,0,1,0,0,0,1,Medium,26.88,Partial,2,DCF
Bond,Government Bond,1,1,0,1,0,0,0,1,Medium,13.58,Full,1,DCF
Bond,Government Bond,1,1,0,1,0,0,0,1,Medium,3.34,Partial,2,DCF
Bond,Government Bond,1,1,0,1,0,0,0,1,Medium,7.31,Full,1,DCF
Bond,Government Bond,1,1,0,1,0,0,0,1,High,13.89,Partial,2,DCF
Bond,Government Bond,1,1,0,1,0,0,0,1,High,22.59,Full,2,DCF
Bond,Government Bond,1,1,0,1,0,0,0,1,Medium,29.67,Full,2,DCF
Bond,Government Bond,1,1,0,1,0,0,0,1,High,11.42,Partial,2,DCF
Bond,Government Bond,1,1,0,1,0,0,0,1,High,6.39,Partial,2,DCF
Bond,Government Bond,1,1,0,1,0,0,0,1,Medium,23.96,Partial,2,DCF
Bond,Government Bond,1,1,0,1,0,0,0,1,Medium,22.2,Full,2,DCF
Bond,Government Bond,1,1,0,1,0,0,0,1,Medium,15.74,Full,2,DCF
Bond,Government Bond,1,1,0,1,0,0,0,1,Medium,17.74,Full,1,DCF
Bond,Government Bond,1,1,0,1,0,0,0,1,High,28.72,Full,2,DCF
Bond,Government Bond,1,1,0,1,0,0,0,1,Medium,9.53,Partial,2,DCF
Bond,Government Bond,1,1,0,1,0,0,0,1,High,20.39,Partial,1,DCF
Bond,Government Bond,1,1,0,1,0,0,0,1,High,17.1,Full,2,DCF
Bond,Government Bond,1,1,0,1,0,0,0,1,Medium,14.07,Full,2,DCF
Bond,Government Bond,1,1,0,1,0,0,0,1,Medium,25.55,Full,2,DCF
Bond,Government Bond,1,1,0,1,0,0,0,1,High,2.92,Full,2,DCF
Bond,Government Bond,1,1,0,1,0,0,0,1,Medium,7.35,Full,1,DCF
Bond,Government Bond,1,1,0,1,0,0,0,1,High,8.45,Partial,2,DCF
Bond,Government Bond,1,1,0,1,0,0,0,1,High,9.43,Partial,2,DCF
Bond,Government Bond,1,1,0,1,0,0,0,1,High,28.55,Full,2,DCF
Bond,Government Bond,1,1,0,1,0,0,0,1,Medium,3.55,Partial,1,DCF
Bond,Government Bond,1,1,0,1,0,0,0,1,High,9.32,Full,2,DCF
Bond,Government Bond,1,1,0,1,0,0,0,1,High,20.42,Partial,1,DCF
Bond,Government Bond,1,1,0,1,0,0,0,1,Medium,24.3,Full,2,DCF
Bond,Government Bond,1,1,0,1,0,0,0,1,High,27.89,Full,1,DCF
Bond,Government Bond,1,1,0,1,0,0,0,1,Medium,17.12,Partial,1,DCF
Bond,Government Bond,1,1,0,1,0,0,0,1,Medium,18.59,Partial,1,DCF
Bond,Government Bond,1,1,0,1,0,0,0,1,High,13.36,Full,2,DCF
Bond,Government Bond,1,1,0,1,0,0,0,1,Medium,15.76,Partial,2,DCF
Bond,Government Bond,1,1,0,1,0,0,0,1,Medium,25.43,Partial,1,DCF
Bond,Government Bond,1,1,0,1,0,0,0,1,High,18.91,Partial,1,DCF
Bond,Government Bond,1,1,0,1,0,0,0,1,Medium,8.67,Full,2,DCF
Bond,Government Bond,1,1,0,1,0,0,0,1,High,5.66,Partial,1,DCF
Bond,Government Bond,1,1,0,1,0,0,0,1,High,6.07,Partial,1,DCF
Bond,Government Bond,1,1,0,1,0,0,0,1,High,7.63,Full,1,DCF
Bond,Government Bond,1,1,0,1,0,0,0,1,Medium,25.55,Full,2,DCF
Bond,Government Bond,1,1,0,1,0,0,0,1,High,24.61,Partial,2,DCF
Bond,Government Bond,1,1,0,1,0,0,0,1,High,9.82,Full,2,DCF
Bond,Government Bond,1,1,0,1,0,0,0,1,High,3.47,Partial,1,DCF
Bond,Government Bond,1,1,0,1,0,0,0,1,Medium,2.85,Full,1,DCF
Bond,Government Bond,1,1,0,1,0,0,0,1,High,8.52,Full,1,DCF
Bond,Government Bond,1,1,0,1,0,0,0,1,Medium,7.86,Full,1,DCF
Bond,Government Bond,1,1,0,1,0,0,0,1,Medium,8.32,Full,1,DCF
Bond,Government Bond,1,1,0,1,0,0,0,1,Medium,28.87,Full,1,DCF
Bond,Government Bond,1,1,0,1,0,0,0,1,High,29.96,Partial,2,DCF
Bond,Government Bond,1,1,0,1,0,0,0,1,High,4.24,Partial,1,DCF
Bond,Government Bond,1,1,0,1,0,0,0,1,High,17.53,Partial,1,DCF
Bond,Government Bond,1,1,0,1,0,0,0,1,Medium,11.13,Partial,1,DCF
Bond,Government Bond,1,1,0,1,0,0,0,1,High,9.01,Partial,1,DCF
Bond,Government Bond,1,1,0,1,0,0,0,1,High,3.72,Partial,1,DCF
Bond,Government Bond,1,1,0,1,0,0,0,1,Medium,7.28,Full,1,DCF
Bond,Government Bond,1,1,0,1,0,0,0,1,High,11.42,Partial,1,DCF
Bond,Government Bond,1,1,0,1,0,0,0,1,High,4.41,Full,1,DCF
Bond,Government Bond,1,1,0,1,0,0,0,1,High,8.74,Partial,2,DCF
Bond,Government Bond,1,1,0,1,0,0,0,1,High,11.35,Full,1,DCF
Bond,Government Bond,1,1,0,1,0,0,0,1,Medium,10.25,Full,2,DCF
Bond,Government Bond,1,1,0,1,0,0,0,1,High,21.96,Full,1,DCF
Bond,Government Bond,1,1,0,1,0,0,0,1,High,2.04,Partial,1,DCF
Bond,Government Bond,1,1,0,1,0,0,0,1,Medium,8.72,Partial,1,DCF
Bond,Government Bond,1,1,0,1,0,0,0,1,High,13.29,Partial,1,DCF
Bond,Government Bond,1,1,0,1,0,0,0,1,Medium,11.97,Partial,1,DCF
Bond,Government Bond,1,1,0,1,0,0,0,1,High,20.37,Full,1,DCF
Bond,Government Bond,1,1,0,1,0,0,0,1,Medium,17.74,Partial,1,DCF
Bond,Government Bond,1,1,0,1,0,0,0,1,Medium,6.74,Full,1,DCF
Bond,Government Bond,1,1,0,1,0,0,0,1,Medium,21.79,Partial,2,DCF
Bond,Government Bond,1,1,0,1,0,0,0,1,Medium,12.53,Partial,2,DCF
Bond,Government Bond,1,1,0,1,0,0,0,1,High,26.69,Full,2,DCF
Bond,Government Bond,1,1,0,1,0,0,0,1,High,26.47,Partial,2,DCF
