figi,name,ticker,security_type,security_type2,market_sector,exchange,search_category,search_source
BBG000B9XRY4,APPLE INC,AAPL,Common Stock,Common Stock,Equity,US,Equity,mapping
BBG000BPH459,MICROSOFT CORP,MSFT,Common Stock,Common Stock,Equity,US,Equity,mapping
BBG009S39JX6,ALPHABET INC-CL A,GOOGL,Common Stock,Common Stock,Equity,US,Equity,mapping
BBG000BVPV84,AMAZON.COM INC,AMZN,Common Stock,Common Stock,Equity,US,Equity,mapping
BBG000BBJQV0,NVIDIA CORP,NVDA,Common Stock,Common Stock,Equity,US,Equity,mapping
BBG000MM2P62,META PLATFORMS INC-CLASS A,META,Common Stock,Common Stock,Equity,US,Equity,mapping
BBG000N9MNX3,TESLA INC,TSLA,Common Stock,Common Stock,Equity,US,Equity,mapping
BBG000DMBXR2,JPMORGAN CHASE & CO,JPM,Common Stock,Common Stock,Equity,US,Equity,mapping
BBG000BCTLF6,BANK OF AMERICA CORP,BAC,Common Stock,Common Stock,Equity,US,Equity,mapping
BBG000C6CFJ5,GOLDMAN SACHS GROUP INC,GS,Common Stock,Common Stock,Equity,US,Equity,mapping
BBG000BMHYD1,JOHNSON & JOHNSON,JNJ,Common Stock,Common Stock,Equity,US,Equity,mapping
BBG000BR2B91,PFIZER INC,PFE,Common Stock,Common Stock,Equity,US,Equity,mapping
BBG000BWXBC2,WALMART INC,WMT,Common Stock,Common Stock,Equity,US,Equity,mapping
BBG000BMX289,COCA-COLA CO/THE,KO,Common Stock,Common Stock,Equity,US,Equity,mapping
BBG00142Y402,NZD-USD T. SPREAD  10 YR,NDUSTS10,TREASURY BILL,TREASURY BILL,Curncy,,Bond,search
BBG00142Y3V0,NZD-USD T. SPREAD   3 YR,NDUSTS3,TREASURY BILL,TREASURY BILL,Curncy,,Bond,search
BBG0006QV5H1,TREASURY BANK,BAC 5.75 12/27/24 CD,US DOMESTIC,Corp,Corp,NOT LISTED,Bond,search
BBG0006S08S3,TREASURY BANK,BAC 2.35 08/05/05 CD,US DOMESTIC,Corp,Corp,,Bond,search
BBG000DF8RZ5,TREASURY BILL,B 0 07/18/02,US GOVERNMENT,Bill,Govt,,Bond,search
BBG000DHR3K9,TREASURY BILL,B 0 12/30/04,US GOVERNMENT,Bill,Govt,,Bond,search
BBG000DMC182,TREASURY BILL,B 0 09/18/97,US GOVERNMENT,Bill,Govt,,Bond,search
BBG000DMSPP3,TREASURY BILL,B 0 04/05/07,US GOVERNMENT,Bill,Govt,,Bond,search
BBG000DPT579,TREASURY BILL,B 0 08/23/01,US GOVERNMENT,Bill,Govt,,Bond,search
BBG000DPXSV7,TREASURY BILL,B 0 04/21/05,US GOVERNMENT,Bill,Govt,,Bond,search
BBG000DQQFC2,TREASURY BILL,B 0 05/19/05,US GOVERNMENT,Bill,Govt,,Bond,search
BBG000DR2CT5,TREASURY BILL,B 0 10/17/02,US GOVERNMENT,Bill,Govt,,Bond,search
BBG000DRSY73,TREASURY BILL,B 0 08/21/97,US GOVERNMENT,Bill,Govt,,Bond,search
BBG000DRZZZ1,TREASURY BILL,B 0 06/30/05,US GOVERNMENT,Bill,Govt,,Bond,search
BBG000DV7NJ8,TREASURY BILL,B 0 07/23/09,US GOVERNMENT,Bill,Govt,,Bond,search
BBG000DVGMW5,TREASURY BILL,B 0 10/31/02,US GOVERNMENT,Bill,Govt,,Bond,search
BBG000DVYQS1,TREASURY BILL,B 0 09/27/07,US GOVERNMENT,Bill,Govt,,Bond,search
BBG000DW1ST0,TREASURY BILL,B 0 10/11/07,US GOVERNMENT,Bill,Govt,,Bond,search
BBG000DW4C94,TREASURY BILL,B 0 11/07/02,US GOVERNMENT,Bill,Govt,,Bond,search
BBG000DX1484,TREASURY BILL,B 0 11/08/07,US GOVERNMENT,Bill,Govt,,Bond,search
BBG000DZ8P67,TREASURY BILL,B 0 09/22/05,US GOVERNMENT,Bill,Govt,,Bond,search
BBG000DZFZP6,TREASURY BILL,B 0 05/03/01,US GOVERNMENT,Bill,Govt,,Bond,search
BBG000F1WMB4,TREASURY BILL,B 0 04/10/08,US GOVERNMENT,Bill,Govt,,Bond,search
BBG000F2FF17,TREASURY BILL,B 0 07/12/01,US GOVERNMENT,Bill,Govt,,Bond,search
BBG000F322Q1,TREASURY BILL,B 0 07/19/01,US GOVERNMENT,Bill,Govt,,Bond,search
BBG000F36722,TREASURY BILL,B 0 04/29/04,US GOVERNMENT,Bill,Govt,,Bond,search
BBG000F3J9S6,TREASURY BILL,B 0 05/07/98,US GOVERNMENT,Bill,Govt,,Bond,search
BBG000F3Z105,TREASURY BILL,B 0 08/02/01,US GOVERNMENT,Bill,Govt,,Bond,search
BBG000F5L8H2,TREASURY BILL,B 0 12/12/02,US GOVERNMENT,Bill,Govt,,Bond,search
BBG000F5VQW4,TREASURY BILL,B 0 12/19/02,US GOVERNMENT,Bill,Govt,,Bond,search
BBG000F86785,TREASURY BILL,B 0 02/09/06,US GOVERNMENT,Bill,Govt,,Bond,search
BBG000F96BM8,TREASURY BILL,B 0 09/04/08,US GOVERNMENT,Bill,Govt,,Bond,search
BBG000FB3C53,TREASURY BILL,B 0 03/30/06,US GOVERNMENT,Bill,Govt,,Bond,search
BBG000FBTXV0,TREASURY BILL,B 0 11/27/98,US GOVERNMENT,Bill,Govt,,Bond,search
BBG000FBY0R1,TREASURY BILL,B 0 12/03/98,US GOVERNMENT,Bill,Govt,,Bond,search
BBG000FCBGZ0,TREASURY BILL,B 0 04/20/06,US GOVERNMENT,Bill,Govt,,Bond,search
BBG000FCLV04,TREASURY BILL,B 0 05/25/06,US GOVERNMENT,Bill,Govt,,Bond,search
BBG000FCZC38,TREASURY BILL,B 0 01/23/03,US GOVERNMENT,Bill,Govt,,Bond,search
BBG000FF9FS6,TREASURY BILL,B 0 09/16/04,US GOVERNMENT,Bill,Govt,,Bond,search
BBG000FG7RK8,TREASURY BILL,B 0 06/04/09,US GOVERNMENT,Bill,Govt,,Bond,search
BBG000FGMC06,TREASURY BILL,B 0 12/26/08,US GOVERNMENT,Bill,Govt,,Bond,search
BBG000FGNRL9,TREASURY BILL,B 0 07/02/09,US GOVERNMENT,Bill,Govt,,Bond,search
BBG000FGWXQ1,TREASURY BILL,B 0 07/30/09,US GOVERNMENT,Bill,Govt,,Bond,search
BBG000FJ5782,TREASURY BILL,B 0 05/14/09,US GOVERNMENT,Bill,Govt,,Bond,search
BBG000FJ7WX7,TREASURY BILL,B 0 06/18/09,US GOVERNMENT,Bill,Govt,,Bond,search
BBG000FJL4Q1,TREASURY BILL,B 0 01/10/02,US GOVERNMENT,Bill,Govt,,Bond,search
BBG000FK0K67,TREASURY BILL,B 0 08/06/09,US GOVERNMENT,Bill,Govt,,Bond,search
BBG000FKD6G3,TREASURY BILL,B 0 08/20/09,US GOVERNMENT,Bill,Govt,,Bond,search
BBG000FKFQG7,TREASURY BILL,B 0 04/04/02,US GOVERNMENT,Bill,Govt,,Bond,search
BBG000FKJN70,TREASURY BILL,B 0 03/11/10,US GOVERNMENT,Bill,Govt,,Bond,search
BBG000FM9PY2,TREASURY BILL,B 0 08/12/99,US GOVERNMENT,Bill,Govt,,Bond,search
BBG000FMK0M7,TREASURY BILL,B 0 09/07/06,US GOVERNMENT,Bill,Govt,,Bond,search
BBG000FMSQG9,TREASURY BILL,B 0 05/06/10,US GOVERNMENT,Bill,Govt,,Bond,search
BBG000FNFPP3,TREASURY BILL,B 0 12/03/09,US GOVERNMENT,Bill,Govt,,Bond,search
BBG000FPKCJ8,TREASURY BILL,B 0 02/25/10,US GOVERNMENT,Bill,Govt,,Bond,search
BBG000FPRCY4,TREASURY BILL,B 0 10/07/99,US GOVERNMENT,Bill,Govt,,Bond,search
BBG000FR0D59,TREASURY BILL,B 0 04/29/10,US GOVERNMENT,Bill,Govt,,Bond,search
BBG000FSGDM1,TREASURY BILL,B 0 07/05/02,US GOVERNMENT,Bill,Govt,,Bond,search
BBG000FTH6Z9,TREASURY BILL,B 0 09/16/10,US GOVERNMENT,Bill,Govt,,Bond,search
BBG000FTH9F5,TREASURY BILL,B 0 09/02/10,US GOVERNMENT,Bill,Govt,,Bond,search
BBG000FTRZ57,TREASURY BILL,B 0 04/07/11,US GOVERNMENT,Bill,Govt,,Bond,search
BBG000FVJJY5,TREASURY BILL,B 0 12/09/10,US GOVERNMENT,Bill,Govt,,Bond,search
BBG000FW5MY1,TREASURY BILL,B 0 02/17/00,US GOVERNMENT,Bill,Govt,,Bond,search
BBG000FWRG25,TREASURY BILL,B 0 04/24/03,US GOVERNMENT,Bill,Govt,,Bond,search
BBG000FWVMK7,TREASURY BILL,B 0 05/08/03,US GOVERNMENT,Bill,Govt,,Bond,search
BBG000FY1XL1,TREASURY BILL,B 0 07/06/00,US GOVERNMENT,Bill,Govt,,Bond,search
BBG000FYRFR6,TREASURY BILL,B 0 08/14/03,US GOVERNMENT,Bill,Govt,,Bond,search
BBG000FYZXZ9,TREASURY BILL,B 0 03/01/01,US GOVERNMENT,Bill,Govt,,Bond,search
BBG000MNNL84,TREASURY BANK,BAC 1.75 05/16/05 CD,US DOMESTIC,Corp,Corp,,Bond,search
BBG001DCP7D9,TREASURY BILL,B 0 07/21/11,US GOVERNMENT,Bill,Govt,,Bond,search
BBG001KNN2R5,TREASURY BILL,B 0 09/15/11,US GOVERNMENT,Bill,Govt,,Bond,search
BBG001LPTWQ8,TREASURY BILL,B 0 09/29/11,US GOVERNMENT,Bill,Govt,,Bond,search
BBG001NVHMW1,TREASURY BILL,B 0 05/03/12,US GOVERNMENT,Bill,Govt,,Bond,search
BBG0029P4RJ6,TREASURY BILL,B 0 06/07/12,US GOVERNMENT,Bill,Govt,,Bond,search
BBG002B24V41,TREASURY BILL,B 0 12/13/12,US GOVERNMENT,Bill,Govt,,Bond,search
BBG002YS6G86,TREASURY BILL,B 0 11/08/12,US GOVERNMENT,Bill,Govt,,Bond,search
BBG0035M9HF6,TREASURY BILL,B 0 01/03/13,US GOVERNMENT,Bill,Govt,,Bond,search
BBG003PMKW40,TREASURY BILL,B 0 12/12/13,US GOVERNMENT,Bill,Govt,,Bond,search
BBG004YZM2B5,TREASURY BILL,B 0 02/13/14,US GOVERNMENT,Bill,Govt,,Bond,search
BBG005SSGGL0,TREASURY BILL,B 0 07/10/14,US GOVERNMENT,Bill,Govt,,Bond,search
BBG006420VQ0,TREASURY BILL,B 0 09/11/14,US GOVERNMENT,Bill,Govt,,Bond,search
BBG006TLJN61,TREASURY BILL,B 0 07/23/15,US GOVERNMENT,Bill,Govt,,Bond,search
BBG0073Y01S3,TREASURY BILL,B 0 03/19/15,US GOVERNMENT,Bill,Govt,,Bond,search
BBG007T9F505,TREASURY BILL,B 0 07/02/15,US GOVERNMENT,Bill,Govt,,Bond,search
BBG00FHRZ571,TREASURY BILL,B 0 06/15/17,US GOVERNMENT,Bill,Govt,BERLIN,Bond,search
BBG00FP2LWT9,TREASURY BILL,B 0 07/06/17,US GOVERNMENT,Bill,Govt,,Bond,search
BBG00GGLPXW5,TREASURY BILL,B 0 10/19/17,US GOVERNMENT,Bill,Govt,,Bond,search
BBG00HFFH6B8,TREASURY BILL,B 0 02/15/18,US GOVERNMENT,Bill,Govt,BERLIN,Bond,search
BBG00HG6J3H6,TREASURY BILL,B 0 02/22/18,US GOVERNMENT,Bill,Govt,,Bond,search
BBG00JWP4VM0,TREASURY BILL,B 0 08/02/18,US GOVERNMENT,Bill,Govt,BERLIN,Bond,search
BBG00KSNTMR5,TREASURY BILL,B 0 11/01/18,US GOVERNMENT,Bill,Govt,BERLIN,Bond,search
BBG00L0ZXY22,TREASURY BILL,B 0 11/29/18,US GOVERNMENT,Bill,Govt,,Bond,search
BBG00MVK90P5,TREASURY BILL,B 0 06/27/19,US GOVERNMENT,Bill,Govt,,Bond,search
BBG00N5HN3C1,TREASURY BILL,B 0 03/26/19,US GOVERNMENT,Bill,Govt,,Bond,search
BBG00N6H7GB0,TREASURY BILL,B 0 08/01/19,US GOVERNMENT,Bill,Govt,,Bond,search
BBG00NGJWPV5,TREASURY BILL,B 0 04/30/19,US GOVERNMENT,Bill,Govt,,Bond,search
BBG00NHKPXG9,TREASURY BILL,B 0 09/05/19,US GOVERNMENT,Bill,Govt,,Bond,search
BBG00NPJ19Q1,TREASURY BILL,B 0 03/26/20,US GOVERNMENT,Bill,Govt,BERLIN,Bond,search
BBG00NPJ1DB8,TREASURY BILL,B 0 09/26/19,US GOVERNMENT,Bill,Govt,,Bond,search
BBG00P9B6TB8,TREASURY BILL,B 0 07/30/19,US GOVERNMENT,Bill,Govt,,Bond,search
BBG00PBSXVR6,France Oat Area,OTFNAREA,Index,Index,Index,,Bond,search
BBG00PBSXVV1,France Oat Production,OTFNPRD,Index,Index,Index,,Bond,search
BBG00PBSXVT4,France Oat Yield,OTFNYLD,Index,Index,Index,,Bond,search
BBG0000H3Y21,FRANCE OAT FUNGIBLE STRP,FRTRD 0 10/25/27 NC,EURO-ZONE,Govt,Govt,EURONEXT-PARIS,Bond,search
BBG0000JSVH0,FRANCE OAT FUNGIBLE STRP,FRTRD 0 04/25/32 NC,EURO-ZONE,Govt,Govt,EURONEXT-PARIS,Bond,search
BBG0000JTS77,FRANCE OAT FUNGIBLE STRP,FRTRD 0 04/25/34 NC,EURO-ZONE,Govt,Govt,EURONEXT-PARIS,Bond,search
BBG0000KRBW5,FRANCE OAT FUNGIBLE STRP,FRTRD 0 10/25/37 NC,EURO-ZONE,Govt,Govt,EURONEXT-PARIS,Bond,search
BBG0000L01B7,FRANCE OAT FUNGIBLE STRP,FRTRD 0 04/25/45 NC,EURO-ZONE,Govt,Govt,EURONEXT-PARIS,Bond,search
BBG0000L1C31,FRANCE OAT FUNGIBLE STRP,FRTRD 0 04/25/47 NC,EURO-ZONE,Govt,Govt,EURONEXT-PARIS,Bond,search
BBG004DH2FM9,FRANCE OAT FUNGIBLE STRP,FRTRD 0 05/25/36 CAC,EURO-ZONE,Govt,Govt,EURONEXT-PARIS,Bond,search
BBG004DH42H2,FRANCE OAT FUNGIBLE STRP,FRTRD 0 05/25/41 CAC,EURO-ZONE,Govt,Govt,EURONEXT-PARIS,Bond,search
BBG00BN52PL7,FRANCE OAT FUNGIBLE STRP,FRTRD 0 02/25/18,EURO-ZONE,Govt,Govt,EURONEXT-PARIS,Bond,search
BBG00CP2WST3,FRANCE OAT FUNGIBLE STRP,FRTRD 0 05/25/61 CAC,EURO-ZONE,Govt,Govt,EURONEXT-PARIS,Bond,search
BBG00J3MBTF4,FRANCE OAT FUNGIBLE STRP,FRTRD 0 06/25/20,EURO-ZONE,Govt,Govt,EURONEXT-PARIS,Bond,search
BBG00J3MCGZ9,FRANCE OAT FUNGIBLE STRP,FRTRD 0 06/25/24,EURO-ZONE,Govt,Govt,EURONEXT-PARIS,Bond,search
BBG00PB8VK32,France Oat Ending Stock,OTFNEND,Index,Index,Index,,Bond,search
BBG01NPN4L63,FRANCE OAT FUNGIBLE STRP,FRTRD 0 06/25/44 CAC,EURO-ZONE,Govt,Govt,EURONEXT-PARIS,Bond,search
BBG0000FTJB0,FRANCE OAT FUNGIBLE STRP,FRTRD 0 04/25/16,EURO-ZONE,Govt,Govt,MTS FRANCE,Bond,search
BBG0000FWVN6,FRANCE OAT FUNGIBLE STRP,FRTRD 0 10/25/16,EURO-ZONE,Govt,Govt,EURONEXT-PARIS,Bond,search
BBG0000G6ZD5,FRANCE OAT FUNGIBLE STRP,FRTRD 0 10/25/24,EURO-ZONE,Govt,Govt,EURONEXT-PARIS,Bond,search
BBG0000H2GH5,FRANCE OAT FUNGIBLE STRP,FRTRD 0 04/25/28 NC,EURO-ZONE,Govt,Govt,EURONEXT-PARIS,Bond,search
BBG0000H9FK6,FRANCE OAT FUNGIBLE STRP,FRTRD 0 10/25/31 NC,EURO-ZONE,Govt,Govt,EURONEXT-PARIS,Bond,search
BBG0000JTRV2,FRANCE OAT FUNGIBLE STRP,FRTRD 0 04/25/33 NC,EURO-ZONE,Govt,Govt,EURONEXT-PARIS,Bond,search
BBG0000PS422,FRANCE OAT FUNGIBLE STRP,FRTRD 0 04/25/29 NC,EURO-ZONE,Govt,Govt,EURONEXT-PARIS,Bond,search
BBG004DGMRP0,FRANCE OAT FUNGIBLE STRP,FRTRD 0 05/25/23,EURO-ZONE,Govt,Govt,EURONEXT-PARIS,Bond,search
BBG004DGN782,FRANCE OAT FUNGIBLE STRP,FRTRD 0 05/25/29 CAC,EURO-ZONE,Govt,Govt,EURONEXT-PARIS,Bond,search
BBG00CP2WKN6,FRANCE OAT FUNGIBLE STRP,FRTRD 0 05/25/47 CAC,EURO-ZONE,Govt,Govt,EURONEXT-PARIS,Bond,search
BBG00CP2WL09,FRANCE OAT FUNGIBLE STRP,FRTRD 0 05/25/48 CAC,EURO-ZONE,Govt,Govt,EURONEXT-PARIS,Bond,search
BBG00CP2WN41,FRANCE OAT FUNGIBLE STRP,FRTRD 0 05/25/54 CAC,EURO-ZONE,Govt,Govt,EURONEXT-PARIS,Bond,search
BBG00CP2WQN3,FRANCE OAT FUNGIBLE STRP,FRTRD 0 05/25/59 CAC,EURO-ZONE,Govt,Govt,EURONEXT-PARIS,Bond,search
BBG00CP2XJX7,FRANCE OAT FUNGIBLE STRP,FRTRD 0 05/25/66 CAC,EURO-ZONE,Govt,Govt,EURONEXT-PARIS,Bond,search
BBG00F9TW2L0,FRANCE OAT FUNGIBLE STRP,FRTRD 0 02/25/19 CAC,EURO-ZONE,Govt,Govt,EURONEXT-PARIS,Bond,search
BBG00J3MCVB2,FRANCE OAT FUNGIBLE STRP,FRTRD 0 06/25/27 CAC,EURO-ZONE,Govt,Govt,EURONEXT-PARIS,Bond,search
BBG00J3MCZH7,FRANCE OAT FUNGIBLE STRP,FRTRD 0 06/25/30 CAC,EURO-ZONE,Govt,Govt,EURONEXT-PARIS,Bond,search
BBG00J3MDPD2,FRANCE OAT FUNGIBLE STRP,FRTRD 0 06/25/35 CAC,EURO-ZONE,Govt,Govt,EURONEXT-PARIS,Bond,search
BBG00YZDFL78,FRANCE OAT FUNGIBLE STRP,FRTRD 0 05/25/68 CAC,EURO-ZONE,Govt,Govt,EURONEXT-PARIS,Bond,search
BBG00YZDG0Y3,FRANCE OAT FUNGIBLE STRP,FRTRD 0 05/25/69 CAC,EURO-ZONE,Govt,Govt,EURONEXT-PARIS,Bond,search
BBG022NPDP20,FRANCE OAT FUNGIBLE STRP,FRTRD 0 11/25/29 CAC,EURO-ZONE,Govt,Govt,NOT LISTED,Bond,search
BBG022PWHR16,FRANCE OAT FUNGIBLE STRP,FRTRD 0 11/25/32 CAC,EURO-ZONE,Govt,Govt,NOT LISTED,Bond,search
BBG022PX5MN4,FRANCE OAT FUNGIBLE STRP,FRTRD 0 11/25/35 CAC,EURO-ZONE,Govt,Govt,NOT LISTED,Bond,search
BBG0000DYX64,FRANCE OAT FUNGIBLE STRP,FRTRD 0 10/25/14,EURO-ZONE,Govt,Govt,EURONEXT-PARIS,Bond,search
BBG0000FBF09,FRANCE OAT FUNGIBLE STRP,FRTRD 0 04/25/59 NC,EURO-ZONE,Govt,Govt,EURONEXT-PARIS,Bond,search
BBG0000FBFQ1,FRANCE OAT FUNGIBLE STRP,FRTRD 0 04/25/60 NC,EURO-ZONE,Govt,Govt,EURONEXT-PARIS,Bond,search
BBG0000H1N36,FRANCE OAT FUNGIBLE STRP,FRTRD 0 04/25/27 NC,EURO-ZONE,Govt,Govt,EURONEXT-PARIS,Bond,search
BBG0000H8JY4,FRANCE OAT FUNGIBLE STRP,FRTRD 0 10/25/29 NC,EURO-ZONE,Govt,Govt,EURONEXT-PARIS,Bond,search
BBG0000KXLT0,FRANCE OAT FUNGIBLE STRP,FRTRD 0 04/25/37 NC,EURO-ZONE,Govt,Govt,EURONEXT-PARIS,Bond,search
BBG0000L48C7,FRANCE OAT FUNGIBLE STRP,FRTRD 0 04/25/53 NC,EURO-ZONE,Govt,Govt,EURONEXT-PARIS,Bond,search
BBG0000L4ZM6,FRANCE OAT FUNGIBLE STRP,FRTRD 0 04/25/54 NC,EURO-ZONE,Govt,Govt,EURONEXT-PARIS,Bond,search
BBG0000PRGL5,FRANCE OAT FUNGIBLE STRP,FRTRD 0 10/25/18,EURO-ZONE,Govt,Govt,EURONEXT-PARIS,Bond,search
BBG0000PRL43,FRANCE OAT FUNGIBLE STRP,FRTRD 0 04/25/19,EURO-ZONE,Govt,Govt,EURONEXT-PARIS,Bond,search
BBG0044JSQ43,FRANCE OAT FUNGIBLE STRP,FRTRD 0 05/25/18,EURO-ZONE,Govt,Govt,EURONEXT-PARIS,Bond,search
BBG004DGFM51,FRANCE OAT FUNGIBLE STRP,FRTRD 0 05/25/19,EURO-ZONE,Govt,Govt,EURONEXT-PARIS,Bond,search
BBG004DGMZP2,FRANCE OAT FUNGIBLE STRP,FRTRD 0 05/25/26 CAC,EURO-ZONE,Govt,Govt,EURONEXT-PARIS,Bond,search
BBG004DH0S52,FRANCE OAT FUNGIBLE STRP,FRTRD 0 05/25/32 CAC,EURO-ZONE,Govt,Govt,EURONEXT-PARIS,Bond,search
BBG004DH2RL4,FRANCE OAT FUNGIBLE STRP,FRTRD 0 05/25/39 CAC,EURO-ZONE,Govt,Govt,EURONEXT-PARIS,Bond,search
BBG004DH59L1,FRANCE OAT FUNGIBLE STRP,FRTRD 0 05/25/42 CAC,EURO-ZONE,Govt,Govt,EURONEXT-PARIS,Bond,search
BBG004DH6J74,FRANCE OAT FUNGIBLE STRP,FRTRD 0 05/25/43 CAC,EURO-ZONE,Govt,Govt,EURONEXT-PARIS,Bond,search
BBG006H1RYW6,FRANCE OAT FUNGIBLE STRP,FRTRD 0 11/25/15,EURO-ZONE,Govt,Govt,EURONEXT-PARIS,Bond,search
BBG01NPN25B4,FRANCE OAT FUNGIBLE STRP,FRTRD 0 06/25/40 CAC,EURO-ZONE,Govt,Govt,EURONEXT-PARIS,Bond,search
BBG0000BNJ98,FRANCE OAT FUNGIBLE STRP,FRTRD 0 04/25/11,EURO-ZONE,Govt,Govt,EURONEXT-PARIS,Bond,search
BBG0000KXNT6,FRANCE OAT FUNGIBLE STRP,FRTRD 0 04/25/38 NC,EURO-ZONE,Govt,Govt,EURONEXT-PARIS,Bond,search
BBG0000L1L86,FRANCE OAT FUNGIBLE STRP,FRTRD 0 04/25/50 NC,EURO-ZONE,Govt,Govt,EURONEXT-PARIS,Bond,search
BBG0000PS1V6,FRANCE OAT FUNGIBLE STRP,FRTRD 0 10/25/25 CAC,EURO-ZONE,Govt,Govt,EURONEXT-PARIS,Bond,search
BBG0044JS1G5,FRANCE OAT FUNGIBLE STRP,FRTRD 0 05/25/13,EURO-ZONE,Govt,Govt,NOT LISTED,Bond,search
BBG004DH2TW8,FRANCE OAT FUNGIBLE STRP,FRTRD 0 05/25/40 CAC,EURO-ZONE,Govt,Govt,EURONEXT-PARIS,Bond,search
BBG006H1S1W7,FRANCE OAT FUNGIBLE STRP,FRTRD 0 11/25/18,EURO-ZONE,Govt,Govt,EURONEXT-PARIS,Bond,search
BBG00CP2WNS5,FRANCE OAT FUNGIBLE STRP,FRTRD 0 05/25/55 CAC,EURO-ZONE,Govt,Govt,EURONEXT-PARIS,Bond,search
BBG00CP2WRT5,FRANCE OAT FUNGIBLE STRP,FRTRD 0 05/25/60 CAC,EURO-ZONE,Govt,Govt,EURONEXT-PARIS,Bond,search
BBG00J3MD2K5,FRANCE OAT FUNGIBLE STRP,FRTRD 0 06/25/33 CAC,EURO-ZONE,Govt,Govt,EURONEXT-PARIS,Bond,search
BBG00M0LRMM2,FRANCE OAT FUNGIBLE STRP,FRTRD 0 11/25/28 CAC,EURO-ZONE,Govt,Govt,MTS FRANCE,Bond,search
BBG01NPN4HS8,FRANCE OAT FUNGIBLE STRP,FRTRD 0 06/25/43 CAC,EURO-ZONE,Govt,Govt,EURONEXT-PARIS,Bond,search
BBG01NPN4RD2,FRANCE OAT FUNGIBLE STRP,FRTRD 0 06/25/46 CAC,EURO-ZONE,Govt,Govt,EURONEXT-PARIS,Bond,search
BBG022K7XYY7,FRANCE OAT FUNGIBLE STRP,FRTRD 0 09/24/28 CAC,EURO-ZONE,Govt,Govt,NOT LISTED,Bond,search
BBG0000BWTZ7,FRANCE OAT FUNGIBLE STRP,FRTRD 0 04/25/13,EURO-ZONE,Govt,Govt,EURONEXT-PARIS,Bond,search
BBG0000GX3J0,FRANCE OAT FUNGIBLE STRP,FRTRD 0 04/25/26 CAC,EURO-ZONE,Govt,Govt,EURONEXT-PARIS,Bond,search
BBG0000KXPP5,FRANCE OAT FUNGIBLE STRP,FRTRD 0 04/25/39 NC,EURO-ZONE,Govt,Govt,EURONEXT-PARIS,Bond,search
BBG0000PRYL6,FRANCE OAT FUNGIBLE STRP,FRTRD 0 04/25/23,EURO-ZONE,Govt,Govt,EURONEXT-PARIS,Bond,search
BBG004DGFYW5,FRANCE OAT FUNGIBLE STRP,FRTRD 0 05/25/20,EURO-ZONE,Govt,Govt,EURONEXT-PARIS,Bond,search
BBG004DH26W8,FRANCE OAT FUNGIBLE STRP,FRTRD 0 05/25/34 CAC,EURO-ZONE,Govt,Govt,EURONEXT-PARIS,Bond,search
BBG006T9G7B0,FRANCE OAT FUNGIBLE STRP,FRTRD 0 11/25/20,EURO-ZONE,Govt,Govt,EURONEXT-PARIS,Bond,search
BBG00CP2XHD3,FRANCE OAT FUNGIBLE STRP,FRTRD 0 05/25/64 CAC,EURO-ZONE,Govt,Govt,EURONEXT-PARIS,Bond,search
BBG00J3MD788,FRANCE OAT FUNGIBLE STRP,FRTRD 0 06/25/34 CAC,EURO-ZONE,Govt,Govt,EURONEXT-PARIS,Bond,search
BBG00J3MFHZ4,FRANCE OAT FUNGIBLE STRP,FRTRD 0 06/25/37 CAC,EURO-ZONE,Govt,Govt,EURONEXT-PARIS,Bond,search
BBG00J52FNT0,FRANCE OAT FUNGIBLE STRP,FRTRD 0 03/01/19 EU,EURO-ZONE,Govt,Govt,EURONEXT-PARIS,Bond,search
BBG01NPN56D7,FRANCE OAT FUNGIBLE STRP,FRTRD 0 06/25/48 CAC,EURO-ZONE,Govt,Govt,EURONEXT-PARIS,Bond,search
BBG022NP2BS5,FRANCE OAT FUNGIBLE STRP,FRTRD 0 09/24/29 CAC,EURO-ZONE,Govt,Govt,NOT LISTED,Bond,search
BBG0000BLKL3,FRANCE OAT FUNGIBLE STRP,FRTRD 0 10/25/10,EURO-ZONE,Govt,Govt,EURONEXT-PARIS,Bond,search
BBG0000DYN57,FRANCE OAT FUNGIBLE STRP,FRTRD 0 04/25/14,EURO-ZONE,Govt,Govt,EURONEXT-PARIS,Bond,search
BBG0000FBB26,FRANCE OAT FUNGIBLE STRP,FRTRD 0 04/25/56 NC,EURO-ZONE,Govt,Govt,EURONEXT-PARIS,Bond,search
BBG0000FY6W9,FRANCE OAT FUNGIBLE STRP,FRTRD 0 04/25/18,EURO-ZONE,Govt,Govt,EURONEXT-PARIS,Bond,search
BBG0000JST49,FRANCE OAT FUNGIBLE STRP,FRTRD 0 04/25/31 NC,EURO-ZONE,Govt,Govt,EURONEXT-PARIS,Bond,search
BBG0000KXGL9,FRANCE OAT FUNGIBLE STRP,FRTRD 0 10/25/38 NC,EURO-ZONE,Govt,Govt,EURONEXT-PARIS,Bond,search
BBG0000PRQ60,FRANCE OAT FUNGIBLE STRP,FRTRD 0 04/25/21,EURO-ZONE,Govt,Govt,EURONEXT-PARIS,Bond,search
BBG0044JSM42,FRANCE OAT FUNGIBLE STRP,FRTRD 0 05/25/16,EURO-ZONE,Govt,Govt,EURONEXT-PARIS,Bond,search
BBG004DGLZL7,FRANCE OAT FUNGIBLE STRP,FRTRD 0 05/25/21,EURO-ZONE,Govt,Govt,EURONEXT-PARIS,Bond,search
BBG004DGN924,FRANCE OAT FUNGIBLE STRP,FRTRD 0 05/25/30 CAC,EURO-ZONE,Govt,Govt,EURONEXT-PARIS,Bond,search
BBG004DH28Y2,FRANCE OAT FUNGIBLE STRP,FRTRD 0 05/25/35 CAC,EURO-ZONE,Govt,Govt,EURONEXT-PARIS,Bond,search
BBG00CP2XBJ0,FRANCE OAT FUNGIBLE STRP,FRTRD 0 05/25/62 CAC,EURO-ZONE,Govt,Govt,EURONEXT-PARIS,Bond,search
BBG00CP2XFX5,FRANCE OAT FUNGIBLE STRP,FRTRD 0 05/25/63 CAC,EURO-ZONE,Govt,Govt,EURONEXT-PARIS,Bond,search
BBG00CP2XHT6,FRANCE OAT FUNGIBLE STRP,FRTRD 0 05/25/65 CAC,EURO-ZONE,Govt,Govt,EURONEXT-PARIS,Bond,search
BBG004HST0K7,APPLE INC,AAPL 3.85 05/04/43,GLOBAL,Corp,Corp,TRACE,Bond,search
BBG007GL4B56,APPLE INC,AAPL 1 11/10/22 EMTN,EURO MTN,Corp,Corp,ALL GERMAN SE,Bond,search
BBG00837PD34,APPLE INC,AAPL 0.75 02/25/30,EURO NON-DOLLAR,Corp,Corp,SIX,Bond,search
BBG009T72B24,APPLE INC,AAPL F 08/28/19 MTn,DOMESTIC MTN,Corp,Corp,ALL GERMAN SE,Bond,search
BBG00C7Q7N55,APPLE INC,AAPL 1.3 02/23/18,GLOBAL,Corp,Corp,NOT LISTED,Bond,search
BBG00FXTQ5Y9,APPLE INC,AAPL 1.55 02/08/19,GLOBAL,Corp,Corp,TRACE,Bond,search
BBG0191F26Z0,APPLE INC,AAPL 3.25 08/08/29,GLOBAL,Corp,Corp,TRACE,Bond,search
BBG01TV6YQ66,APPLE INC,AAPL 4 05/12/28,GLOBAL,Corp,Corp,TRACE,Bond,search
BBG009ZY71H9,APPLE INC,AAPL 1.375 01/17/24,EURO NON-DOLLAR,Corp,Corp,FRANKFURT,Bond,search
BBG00C7QBCQ1,APPLE INC,AAPL 4.5 02/23/36,GLOBAL,Corp,Corp,TRACE,Bond,search
BBG00D0SHGY8,APPLE INC,AAPL 2.65 06/10/20 MTN,DOMESTIC MTN,Corp,Corp,FRANKFURT,Bond,search
BBG00GQFRV31,APPLE INC,AAPL 0.875 05/24/25,EURO NON-DOLLAR,Corp,Corp,ALL GERMAN SE,Bond,search
BBG00Q5L6G08,APPLE INC,AAPL 1.8 09/11/24,GLOBAL,Corp,Corp,TRACE,Bond,search
BBG00Q5L6G53,APPLE INC,AAPL 2.2 09/11/29,GLOBAL,Corp,Corp,TRACE,Bond,search
BBG00TN2PN26,APPLE INC,AAPL 2.65 05/11/50,GLOBAL,Corp,Corp,TRACE,Bond,search
BBG01GKRFG18,APPLE INC,AAPL 4.421 05/08/26,GLOBAL,Corp,Corp,TRACE,Bond,search
BBG01GKRFG36,APPLE INC,AAPL 4 05/10/28,GLOBAL,Corp,Corp,TRACE,Bond,search
BBG007GL4G73,APPLE INC,AAPL 1.625 11/10/26,EURO NON-DOLLAR,Corp,Corp,ALL GERMAN SE,Bond,search
BBG008N1BMY6,APPLE INC,AAPL 2.7 05/13/22,GLOBAL,Corp,Corp,TRACE,Bond,search
BBG00FXTRDH0,APPLE INC,AAPL 1.9 02/07/20,GLOBAL,Corp,Corp,TRACE,Bond,search
BBG00FXTRM99,APPLE INC,AAPL 2.5 02/09/22,GLOBAL,Corp,Corp,TRACE,Bond,search
BBG00FXTS602,APPLE INC,AAPL 3 02/09/24,GLOBAL,Corp,Corp,TRACE,Bond,search
BBG00HFWQ239,APPLE INC,AAPL 2.513 08/19/24 MPLE,CANADIAN,Corp,Corp,MUNICH,Bond,search
BBG00Q5L6G62,APPLE INC,AAPL 2.95 09/11/49,GLOBAL,Corp,Corp,TRACE,Bond,search
BBG00QT4TBG9,APPLE INC,AAPL 0.5 11/15/31,EURO NON-DOLLAR,Corp,Corp,NASDAQ,Bond,search
BBG011ZS1T38,APPLE INC,AAPL 1.4 08/05/28,GLOBAL,Corp,Corp,TRACE,Bond,search
BBG004HSRBS7,APPLE INC,AAPL F 05/03/16,GLOBAL,Corp,Corp,DUSSELDORF,Bond,search
BBG004HST063,APPLE INC,AAPL 2.4 05/03/23,GLOBAL,Corp,Corp,TRACE,Bond,search
BBG006F8VDS9,APPLE INC,AAPL 2.1 05/06/19,GLOBAL,Corp,Corp,TRACE,Bond,search
BBG006F8VNS7,APPLE INC,AAPL 3.45 05/06/24,GLOBAL,Corp,Corp,TRACE,Bond,search
BBG008MMDWT3,APPLE INC,AAPL 0.35 06/10/20,GLOBAL,Corp,Corp,FRANKFURT,Bond,search
BBG00C7Q7DC9,APPLE INC,AAPL F 02/23/21,GLOBAL,Corp,Corp,TRACE,Bond,search
BBG00C7Q8CH5,APPLE INC,AAPL 2.25 02/23/21,GLOBAL,Corp,Corp,TRACE,Bond,search
BBG00D0SM317,APPLE INC,AAPL 4.15 06/22/46,EURO-DOLLAR,Corp,Corp,Taipei,Bond,search
BBG00GQFRXV6,APPLE INC,AAPL 1.375 05/24/29,EURO NON-DOLLAR,Corp,Corp,ALL GERMAN SE,Bond,search
BBG00J59YWR6,APPLE INC,AAPL 3 11/13/27,GLOBAL,Corp,Corp,TRACE,Bond,search
BBG00Q5L6G35,APPLE INC,AAPL 2.05 09/11/26,GLOBAL,Corp,Corp,TRACE,Bond,search
BBG00Z3VQ5H2,APPLE INC,AAPL 1.2 02/08/28,GLOBAL,Corp,Corp,TRACE,Bond,search
BBG00Z3VQ626,APPLE INC,AAPL 2.65 02/08/51,GLOBAL,Corp,Corp,TRACE,Bond,search
BBG01TV6YQH4,APPLE INC,AAPL 4.5 05/12/32,GLOBAL,Corp,Corp,TRACE,Bond,search
BBG01TV6YQQ4,APPLE INC,AAPL 4.75 05/12/35,GLOBAL,Corp,Corp,TRACE,Bond,search
BBG004HSSZQ5,APPLE INC,AAPL 1 05/03/18,GLOBAL,Corp,Corp,FRANKFURT,Bond,search
BBG006F8TJ45,APPLE INC,AAPL 1.05 05/05/17,GLOBAL,Corp,Corp,BERLIN,Bond,search
BBG006F8VMC6,APPLE INC,AAPL 2.85 05/06/21,GLOBAL,Corp,Corp,TRACE,Bond,search
BBG009PLPQJ1,APPLE INC,AAPL 3.6 07/31/42,EURO NON-DOLLAR,Corp,Corp,LONDON,Bond,search
BBG009ZY6R65,APPLE INC,AAPL 2 09/17/27,EURO NON-DOLLAR,Corp,Corp,FRANKFURT,Bond,search
BBG00FXTN2P9,APPLE INC,AAPL F 02/08/19,GLOBAL,Corp,Corp,TRACE,Bond,search
BBG00FXTPNR9,APPLE INC,AAPL F 02/07/20 _,GLOBAL,Corp,Corp,TRACE,Bond,search
BBG00FXTSMV3,APPLE INC,AAPL 4.25 02/09/47,GLOBAL,Corp,Corp,TRACE,Bond,search
BBG00J59Z1H4,APPLE INC,AAPL 3.75 11/13/47,GLOBAL,Corp,Corp,TRACE,Bond,search
BBG00WNPK2R2,APPLE INC,AAPL 2.4 08/20/50,GLOBAL,Corp,Corp,TRACE,Bond,search
BBG00Z3VQ5F4,APPLE INC,AAPL 0.7 02/08/26,GLOBAL,Corp,Corp,TRACE,Bond,search
BBG00Z3VQ5K8,APPLE INC,AAPL 1.65 02/08/31,GLOBAL,Corp,Corp,TRACE,Bond,search
BBG00Z3VQ5X4,APPLE INC,AAPL 2.375 02/08/41,GLOBAL,Corp,Corp,TRACE,Bond,search
BBG00DHQWZ84,APPLE INC,AAPL 1.55 08/04/21,GLOBAL,Corp,Corp,TRACE,Bond,search
BBG00DHQX240,APPLE INC,AAPL 2.45 08/04/26,GLOBAL,Corp,Corp,TRACE,Bond,search
BBG00FXTS8Z0,APPLE INC,AAPL 3.35 02/09/27,GLOBAL,Corp,Corp,TRACE,Bond,search
BBG00GNBJ3X1,APPLE INC,AAPL F 05/11/22,GLOBAL,Corp,Corp,TRACE,Bond,search
BBG00GNBJZ60,APPLE INC,AAPL 2.85 05/11/24,GLOBAL,Corp,Corp,TRACE,Bond,search
BBG00GNBL206,APPLE INC,AAPL 3.2 05/11/27,GLOBAL,Corp,Corp,TRACE,Bond,search
BBG00Z3VQ653,APPLE INC,AAPL 2.8 02/08/61,GLOBAL,Corp,Corp,TRACE,Bond,search
BBG011ZS1XQ4,APPLE INC,AAPL 2.85 08/05/61,GLOBAL,Corp,Corp,TRACE,Bond,search
BBG01TV6YQB0,APPLE INC,AAPL 4.2 05/12/30,GLOBAL,Corp,Corp,TRACE,Bond,search
BBG004HSSD20,APPLE INC,AAPL F 05/03/18,GLOBAL,Corp,Corp,DUSSELDORF,Bond,search
BBG006F8T6N2,APPLE INC,AAPL F 05/05/17,GLOBAL,Corp,Corp,BERLIN,Bond,search
BBG006F8VWJ7,APPLE INC,AAPL 4.45 05/06/44,GLOBAL,Corp,Corp,TRACE,Bond,search
BBG0081TNL50,APPLE INC,AAPL 3.45 02/09/45,GLOBAL,Corp,Corp,TRACE,Bond,search
BBG009PJ9B98,APPLE INC,AAPL 3.05 07/31/29,EURO NON-DOLLAR,Corp,Corp,FRANKFURT,Bond,search
BBG00D0YV4S3,APPLE INC,AAPL 3.35 01/10/24 MTN,DOMESTIC MTN,Corp,Corp,SIX,Bond,search
BBG00HMQPVX8,APPLE INC,AAPL 2.1 09/12/22,GLOBAL,Corp,Corp,TRACE,Bond,search
BBG00Q5L6FZ2,APPLE INC,AAPL 1.7 09/11/22,GLOBAL,Corp,Corp,TRACE,Bond,search
BBG00TN2PMV6,APPLE INC,AAPL 1.65 05/11/30,GLOBAL,Corp,Corp,TRACE,Bond,search
BBG011ZS1WL1,APPLE INC,AAPL 1.7 08/05/31,GLOBAL,Corp,Corp,TRACE,Bond,search
BBG0191F2877,APPLE INC,AAPL 4.1 08/08/62,GLOBAL,Corp,Corp,TRACE,Bond,search
BBG01GKRFG72,APPLE INC,AAPL 4.15 05/10/30,GLOBAL,Corp,Corp,TRACE,Bond,search
BBG01GKRFGQ1,APPLE INC,AAPL 4.85 05/10/53,GLOBAL,Corp,Corp,TRACE,Bond,search
BBG0081TL218,APPLE INC,AAPL 1.55 02/07/20,GLOBAL,Corp,Corp,TRACE,Bond,search
BBG008N1BKS7,APPLE INC,AAPL 2 05/06/20,GLOBAL,Corp,Corp,TRACE,Bond,search
BBG008N1BPR7,APPLE INC,AAPL 3.2 05/13/25,GLOBAL,Corp,Corp,TRACE,Bond,search
BBG008N1BTM4,APPLE INC,AAPL F 05/12/17,GLOBAL,Corp,Corp,FRANKFURT,Bond,search
BBG00C7Q8V92,APPLE INC,AAPL 2.85 02/23/23,GLOBAL,Corp,Corp,TRACE,Bond,search
BBG00DHQVW19,APPLE INC,AAPL 1.1 08/02/19,GLOBAL,Corp,Corp,TRACE,Bond,search
BBG00GNBFW43,APPLE INC,AAPL F 05/11/20,GLOBAL,Corp,Corp,TRACE,Bond,search
BBG00GXJ4BZ9,APPLE INC,AAPL 3 06/20/27,GLOBAL,Corp,Corp,TRACE,Bond,search
BBG011ZS1X57,APPLE INC,AAPL 2.7 08/05/51,GLOBAL,Corp,Corp,TRACE,Bond,search
BBG008N1BWN6,APPLE INC,AAPL F 05/06/20,GLOBAL,Corp,Corp,TRACE,Bond,search
BBG009T30270,APPLE INC,AAPL 3.7 08/28/22 MTN,DOMESTIC MTN,Corp,Corp,SIX,Bond,search
BBG00C7Q7VW7,APPLE INC,AAPL 1.7 02/22/19,GLOBAL,Corp,Corp,TRACE,Bond,search
BBG00C7QBG91,APPLE INC,AAPL 4.65 02/23/46,GLOBAL,Corp,Corp,TRACE,Bond,search
BBG00DHQX9M5,APPLE INC,AAPL 3.85 08/04/46,GLOBAL,Corp,Corp,TRACE,Bond,search
BBG00FZL3GS2,APPLE INC,AAPL 4.3 03/03/47,EURO-DOLLAR,Corp,Corp,Taipei,Bond,search
BBG00HMQLFT2,APPLE INC,AAPL 1.5 09/12/19,GLOBAL,Corp,Corp,TRACE,Bond,search
BBG00J59T9D8,APPLE INC,AAPL 1.8 11/13/19,GLOBAL,Corp,Corp,TRACE,Bond,search
BBG00J59XFZ5,APPLE INC,AAPL 2 11/13/20,GLOBAL,Corp,Corp,TRACE,Bond,search
BBG00J59YQ35,APPLE INC,AAPL 2.75 01/13/25,GLOBAL,Corp,Corp,TRACE,Bond,search
BBG00QT4TBD2,APPLE INC,AAPL 0 11/15/25,EURO NON-DOLLAR,Corp,Corp,NASDAQ,Bond,search
BBG00TN2PKB2,APPLE INC,AAPL 0.75 05/11/23,GLOBAL,Corp,Corp,TRACE,Bond,search
BBG0191F2797,APPLE INC,AAPL 3.35 08/08/32,GLOBAL,Corp,Corp,TRACE,Bond,search
BBG004HSPP80,APPLE INC,AAPL 0.45 05/03/16,GLOBAL,Corp,Corp,DUSSELDORF,Bond,search
BBG006F8TRN6,APPLE INC,AAPL F 05/06/19,GLOBAL,Corp,Corp,TRACE,Bond,search
BBG00015KKD5,MICROSOFT CORP,MSFT L 03/22/09,REV,,Corp,,Bond,search
BBG005NQ9FS2,MICROSOFT CORP,MSFT 3.625 12/15/23,GLOBAL,Corp,Corp,TRACE,Bond,search
BBG008227Y03,MICROSOFT CORP,MSFT L 11/04/15 1,REV,,Corp,,Bond,search
BBG00835P839,MICROSOFT CORP,MSFT 2.7 02/12/25,GLOBAL,Corp,Corp,TRACE,Bond,search
BBG00BBHV1H0,MICROSOFT CORP,MSFT 4.75 11/03/55,GLOBAL,Corp,Corp,TRACE,Bond,search
BBG00015KKF3,MICROSOFT CORP,MSFT L 03/22/09 FA,,,Corp,,Bond,search
BBG00016HCC6,MICROSOFT CORP,MSFT L 03/12/10 FA,,,Corp,,Bond,search
BBG004S6CDV1,MICROSOFT CORP,MSFT L 11/14/18 1,REV,,Corp,,Bond,search
BBG008227WF1,MICROSOFT CORP,MSFT L 11/04/15 FA,,,Corp,,Bond,search
BBG00BBHQ1N9,MICROSOFT CORP,MSFT 1.3 11/03/18,GLOBAL,Corp,Corp,TRACE,Bond,search
BBG00BBHSZG0,MICROSOFT CORP,MSFT 3.125 11/03/25,GLOBAL,Corp,Corp,TRACE,Bond,search
BBG00BBHTCM3,MICROSOFT CORP,MSFT 4.45 11/03/45,GLOBAL,Corp,Corp,TRACE,Bond,search
BBG00015TH61,MICROSOFT CORP,MSFT L 11/05/10 FA,,,Corp,,Bond,search
BBG0016PVY24,MICROSOFT CORP,MSFT 3 10/01/20,GLOBAL,Corp,Corp,TRACE,Bond,search
BBG001HQWD07,MICROSOFT CORP,MSFT 2.5 02/08/16,GLOBAL,Corp,Corp,SIX,Bond,search
BBG003LZRR21,MICROSOFT CORP,MSFT 2.125 11/15/22,GLOBAL,Corp,Corp,TRACE,Bond,search
BBG004HF2710,MICROSOFT CORP,MSFT 3.75 05/01/43,GLOBAL,Corp,Corp,TRACE,Bond,search
BBG00FWS2R16,MICROSOFT CORP,MSFT 4.25 02/06/47,GLOBAL,Corp,Corp,TRACE,Bond,search
BBG01JZLGNM0,MICROSOFT CORP,MSFT 1.35 09/15/30 REGS,EURO-DOLLAR,Corp,Corp,TRACE,Bond,search
BBG01MRHPH71,MICROSOFT CORP,MSFT 1.35 09/15/30,GLOBAL,Corp,Corp,TRACE,Bond,search
BBG0016PVXF2,MICROSOFT CORP,MSFT 1.625 09/25/15,GLOBAL,Corp,Corp,STUTTGART,Bond,search
BBG003LZRTD5,MICROSOFT CORP,MSFT 3.5 11/15/42,GLOBAL,Corp,Corp,TRACE,Bond,search
BBG00835PDQ3,MICROSOFT CORP,MSFT 3.5 02/12/35,GLOBAL,Corp,Corp,TRACE,Bond,search
BBG00DJ1B6D8,MICROSOFT CORP,MSFT 1.55 08/08/21,GLOBAL,Corp,Corp,TRACE,Bond,search
BBG00DJ1B7J0,MICROSOFT CORP,MSFT 3.95 08/08/56,GLOBAL,Corp,Corp,TRACE,Bond,search
BBG00V1L17G9,MICROSOFT CORP,MSFT 2.675 06/01/60,GLOBAL,Corp,Corp,TRACE,Bond,search
BBG01MRV1590,MICROSOFT CORP,MSFT 4.5 06/15/47,GLOBAL,Corp,Corp,TRACE,Bond,search
BBG0016PVY97,MICROSOFT CORP,MSFT 4.5 10/01/40,GLOBAL,Corp,Corp,TRACE,Bond,search
BBG00835P553,MICROSOFT CORP,MSFT 2.375 02/12/22,GLOBAL,Corp,Corp,TRACE,Bond,search
BBG00DJ19ZX5,MICROSOFT CORP,MSFT 1.1 08/08/19,GLOBAL,Corp,Corp,TRACE,Bond,search
BBG00FWS1GM8,MICROSOFT CORP,MSFT 2.4 02/06/22,GLOBAL,Corp,Corp,TRACE,Bond,search
BBG00FWS2T49,MICROSOFT CORP,MSFT 4.5 02/06/57,GLOBAL,Corp,Corp,TRACE,Bond,search
BBG00JCHCN12,MICROSOFT CORP,MSFT L 10/30/18 1,REV,,Corp,,Bond,search
BBG01JZKSGZ0,MICROSOFT CORP,MSFT 3.4 09/15/26 REGS,EURO-DOLLAR,Corp,Corp,TRACE,Bond,search
BBG01K1J1X98,MICROSOFT CORP,MSFT 4.5 06/15/47 REGS,EURO-DOLLAR,Corp,Corp,TRACE,Bond,search
BBG01K1TLVW2,MICROSOFT CORP,MSFT 2.5 09/15/50 144A,PRIV PLACEMENT,Corp,Corp,TRACE,Bond,search
BBG01MRHG7N5,MICROSOFT CORP,MSFT 3.4 06/15/27,GLOBAL,Corp,Corp,TRACE,Bond,search
BBG0016PVX08,MICROSOFT CORP,MSFT 0.875 09/27/13,GLOBAL,Corp,Corp,STUTTGART,Bond,search
BBG004HDR2M6,MICROSOFT CORP,MSFT 2.625 05/02/33,GLOBAL,Corp,Corp,FRANKFURT,Bond,search
BBG00835PFT5,MICROSOFT CORP,MSFT 3.75 02/12/45,GLOBAL,Corp,Corp,TRACE,Bond,search
BBG00BBHQM08,MICROSOFT CORP,MSFT 2.65 11/03/22,GLOBAL,Corp,Corp,TRACE,Bond,search
BBG00BRFMF40,MICROSOFT CORP,MSFT L 11/01/16 FA,,,Corp,,Bond,search
BBG00FNFYJK6,MICROSOFT CORP,MSFT L 10/31/17 FA,,,Corp,,Bond,search
BBG00FWS19X2,MICROSOFT CORP,MSFT 1.85 02/06/20,GLOBAL,Corp,Corp,TRACE,Bond,search
BBG01JZKJND9,MICROSOFT CORP,MSFT 3.4 09/15/26 144A,PRIV PLACEMENT,Corp,Corp,TRACE,Bond,search
BBG01JZL20W4,MICROSOFT CORP,MSFT 3.4 06/15/27 144A,PRIV PLACEMENT,Corp,Corp,TRACE,Bond,search
BBG0000WPD48,MICROSOFT CORP,MSFT 0 06/15/13 144A,PRIV PLACEMENT,Corp,Corp,NOT LISTED,Bond,search
BBG00015TH52,MICROSOFT CORP,MSFT L 11/05/10,REV,,Corp,,Bond,search
BBG00835PG59,MICROSOFT CORP,MSFT 4 02/12/55,GLOBAL,Corp,Corp,TRACE,Bond,search
BBG00BRFMJG9,MICROSOFT CORP,MSFT L 11/01/16 1,REV,,Corp,,Bond,search
BBG00DJ1B6G5,MICROSOFT CORP,MSFT 2 08/08/23,GLOBAL,Corp,Corp,TRACE,Bond,search
BBG00DJ1B6J2,MICROSOFT CORP,MSFT 2.4 08/08/26,GLOBAL,Corp,Corp,TRACE,Bond,search
BBG00DJ1B7D6,MICROSOFT CORP,MSFT 3.45 08/08/36,GLOBAL,Corp,Corp,TRACE,Bond,search
BBG00ZK0QMV8,MICROSOFT CORP,MSFT 2.921 03/17/52,GLOBAL,Corp,Corp,TRACE,Bond,search
BBG01K1TM086,MICROSOFT CORP,MSFT 2.5 09/15/50 REGS,EURO-DOLLAR,Corp,Corp,TRACE,Bond,search
BBG01MRH2527,MICROSOFT CORP,MSFT 3.4 09/15/26,GLOBAL,Corp,Corp,TRACE,Bond,search
BBG00009LPZ2,MICROSOFT CORP,MSFT 4.2 06/01/19,GLOBAL,Corp,Corp,TRACE,Bond,search
BBG001HQWGB8,MICROSOFT CORP,MSFT 4 02/08/21,GLOBAL,Corp,Corp,TRACE,Bond,search
BBG00BBHNNH1,MICROSOFT CORP,MSFT 2 11/03/20,GLOBAL,Corp,Corp,TRACE,Bond,search
BBG00FWS1KK1,MICROSOFT CORP,MSFT 2.875 02/06/24,GLOBAL,Corp,Corp,TRACE,Bond,search
BBG00FWS2M71,MICROSOFT CORP,MSFT 4.1 02/06/37,GLOBAL,Corp,Corp,TRACE,Bond,search
BBG00JCHCMY8,MICROSOFT CORP,MSFT L 10/30/18 FA,,,Corp,,Bond,search
BBG00ZK0RSR9,MICROSOFT CORP,MSFT 3.041 03/17/62,GLOBAL,Corp,Corp,TRACE,Bond,search
BBG00009KTG6,MICROSOFT CORP,MSFT 5.2 06/01/39,GLOBAL,Corp,Corp,TRACE,Bond,search
BBG00BBHT3V3,MICROSOFT CORP,MSFT 4.2 11/03/35,GLOBAL,Corp,Corp,TRACE,Bond,search
BBG00JCHCD96,MICROSOFT CORP,MSFT L 10/31/22 1,REV,,Corp,,Bond,search
BBG01JZLFPF4,MICROSOFT CORP,MSFT 1.35 09/15/30 144A,PRIV PLACEMENT,Corp,Corp,TRACE,Bond,search
BBG01K0099L1,MICROSOFT CORP,MSFT 4.5 06/15/47 144A,PRIV PLACEMENT,Corp,Corp,TRACE,Bond,search
BBG01MRV6XC0,MICROSOFT CORP,MSFT 2.5 09/15/50,GLOBAL,Corp,Corp,TRACE,Bond,search
BBG004S6CDT4,MICROSOFT CORP,MSFT L 11/14/18 FA,,,Corp,,Bond,search
BBG005NQ9FT1,MICROSOFT CORP,MSFT 1.625 12/06/18,GLOBAL,Corp,Corp,FRANKFURT,Bond,search
BBG00FNFYKX9,MICROSOFT CORP,MSFT L 10/31/17 1,REV,,Corp,,Bond,search
BBG00FWS1ZQ2,MICROSOFT CORP,MSFT 3.3 02/06/27,GLOBAL,Corp,Corp,TRACE,Bond,search
BBG01JZL4230,MICROSOFT CORP,MSFT 3.4 06/15/27 REGS,EURO-DOLLAR,Corp,Corp,TRACE,Bond,search
BBG004HF26D9,MICROSOFT CORP,MSFT 2.375 05/01/23,GLOBAL,Corp,Corp,TRACE,Bond,search
BBG005NPW136,MICROSOFT CORP,MSFT 2.125 12/06/21,GLOBAL,Corp,Corp,FRANKFURT,Bond,search
BBG005NQ9FR3,MICROSOFT CORP,MSFT 4.875 12/15/43,GLOBAL,Corp,Corp,TRACE,Bond,search
BBG00835MD31,MICROSOFT CORP,MSFT 1.85 02/12/20,GLOBAL,Corp,Corp,TRACE,Bond,search
BBG00009LY47,MICROSOFT CORP,MSFT 2.95 06/01/14,GLOBAL,Corp,Corp,FRANKFURT,Bond,search
BBG00016HXF7,MICROSOFT CORP,MSFT L 03/12/10,REV,,Corp,,Bond,search
BBG001HQWGX4,MICROSOFT CORP,MSFT 5.3 02/08/41,GLOBAL,Corp,Corp,TRACE,Bond,search
BBG003LZRLH8,MICROSOFT CORP,MSFT 0.875 11/15/17,GLOBAL,Corp,Corp,FRANKFURT,Bond,search
BBG004HF24L5,MICROSOFT CORP,MSFT 1 05/01/18,GLOBAL,Corp,Corp,FRANKFURT,Bond,search
BBG005NPW5Z2,MICROSOFT CORP,MSFT 3.125 12/06/28,GLOBAL,Corp,Corp,STUTTGART,Bond,search
BBG00DJ1B7F4,MICROSOFT CORP,MSFT 3.7 08/08/46,GLOBAL,Corp,Corp,TRACE,Bond,search
BBG00JCHCD23,MICROSOFT CORP,MSFT L 10/31/22 FA,,,Corp,,Bond,search
BBG00V1L17H8,MICROSOFT CORP,MSFT 2.525 06/01/50,GLOBAL,Corp,Corp,TRACE,Bond,search
BBG006Z34SG8,High Yield Overall Bond,CBHYOPR Index,Fixed Income Index,Index,Index,,Bond,search
BBG006Z34XX8,High Yield Fin Bond,CBHYFNTR Index,Fixed Income Index,Index,Index,,Bond,search
BBG006Z34ZR0,High Yield Indus Bond,CBHYNSTR Index,Fixed Income Index,Index,Index,,Bond,search
BBG00Y3Z4QG5,VALIC HIGH YIELD BOND,VHYLX,Open-End Fund,Mutual Fund,Equity,US,Bond,search
BBG006Z34SF9,High Yield Overall Bond,CBHYOTR Index,Fixed Income Index,Index,Index,,Bond,search
BBG006Z34XZ6,High Yield Fin Bond,CBHYFNPR Index,Fixed Income Index,Index,Index,,Bond,search
BBG006Z34XV0,High Yield Energy Bond,CBHYNGTR Index,Fixed Income Index,Index,Index,,Bond,search
BBG006Z34SH7,High Yield Comm Bond,CBHYCMTR Index,Fixed Income Index,Index,Index,,Bond,search
BBG001MPRHN5,ALTA HIGH YIELD BOND,ALTAHYB,Open-End Fund,Mutual Fund,Equity,SV,Bond,search
BBG006Z34SJ5,High Yield Comm Bond,CBHYCMPR Index,Fixed Income Index,Index,Index,,Bond,search
BBG006Z34ZS9,High Yield Indus Bond,CBHYNSPR Index,Fixed Income Index,Index,Index,,Bond,search
BBG006Z34XW9,High Yield Energy Bond,CBHYNGPR Index,Fixed Income Index,Index,Index,,Bond,search
BBG0076X0031,STERLING HIGH YIELD BOND,STHIYBL,Open-End Fund,Mutual Fund,Equity,LN,Bond,search
BBG000BDWP98,EUROPE HIGH YIELD BOND-AUD,01318088,Fund of Funds,Mutual Fund,Equity,JP,Bond,search
BBG000C0V420,FIDELITY HIGH YIELD BOND A,32311975,Open-End Fund,Mutual Fund,Equity,JP,Bond,search
BBG000C0V545,FIDELITY HIGH YIELD BOND B,32312975,Open-End Fund,Mutual Fund,Equity,JP,Bond,search
BBG000KK9360,NOMURA HIGH YIELD BOND C,0131101A,Open-End Fund,Mutual Fund,Equity,JP,Bond,search
BBG002R1BHY6,PGIM HIGH YIELD BOND FUND,ISD,Closed-End Fund,Mutual Fund,Equity,VK,Bond,search
BBG002VH3B14,VANECK INT HIGH YIELD BOND,IHY,ETP,Mutual Fund,Equity,VK,Bond,search
BBG00B07FTN4,EURO HIGH YIELD BOND-AD,DANYHAD,Open-End Fund,Mutual Fund,Equity,LX,Bond,search
BBG00FQSGNV4,EURO HIGH YIELD BOND-ICAP,DANYHIC,Open-End Fund,Mutual Fund,Equity,LX,Bond,search
BBG00JXHVXK5,X USD HIGH YIELD BOND,XUHY,ETP,Mutual Fund,Equity,BW,Bond,search
BBG00K202T15,X USD HIGH YIELD BOND,XUHYUSD,ETP,Mutual Fund,Equity,XQ,Bond,search
BBG00K202T51,X USD HIGH YIELD BOND,XUHYUSD,ETP,Mutual Fund,Equity,EU,Bond,search
BBG00K2DJKK7,X USD HIGH YIELD BOND,XUHYD,ETP,Mutual Fund,Equity,L3,Bond,search
BBG00KK6MH52,X USD HIGH YIELD BOND,XUHY,ETP,Mutual Fund,Equity,IM,Bond,search
BBG00RQ30LF2,NBI HIGH YIELD BOND ETF,NHYB,ETP,Mutual Fund,Equity,TX,Bond,search
BBG00RQ30LG1,NBI HIGH YIELD BOND ETF,NHYB,ETP,Mutual Fund,Equity,TA,Bond,search
BBG00Y79MD50,X USD HIGH YIELD BOND,XUHYL,ETP,Mutual Fund,Equity,L1,Bond,search
BBG0147P49R4,X USD HIGH YIELD BOND,XTTXF,ETP,Mutual Fund,Equity,US,Bond,search
BBG0147P4B53,X USD HIGH YIELD BOND,XTTXF,ETP,Mutual Fund,Equity,PQ,Bond,search
BBG018H9L2W0,AMUNDI EURO HIGH YIELD BOND,AHYE,ETP,Mutual Fund,Equity,LA,Bond,search
BBG018J37MQ0,AMUNDI EURO HIGH YIELD BOND,AHYE,ETP,Mutual Fund,Equity,LU,Bond,search
BBG019LPM8P1,MACKENZIE US HIGH YIELD BOND,QHY,ETP,Mutual Fund,Equity,BF,Bond,search
BBG01F80WX71,SCHWAB HIGH YIELD BOND ETF,SCYB,ETP,Mutual Fund,Equity,US,Bond,search
BBG01F80WXK6,SCHWAB HIGH YIELD BOND ETF,SCYB,ETP,Mutual Fund,Equity,UM,Bond,search
BBG01J15JKP2,MACKENZIE US HIGH YIELD BOND,QHY,ETP,Mutual Fund,Equity,HX,Bond,search
BBG01KG9R8K8,X USD HIGH YIELD BOND,XUHYCHF,ETP,Mutual Fund,Equity,EO,Bond,search
BBG01QPRKMH5,TCW HIGH YIELD BOND ETF,HYBX,ETP,Mutual Fund,Equity,VG,Bond,search
BBG01TW68187,VANECK INT HIGH YIELD BOND,IHYEUR,ETP,Mutual Fund,Equity,X2,Bond,search
BBG01TW681T4,VANECK INT HIGH YIELD BOND,IHYEUR,ETP,Mutual Fund,Equity,E1,Bond,search
BBG01TW68221,VANECK INT HIGH YIELD BOND,IHYEUR,ETP,Mutual Fund,Equity,XX,Bond,search
BBG01VKBFGD7,CAP GROUP HIGH YIELD BOND,CGHY,ETP,Mutual Fund,Equity,UD,Bond,search
BBG01VKBFGP4,CAP GROUP HIGH YIELD BOND,CGHY,ETP,Mutual Fund,Equity,VL,Bond,search
BBG022CJ46C7,VANECK INT HIGH YIELD BOND,IHYGBP,ETP,Mutual Fund,Equity,EU,Bond,search
BBG000C205L6,VOYA HIGH YIELD BOND-A,IHYAX,Open-End Fund,Mutual Fund,Equity,US,Bond,search
BBG000HK4RD8,EUROPE HIGH YIELD BOND-EURO,01316088,Fund of Funds,Mutual Fund,Equity,JP,Bond,search
BBG000NWHY46,DUNHAM HIGH YIELD BOND-A,DAHYX,Open-End Fund,Mutual Fund,Equity,US,Bond,search
BBG000T5ZS24,CALVERT HIGH YIELD BOND-I,CYBIX,Open-End Fund,Mutual Fund,Equity,US,Bond,search
BBG002R1BH85,PGIM HIGH YIELD BOND FUND,ISD,Closed-End Fund,Mutual Fund,Equity,UA,Bond,search
BBG002R1BHK1,PGIM HIGH YIELD BOND FUND,ISD,Closed-End Fund,Mutual Fund,Equity,UX,Bond,search
BBG002R1BHX7,PGIM HIGH YIELD BOND FUND,ISD,Closed-End Fund,Mutual Fund,Equity,VJ,Bond,search
BBG002VH39Y3,VANECK INT HIGH YIELD BOND,IHY,ETP,Mutual Fund,Equity,UF,Bond,search
BBG002VH3B05,VANECK INT HIGH YIELD BOND,IHY,ETP,Mutual Fund,Equity,VJ,Bond,search
BBG008LP3553,DYNAMIC HIGH YIELD BOND-O,ODOHIINO,Open-End Fund,Mutual Fund,Equity,CN,Bond,search
BBG009J3XBH4,DYNAMIC HIGH YIELD BOND-ABEU,DYNHYBF,Open-End Fund,Mutual Fund,Equity,CN,Bond,search
BBG00JSLRBG0,MACKENZIE US HIGH YIELD BOND,QHY,ETP,Mutual Fund,Equity,TG,Bond,search
BBG00K1VHPQ3,X USD HIGH YIELD BOND,XUHYEUR,ETP,Mutual Fund,Equity,XL,Bond,search
BBG00K1VHPZ3,X USD HIGH YIELD BOND,XUHYEUR,ETP,Mutual Fund,Equity,E1,Bond,search
BBG00K1VHQ18,X USD HIGH YIELD BOND,XUHYEUR,ETP,Mutual Fund,Equity,XW,Bond,search
BBG00K1VHQ63,X USD HIGH YIELD BOND,XUHYEUR,ETP,Mutual Fund,Equity,XQ,Bond,search
BBG00K202SK6,X USD HIGH YIELD BOND,XUHYUSD,ETP,Mutual Fund,Equity,XL,Bond,search
BBG00K24RDF0,VANECK INT HIGH YIELD BOND,IHYUSD,ETP,Mutual Fund,Equity,XJ,Bond,search
BBG00K24RDH8,VANECK INT HIGH YIELD BOND,IHYUSD,ETP,Mutual Fund,Equity,XG,Bond,search
BBG00K24RDV2,VANECK INT HIGH YIELD BOND,IHYUSD,ETP,Mutual Fund,Equity,XU,Bond,search
BBG00KHD8L58,AMUNDI EURO HIGH YIELD BOND,AHYE,ETP,Mutual Fund,Equity,GT,Bond,search
BBG00KHPBSB5,AMUNDI EURO HIGH YIELD BOND,AHYE,ETP,Mutual Fund,Equity,XO,Bond,search
BBG00M3J0PV6,PGIM ACTIVE HIGH YIELD BOND,PHYL,ETP,Mutual Fund,Equity,UA,Bond,search
BBG00M3J0Q35,PGIM ACTIVE HIGH YIELD BOND,PHYL,ETP,Mutual Fund,Equity,UM,Bond,search
BBG00MJT7QP5,X USD HIGH YIELD BOND,XUHYUSD,ETP,Mutual Fund,Equity,B2,Bond,search
BBG00QHVY1K3,AMUNDI EURO HIGH YIELD BOND,AHYED,ETP,Mutual Fund,Equity,L3,Bond,search
BBG00RQ30L26,NBI HIGH YIELD BOND ETF,NHYB,ETP,Mutual Fund,Equity,CN,Bond,search
BBG00RQ30L99,NBI HIGH YIELD BOND ETF,NHYB,ETP,Mutual Fund,Equity,CJ,Bond,search
BBG00RQ30LJ8,NBI HIGH YIELD BOND ETF,NHYB,ETP,Mutual Fund,Equity,TG,Bond,search
BBG00S8XZXW1,IQAM BOND HIGH YIELD-RT,STHIYEUR,Open-End Fund,Mutual Fund,Equity,EO,Bond,search
BBG00Y79MDW0,X USD HIGH YIELD BOND,XUHYZ,ETP,Mutual Fund,Equity,L1,Bond,search
BBG01018WXK9,AMUNDI EURO HIGH YIELD BOND,AHYEM,ETP,Mutual Fund,Equity,IX,Bond,search
BBG0105WJY70,AMUNDI EURO HIGH YIELD BOND,AHYEP,ETP,Mutual Fund,Equity,IX,Bond,search
BBG010WQQM26,X USD HIGH YIELD BOND,XUHYGBX,ETP,Mutual Fund,Equity,X2,Bond,search
BBG010WQQMB6,X USD HIGH YIELD BOND,XUHYGBX,ETP,Mutual Fund,Equity,XL,Bond,search
BBG010WQQMR9,X USD HIGH YIELD BOND,XUHYGBX,ETP,Mutual Fund,Equity,XV,Bond,search
BBG014J9DN69,AMUNDI EURO HIGH YIELD BOND,AHYED,ETP,Mutual Fund,Equity,EB,Bond,search
BBG01F37HJ51,INVESCO SMA HIGH YIELD BOND,SMHYX,Open-End Fund,Mutual Fund,Equity,US,Bond,search
BBG01F80WXH0,SCHWAB HIGH YIELD BOND ETF,SCYB,ETP,Mutual Fund,Equity,UB,Bond,search
BBG01KG9R8L7,X USD HIGH YIELD BOND,XUHYCHF,ETP,Mutual Fund,Equity,X2,Bond,search
BBG01KG9R8S0,X USD HIGH YIELD BOND,XUHYCHF,ETP,Mutual Fund,Equity,XE,Bond,search
BBG01KG9R917,X USD HIGH YIELD BOND,XUHYCHF,ETP,Mutual Fund,Equity,XA,Bond,search
BBG01QPRKLS5,TCW HIGH YIELD BOND ETF,HYBX,ETP,Mutual Fund,Equity,UP,Bond,search
BBG01TW681L2,VANECK INT HIGH YIELD BOND,IHYEUR,ETP,Mutual Fund,Equity,XL,Bond,search
BBG01TW681X9,VANECK INT HIGH YIELD BOND,IHYEUR,ETP,Mutual Fund,Equity,XU,Bond,search
BBG01TW68258,VANECK INT HIGH YIELD BOND,IHYEUR,ETP,Mutual Fund,Equity,X1,Bond,search
BBG01VKBFGR2,CAP GROUP HIGH YIELD BOND,CGHY,ETP,Mutual Fund,Equity,VG,Bond,search
BBG01X4MKN91,PGIM ACTIVE HIGH YIELD BOND,PHYL,ETP,Mutual Fund,Equity,OD,Bond,search
BBG000DXDG20,IMPAX HIGH YIELD BOND-INST,PXHIX,Open-End Fund,Mutual Fund,Equity,US,Bond,search
BBG0016LBX72,COLUMBIA HIGH YIELD BOND-I,CHYZX,Open-End Fund,Mutual Fund,Equity,US,Bond,search
BBG002R1BHJ3,PGIM HIGH YIELD BOND FUND,ISD,Closed-End Fund,Mutual Fund,Equity,UM,Bond,search
BBG002VH39C7,VANECK INT HIGH YIELD BOND,IHY,ETP,Mutual Fund,Equity,UA,Bond,search
BBG0084B4HG4,VANECK INT HIGH YIELD BOND,VEFG,ETP,Mutual Fund,Equity,TH,Bond,search
BBG009CHL9B4,AQA HIGH YIELD BOND-B,AQAHYBB,Open-End Fund,Mutual Fund,Equity,MV,Bond,search
BBG00JSLRB98,MACKENZIE US HIGH YIELD BOND,QHY,ETP,Mutual Fund,Equity,TR,Bond,search
BBG00L167YR7,CONVERTIBLE TRUST,CNVBTR 0.25 02/05/24,DOMESTIC MTN,Corp,Corp,NOT LISTED,Bond,search
BBG0000VYG25,UBS CONVERTIBLE JERSEY,UBS 12.5 06/09/11 UBS,DOMESTIC,Corp,Corp,NOT LISTED,Bond,search
BBG01BHZJ542,J&T ARCH CONVERTIBLE,JTARCC 0 11/02/32,DOMESTIC,Corp,Corp,PRAGUE,Bond,search
BBG0007Z9N04,YHOO CVT BOND ENHANCED T,YHOOCV 0 03/15/08 144A,PRIV PLACEMENT,Corp,Corp,TRACE,Bond,search
BBG00068TYF3,CONV ASSET REPACK TRUST,CARTS F 08/20/03 144A,PRIV PLACEMENT,Corp,Corp,,Bond,search
BBG0000HZ2G1,IR CONV BOND ENHANCED TR,INRAND 3.015 03/09/12 144A,PRIV PLACEMENT,Corp,Corp,NOT LISTED,Bond,search
BBG0000VYZS5,COST CVT BOND ENH TRUST,COSTCV 0 08/21/17,PRIV PLACEMENT,Corp,Corp,NOT LISTED,Bond,search
BBG00080JT24,CCL CONVERT BOND TRUST,CCLCVR 2 04/10/08 144A,US DOMESTIC,Corp,Corp,,Bond,search
BBG000047DC1,COST CVT BOND ENH TRUST,COSTCV 1 08/18/17,PRIV PLACEMENT,Corp,Corp,NOT LISTED,Bond,search
BBG0006TV4C3,GLW ENHANCED CVT BOND TR,GLWCVT 0 10/25/05 144A,PRIV PLACEMENT,Corp,Corp,,Bond,search
BBG0007M90G6,COST CVT BOND ENH TRUST,COSTCV 0 08/01/07 144A,PRIV PLACEMENT,Corp,Corp,NOT LISTED,Bond,search
BBG001P10TP6,CONVRT BD ENHNCE TR 11-2,CONVBD 5.25 03/15/14 144A,PRIV PLACEMENT,Corp,Corp,NOT LISTED,Bond,search
BBG001LZ4MG6,CONV BOND ENHD TRST 11-1,CONVBD 1.5 02/19/24,PRIV PLACEMENT,Corp,Corp,TRACE,Bond,search
BBG001963ZD9,CONV BOND ENHD TRST 10-3,CONVBD 0.375 02/01/13 144A,PRIV PLACEMENT,Corp,Corp,NOT LISTED,Bond,search
BBG00085Q4R3,SILVER CVT ARBITRAGE LTD,SILVAR 0 09/26/08,PRIV PLACEMENT,Corp,Corp,NOT LISTED,Bond,search
BBG00PT2Y3T3,CNVBTBLE TRUST ENGY 2019,CNVENG 0.33 09/19/24,DOMESTIC MTN,Corp,Corp,NOT LISTED,Bond,search
BBG00MDXZDK5,CNVRTBL TRST CSM 2018 1,CNVCSS 0.25 01/17/24,DOMESTIC MTN,Corp,Corp,NOT LISTED,Bond,search
BBG003D4VDG0,CONVRT BD ENHANCE TR 12-,CONVBD 2.875 01/20/38 144A,PRIV PLACEMENT,Corp,Corp,TRACE,Bond,search
BBG00QKLM9P2,CNV TRUST MS 2019 1,CNVTMS 0.25 12/04/24,DOMESTIC MTN,Corp,Corp,NOT LISTED,Bond,search
BBG000SLWQ81,CRUDE OIL INDEX,MCXCROL,Physical commodity spot.,Comdty,Comdty,MCI,Commodity,search
BBG00BP6NSS7,Crude Oil Calendar,HDI1,Financial commodity generic.,Future,Comdty,DME,Commodity,search
BBG007WL00Y4,Crude oil Mini,MCXCROM,Physical commodity spot.,Comdty,Comdty,MCI,Commodity,search
BBG001Y4Y1Y4,ICEX Crude Oil    e,CROIL,Financial commodity spot.,Comdty,Comdty,INX,Commodity,search
BBG008058YF1,Mini Dubai Crude Oil,DBTBALMO 20150127,Physical commodity spot.,Comdty,Comdty,NYM,Commodity,search
BBG0081RC819,Mini Dubai Crude Oil,DBTBALMO 20150308,Physical commodity spot.,Comdty,Comdty,NYM,Commodity,search
BBG0081RC828,Mini Dubai Crude Oil,DBTBALMO 20150313,Physical commodity spot.,Comdty,Comdty,NYM,Commodity,search
BBG0087B8421,Mini Dubai Crude Oil,DBTBALMO 20150428,Physical commodity spot.,Comdty,Comdty,NYM,Commodity,search
BBG0087B84D9,Mini Dubai Crude Oil,DBTBALMO 20150414,Physical commodity spot.,Comdty,Comdty,NYM,Commodity,search
BBG0087B84J3,Mini Dubai Crude Oil,DBTBALMO 20150423,Physical commodity spot.,Comdty,Comdty,NYM,Commodity,search
BBG0087B85R1,Mini Dubai Crude Oil,DBTBALMO 20150430,Physical commodity spot.,Comdty,Comdty,NYM,Commodity,search
BBG0087B85Y3,Mini Dubai Crude Oil,DBTBALMO 20150427,Physical commodity spot.,Comdty,Comdty,NYM,Commodity,search
BBG0087B8662,Mini Dubai Crude Oil,DBTBALMO 20150407,Physical commodity spot.,Comdty,Comdty,NYM,Commodity,search
BBG008FGQF71,Mini Dubai Crude Oil,DBTBALMO 20150504,Physical commodity spot.,Comdty,Comdty,NYM,Commodity,search
BBG008FGQFC5,Mini Dubai Crude Oil,DBTBALMO 20150507,Physical commodity spot.,Comdty,Comdty,NYM,Commodity,search
BBG008FGQG24,Mini Dubai Crude Oil,DBTBALMO 20150506,Physical commodity spot.,Comdty,Comdty,NYM,Commodity,search
BBG008MNYZX6,Mini Dubai Crude Oil,DBTBALMO 20150601,Physical commodity spot.,Comdty,Comdty,NYM,Commodity,search
BBG008MNZ017,Mini Dubai Crude Oil,DBTBALMO 20150615,Physical commodity spot.,Comdty,Comdty,NYM,Commodity,search
BBG008MNZ035,Mini Dubai Crude Oil,DBTBALMO 20150616,Physical commodity spot.,Comdty,Comdty,NYM,Commodity,search
BBG008MNZ044,Mini Dubai Crude Oil,DBTBALMO 20150612,Physical commodity spot.,Comdty,Comdty,NYM,Commodity,search
BBG008MNZ0B6,Mini Dubai Crude Oil,DBTBALMO 20150628,Physical commodity spot.,Comdty,Comdty,NYM,Commodity,search
BBG008MNZ2W9,Mini Dubai Crude Oil,DBTBALMO 20150611,Physical commodity spot.,Comdty,Comdty,NYM,Commodity,search
BBG009BLZFB7,Mini Dubai Crude Oil,DBTBALMO 20150708,Physical commodity spot.,Comdty,Comdty,NYM,Commodity,search
BBG009BLZG34,Mini Dubai Crude Oil,DBTBALMO 20150726,Physical commodity spot.,Comdty,Comdty,NYM,Commodity,search
BBG009BLZGC4,Mini Dubai Crude Oil,DBTBALMO 20150731,Physical commodity spot.,Comdty,Comdty,NYM,Commodity,search
BBG009JD7C16,Mini Dubai Crude Oil,DBTBALMO 20150816,Physical commodity spot.,Comdty,Comdty,NYM,Commodity,search
BBG009QVH7T8,Mini Dubai Crude Oil,DBTBALMO 20150902,Physical commodity spot.,Comdty,Comdty,NYM,Commodity,search
BBG00B4NLMQ0,Mini Dubai Crude Oil,DBTBALMO 20151111,Physical commodity spot.,Comdty,Comdty,NYM,Commodity,search
BBG00B4NLN88,Mini Dubai Crude Oil,DBTBALMO 20151119,Physical commodity spot.,Comdty,Comdty,NYM,Commodity,search
BBG00B4NLR16,Mini Dubai Crude Oil,DBTBALMO 20151129,Physical commodity spot.,Comdty,Comdty,NYM,Commodity,search
BBG00BL1YJ64,Mini Dubai Crude Oil,DBTBALMO 20160119,Physical commodity spot.,Comdty,Comdty,NYM,Commodity,search
BBG00BL1YJT9,Mini Dubai Crude Oil,DBTBALMO 20160127,Physical commodity spot.,Comdty,Comdty,NYM,Commodity,search
BBG00BT1C9Y1,Mini Dubai Crude Oil,DBTBALMO 20160216,Physical commodity spot.,Comdty,Comdty,NYM,Commodity,search
BBG00C3M95Q2,Mini Dubai Crude Oil,DBTBALMO 20160301,Physical commodity spot.,Comdty,Comdty,NYM,Commodity,search
BBG00C3M95Y3,Mini Dubai Crude Oil,DBTBALMO 20160307,Physical commodity spot.,Comdty,Comdty,NYM,Commodity,search
BBG00C3M96Y1,Mini Dubai Crude Oil,DBTBALMO 20160321,Physical commodity spot.,Comdty,Comdty,NYM,Commodity,search
BBG00CCMGCV3,Mini Dubai Crude Oil,DBTBALMO 20160406,Physical commodity spot.,Comdty,Comdty,NYM,Commodity,search
BBG00CCMGCY0,Mini Dubai Crude Oil,DBTBALMO 20160414,Physical commodity spot.,Comdty,Comdty,NYM,Commodity,search
BBG00CCMGD78,Mini Dubai Crude Oil,DBTBALMO 20160418,Physical commodity spot.,Comdty,Comdty,NYM,Commodity,search
BBG00CCMGD87,Mini Dubai Crude Oil,DBTBALMO 20160426,Physical commodity spot.,Comdty,Comdty,NYM,Commodity,search
BBG00CTPRGK9,Mini Dubai Crude Oil,DBTBALMO 20160615,Physical commodity spot.,Comdty,Comdty,NYM,Commodity,search
BBG00D0WCJ14,Mini Dubai Crude Oil,DBTBALMO 20160729,Physical commodity spot.,Comdty,Comdty,NYM,Commodity,search
BBG00D0WCJ87,Mini Dubai Crude Oil,DBTBALMO 20160710,Physical commodity spot.,Comdty,Comdty,NYM,Commodity,search
BBG00D8DXWD3,Mini Dubai Crude Oil,DBTBALMO 20160829,Physical commodity spot.,Comdty,Comdty,NYM,Commodity,search
BBG00DJ0WGR0,Mini Dubai Crude Oil,DBTBALMO 20160928,Physical commodity spot.,Comdty,Comdty,NYM,Commodity,search
BBG00DJ0WGZ1,Mini Dubai Crude Oil,DBTBALMO 20160915,Physical commodity spot.,Comdty,Comdty,NYM,Commodity,search
BBG00DR26153,Mini Dubai Crude Oil,DBTBALMO 20161007,Physical commodity spot.,Comdty,Comdty,NYM,Commodity,search
BBG00DY94ZW7,Mini Dubai Crude Oil,DBTBALMO 20161111,Physical commodity spot.,Comdty,Comdty,NYM,Commodity,search
BBG00DY94ZY5,Mini Dubai Crude Oil,DBTBALMO 20161104,Physical commodity spot.,Comdty,Comdty,NYM,Commodity,search
BBG00DY95026,Mini Dubai Crude Oil,DBTBALMO 20161113,Physical commodity spot.,Comdty,Comdty,NYM,Commodity,search
BBG00DY95099,Mini Dubai Crude Oil,DBTBALMO 20161118,Physical commodity spot.,Comdty,Comdty,NYM,Commodity,search
BBG00FGBSQR7,Mini Dubai Crude Oil,DBTBALMO 20170116,Physical commodity spot.,Comdty,Comdty,NYM,Commodity,search
BBG00FGBSRK2,Mini Dubai Crude Oil,DBTBALMO 20170126,Physical commodity spot.,Comdty,Comdty,NYM,Commodity,search
BBG00FP70ZF9,Mini Dubai Crude Oil,DBTBALMO 20170216,Physical commodity spot.,Comdty,Comdty,NYM,Commodity,search
BBG00FP70ZH7,Mini Dubai Crude Oil,DBTBALMO 20170213,Physical commodity spot.,Comdty,Comdty,NYM,Commodity,search
BBG00FP70ZL2,Mini Dubai Crude Oil,DBTBALMO 20170217,Physical commodity spot.,Comdty,Comdty,NYM,Commodity,search
BBG00FX1M1H2,Mini Dubai Crude Oil,DBTBALMO 20170317,Physical commodity spot.,Comdty,Comdty,NYM,Commodity,search
BBG00FX1M1L7,Mini Dubai Crude Oil,DBTBALMO 20170323,Physical commodity spot.,Comdty,Comdty,NYM,Commodity,search
BBG00FX1M6C6,Mini Dubai Crude Oil,DBTBALMO 20170315,Physical commodity spot.,Comdty,Comdty,NYM,Commodity,search
BBG00G3WZ109,Mini Dubai Crude Oil,DBTBALMO 20170413,Physical commodity spot.,Comdty,Comdty,NYM,Commodity,search
BBG00G3WZ1T8,Mini Dubai Crude Oil,DBTBALMO 20170423,Physical commodity spot.,Comdty,Comdty,NYM,Commodity,search
BBG00GCXKDN2,Mini Dubai Crude Oil,DBTBALMO 20170529,Physical commodity spot.,Comdty,Comdty,NYM,Commodity,search
BBG00GCXKDR8,Mini Dubai Crude Oil,DBTBALMO 20170525,Physical commodity spot.,Comdty,Comdty,NYM,Commodity,search
BBG00GVJMRB2,Mini Dubai Crude Oil,DBTBALMO 20170703,Physical commodity spot.,Comdty,Comdty,NYM,Commodity,search
BBG00GVJMRF8,Mini Dubai Crude Oil,DBTBALMO 20170717,Physical commodity spot.,Comdty,Comdty,NYM,Commodity,search
BBG00GVJMRP7,Mini Dubai Crude Oil,DBTBALMO 20170718,Physical commodity spot.,Comdty,Comdty,NYM,Commodity,search
BBG00H2PBBG0,Mini Dubai Crude Oil,DBTBALMO 20170823,Physical commodity spot.,Comdty,Comdty,NYM,Commodity,search
BBG00H2PBBM3,Mini Dubai Crude Oil,DBTBALMO 20170831,Physical commodity spot.,Comdty,Comdty,NYM,Commodity,search
BBG00HMDMDV2,Mini Dubai Crude Oil,DBTBALMO 20171020,Physical commodity spot.,Comdty,Comdty,NYM,Commodity,search
BBG00HMDMDX0,Mini Dubai Crude Oil,DBTBALMO 20171008,Physical commodity spot.,Comdty,Comdty,NYM,Commodity,search
BBG00HVRX9N7,Mini Dubai Crude Oil,DBTBALMO 20171109,Physical commodity spot.,Comdty,Comdty,NYM,Commodity,search
BBG00J3Y2PW7,Mini Dubai Crude Oil,DBTBALMO 20171224,Physical commodity spot.,Comdty,Comdty,NYM,Commodity,search
BBG00JDRYBD8,Mini Dubai Crude Oil,DBTBALMO 20180102,Physical commodity spot.,Comdty,Comdty,NYM,Commodity,search
BBG00JDRYFH5,Mini Dubai Crude Oil,DBTBALMO 20180122,Physical commodity spot.,Comdty,Comdty,NYM,Commodity,search
BBG00JNBHL94,Mini Dubai Crude Oil,DBTBALMO 20180226,Physical commodity spot.,Comdty,Comdty,NYM,Commodity,search
BBG00JYDZ4S5,Mini Dubai Crude Oil,DBTBALMO 20180307,Physical commodity spot.,Comdty,Comdty,NYM,Commodity,search
BBG00JYDZ557,Mini Dubai Crude Oil,DBTBALMO 20180312,Physical commodity spot.,Comdty,Comdty,NYM,Commodity,search
BBG00K7DD6C8,Mini Dubai Crude Oil,DBTBALMO 20180423,Physical commodity spot.,Comdty,Comdty,NYM,Commodity,search
BBG00K7DD7N4,Mini Dubai Crude Oil,DBTBALMO 20180409,Physical commodity spot.,Comdty,Comdty,NYM,Commodity,search
BBG00KHDKVW2,Mini Dubai Crude Oil,DBTBALMO 20180507,Physical commodity spot.,Comdty,Comdty,NYM,Commodity,search
BBG00KTF3W33,Mini Dubai Crude Oil,DBTBALMO 20180608,Physical commodity spot.,Comdty,Comdty,NYM,Commodity,search
BBG00L2M3HT0,Mini Dubai Crude Oil,DBTBALMO 20180729,Physical commodity spot.,Comdty,Comdty,NYM,Commodity,search
BBG00L2M3JN2,Mini Dubai Crude Oil,DBTBALMO 20180718,Physical commodity spot.,Comdty,Comdty,NYM,Commodity,search
BBG00L2M3JQ9,Mini Dubai Crude Oil,DBTBALMO 20180723,Physical commodity spot.,Comdty,Comdty,NYM,Commodity,search
BBG00LBNY2T7,Mini Dubai Crude Oil,DBTBALMO 20180810,Physical commodity spot.,Comdty,Comdty,NYM,Commodity,search
BBG00LLWZ4T1,Mini Dubai Crude Oil,DBTBALMO 20180909,Physical commodity spot.,Comdty,Comdty,NYM,Commodity,search
BBG00LLWZ518,Mini Dubai Crude Oil,DBTBALMO 20180916,Physical commodity spot.,Comdty,Comdty,NYM,Commodity,search
BBG00LLWZ581,Mini Dubai Crude Oil,DBTBALMO 20180926,Physical commodity spot.,Comdty,Comdty,NYM,Commodity,search
BBG00LLWZ6B5,Mini Dubai Crude Oil,DBTBALMO 20180924,Physical commodity spot.,Comdty,Comdty,NYM,Commodity,search
BBG00LWL2C20,Mini Dubai Crude Oil,DBTBALMO 20181009,Physical commodity spot.,Comdty,Comdty,NYM,Commodity,search
BBG00LWL2C84,Mini Dubai Crude Oil,DBTBALMO 20181017,Physical commodity spot.,Comdty,Comdty,NYM,Commodity,search
BBG00LWL2CD8,Mini Dubai Crude Oil,DBTBALMO 20181030,Physical commodity spot.,Comdty,Comdty,NYM,Commodity,search
BBG00M4W9W15,Mini Dubai Crude Oil,DBTBALMO 20181113,Physical commodity spot.,Comdty,Comdty,NYM,Commodity,search
BBG00M4W9W33,Mini Dubai Crude Oil,DBTBALMO 20181115,Physical commodity spot.,Comdty,Comdty,NYM,Commodity,search
BBG00M4W9WF0,Mini Dubai Crude Oil,DBTBALMO 20181127,Physical commodity spot.,Comdty,Comdty,NYM,Commodity,search
BBG00MGG7705,Mini Dubai Crude Oil,DBTBALMO 20181211,Physical commodity spot.,Comdty,Comdty,NYM,Commodity,search
BBG00MGG7750,Mini Dubai Crude Oil,DBTBALMO 20181213,Physical commodity spot.,Comdty,Comdty,NYM,Commodity,search
BBG00MGG78N8,Mini Dubai Crude Oil,DBTBALMO 20181231,Physical commodity spot.,Comdty,Comdty,NYM,Commodity,search
BBG00MQ778L9,Mini Dubai Crude Oil,DBTBALMO 20190102,Physical commodity spot.,Comdty,Comdty,NYM,Commodity,search
BBG00MQ778Z4,Mini Dubai Crude Oil,DBTBALMO 20190108,Physical commodity spot.,Comdty,Comdty,NYM,Commodity,search
BBG000V9SQ52,GOLD MUMBAI,DPURMU,Physical commodity spot.,Comdty,Comdty,NDX,Commodity,search
BBG000VJ5YR4,GOLD INDEX,MCXGOLD,Physical commodity spot.,Comdty,Comdty,MCI,Commodity,search
BBG000L58J95,GOLD SPOT (¥),GOLDJY,Physical commodity spot.,Comdty,Comdty,,Commodity,search
BBG000N7SJF0,GOLD SPOT (TCM),EGCY,Physical commodity spot.,Comdty,Comdty,TCM,Commodity,search
BBG00H3T9VD3,LME GOLD FORWARD,LMAUDP 20220316,Physical commodity forward.,Prompt Forward,Comdty,LME,Commodity,search
BBG00H3T9VN2,LME GOLD FORWARD,LMAUDP 20181219,Physical commodity forward.,Prompt Forward,Comdty,LME,Commodity,search
BBG00H3T9VS7,LME GOLD FORWARD,LMAUDP 20181121,Physical commodity forward.,Prompt Forward,Comdty,LME,Commodity,search
BBG00H3T9VV3,LME GOLD FORWARD,LMAUDP 20210317,Physical commodity forward.,Prompt Forward,Comdty,LME,Commodity,search
BBG00H3T9W23,LME GOLD SPREAD,LMAUDS 00-170710,Physical commodity spot.,Comdty,Comdty,LME,Commodity,search
BBG00H41BY17,LME GOLD FORWARD,LMAUDP 20171003,Physical commodity forward.,Prompt Forward,Comdty,LME,Commodity,search
BBG00H5WGPY6,LME GOLD FORWARD,LMAUDP 20170822,Physical commodity forward.,Prompt Forward,Comdty,LME,Commodity,search
BBG00H8ZWDT1,LME GOLD SPREAD,LMAUDS 00-171019,Physical commodity spot.,Comdty,Comdty,LME,Commodity,search
BBG00HBZ51J4,LME GOLD FORWARD,LMAUDP 20220720,Physical commodity forward.,Prompt Forward,Comdty,LME,Commodity,search
BBG00HBZ53J0,LME GOLD FORWARD,LMAUDP 20180207,Physical commodity forward.,Prompt Forward,Comdty,LME,Commodity,search
BBG00HCYTLX0,LME GOLD FORWARD,LMAUDP 20170911,Physical commodity forward.,Prompt Forward,Comdty,LME,Commodity,search
BBG00HDB1B61,LME GOLD FORWARD,LMAUDP 20171107,Physical commodity forward.,Prompt Forward,Comdty,LME,Commodity,search
BBG00HFBTHH4,LME GOLD FORWARD,LMAUDP 20171110,Physical commodity forward.,Prompt Forward,Comdty,LME,Commodity,search
BBG00HFX2K15,LME GOLD SPREAD,LMAUDS 00-170921,Physical commodity spot.,Comdty,Comdty,LME,Commodity,search
BBG00HJ4QHJ7,LME GOLD SPREAD,LMAUDS 00-171114,Physical commodity spot.,Comdty,Comdty,LME,Commodity,search
BBG00HK2K8B3,LME GOLD FORWARD,LMAUDP 20170928,Physical commodity forward.,Prompt Forward,Comdty,LME,Commodity,search
BBG00HMQFST1,LME GOLD SPREAD,LMAUDS 00-171128,Physical commodity spot.,Comdty,Comdty,LME,Commodity,search
BBG00HPJPM07,LME GOLD FORWARD,LMAUDP 20171212,Physical commodity forward.,Prompt Forward,Comdty,LME,Commodity,search
BBG00HSFRJ16,LME GOLD SPREAD,LMAUDS 00-171213,Physical commodity spot.,Comdty,Comdty,LME,Commodity,search
BBG00HTC8SQ6,LME GOLD SPREAD,LMAUDS 170926-170927,Physical commodity spot.,Comdty,Comdty,LME,Commodity,search
BBG00HTCJ8V2,LME GOLD SPREAD,LMAUDS 170925-171115,Physical commodity spot.,Comdty,Comdty,LME,Commodity,search
BBG00HVQGQ14,LME GOLD SPREAD,LMAUDS 00-171106,Physical commodity spot.,Comdty,Comdty,LME,Commodity,search
BBG00HWCGF63,LME GOLD SPREAD,LMAUDS 00-171227,Physical commodity spot.,Comdty,Comdty,LME,Commodity,search
BBG00HZHJ443,LME GOLD SPREAD,LMAUDS 00-171120,Physical commodity spot.,Comdty,Comdty,LME,Commodity,search
BBG00HZV8B02,LME GOLD SPREAD,LMAUDS 00-180111,Physical commodity spot.,Comdty,Comdty,LME,Commodity,search
BBG00J02XXM0,LME GOLD FORWARD,LMAUDP 20180119,Physical commodity forward.,Prompt Forward,Comdty,LME,Commodity,search
BBG00J3Y55H5,LME GOLD FORWARD,LMAUDP 20180509,Physical commodity forward.,Prompt Forward,Comdty,LME,Commodity,search
BBG00JDYBQ36,LME GOLD FORWARD,LMAUDP 20180305,Physical commodity forward.,Prompt Forward,Comdty,LME,Commodity,search
BBG00JGCM526,LME GOLD SPREAD,LMAUDS 171211-180516,Physical commodity spot.,Comdty,Comdty,LME,Commodity,search
BBG00JKMJFK1,LME GOLD FORWARD,LMAUDP 20180316,Physical commodity forward.,Prompt Forward,Comdty,LME,Commodity,search
BBG00JMVY7W7,LME GOLD SPREAD,LMAUDS 00-180322,Physical commodity spot.,Comdty,Comdty,LME,Commodity,search
BBG00JRK4HR3,LME GOLD SPREAD,LMAUDS 00-180409,Physical commodity spot.,Comdty,Comdty,LME,Commodity,search
BBG00JWPQLK0,LME GOLD SPREAD,LMAUDS 00-180302,Physical commodity spot.,Comdty,Comdty,LME,Commodity,search
BBG00K1XCF86,LME GOLD SPREAD,LMAUDS 00-180503,Physical commodity spot.,Comdty,Comdty,LME,Commodity,search
BBG00K2K02C0,LME GOLD FORWARD,LMAUDP 20180515,Physical commodity forward.,Prompt Forward,Comdty,LME,Commodity,search
BBG00K2K02D9,LME GOLD SPREAD,LMAUDS 00-180508,Physical commodity spot.,Comdty,Comdty,LME,Commodity,search
BBG00K2RK4Y5,LME GOLD SPREAD,LMAUDS 00-180509,Physical commodity spot.,Comdty,Comdty,LME,Commodity,search
BBG00K4MF0Y8,LME GOLD FORWARD,LMAUDP 20180518,Physical commodity forward.,Prompt Forward,Comdty,LME,Commodity,search
BBG00K60YFY0,LME GOLD SPREAD,LMAUDS 00-180517,Physical commodity spot.,Comdty,Comdty,LME,Commodity,search
BBG00K639J92,LME GOLD SPREAD,LMAUDS J18K18,Physical commodity spot.,Comdty,Comdty,LME,Commodity,search
BBG00K64S704,LME GOLD FORWARD,LMAUDP 20180524,Physical commodity forward.,Prompt Forward,Comdty,LME,Commodity,search
BBG00K7DH1H0,LME GOLD FORWARD,LMAUDP 20180912,Physical commodity forward.,Prompt Forward,Comdty,LME,Commodity,search
BBG00K7DH1J8,LME GOLD FORWARD,LMAUDP 20180926,Physical commodity forward.,Prompt Forward,Comdty,LME,Commodity,search
BBG00K7JSH26,LME GOLD FORWARD,LMAUDP 20230315,Physical commodity forward.,Prompt Forward,Comdty,LME,Commodity,search
BBG00K8F1KQ9,LME GOLD SPREAD,LMAUDS 00-180531,Physical commodity spot.,Comdty,Comdty,LME,Commodity,search
BBG00KG0NFR9,LME GOLD FORWARD,LMAUDP 20180625,Physical commodity forward.,Prompt Forward,Comdty,LME,Commodity,search
BBG00KHZ81S8,LME GOLD SPREAD,LMAUDS 00-180510,Physical commodity spot.,Comdty,Comdty,LME,Commodity,search
BBG00KL6BRD2,LME GOLD FORWARD,LMAUDP 20180712,Physical commodity forward.,Prompt Forward,Comdty,LME,Commodity,search
BBG00KR6F407,LME GOLD SPREAD,LMAUDS 00-180716,Physical commodity spot.,Comdty,Comdty,LME,Commodity,search
BBG00KT2SF05,LME GOLD SPREAD,LMAUDS 180430-180516,Physical commodity spot.,Comdty,Comdty,LME,Commodity,search
BBG00KVCD0L6,LME GOLD SPREAD,LMAUDS 00-180727,Physical commodity spot.,Comdty,Comdty,LME,Commodity,search
BBG00KVCD170,LME GOLD FORWARD,LMAUDP 20180803,Physical commodity forward.,Prompt Forward,Comdty,LME,Commodity,search
BBG00L1G1VL3,LME GOLD SPREAD,LMAUDS 00-180821,Physical commodity spot.,Comdty,Comdty,LME,Commodity,search
BBG00L2M6RR7,LME GOLD FORWARD,LMAUDP 20181212,Physical commodity forward.,Prompt Forward,Comdty,LME,Commodity,search
BBG00L2S7H86,LME GOLD FORWARD,LMAUDP 20180904,Physical commodity forward.,Prompt Forward,Comdty,LME,Commodity,search
BBG00L3DB197,LME GOLD FORWARD,LMAUDP 20180906,Physical commodity forward.,Prompt Forward,Comdty,LME,Commodity,search
BBG00L4HJQF7,LME GOLD FORWARD,LMAUDP 20180911,Physical commodity forward.,Prompt Forward,Comdty,LME,Commodity,search
BBG00L4HJQK1,LME GOLD SPREAD,LMAUDS 00-180904,Physical commodity spot.,Comdty,Comdty,LME,Commodity,search
BBG00L7GFQD2,LME GOLD SPREAD,LMAUDS 00-180724,Physical commodity spot.,Comdty,Comdty,LME,Commodity,search
BBG00L7Z3XX6,LME GOLD SPREAD,LMAUDS 180625-180718,Physical commodity spot.,Comdty,Comdty,LME,Commodity,search
BBG00LBSZH67,LME GOLD FORWARD,LMAUDP 20190109,Physical commodity forward.,Prompt Forward,Comdty,LME,Commodity,search
BBG00LCY4QZ5,LME GOLD FORWARD,LMAUDP 20181005,Physical commodity forward.,Prompt Forward,Comdty,LME,Commodity,search
BBG00LDH4T94,LME GOLD SPREAD,LMAUDS 180712-180718,Physical commodity spot.,Comdty,Comdty,LME,Commodity,search
BBG00LG05223,LME GOLD FORWARD,LMAUDP 20181015,Physical commodity forward.,Prompt Forward,Comdty,LME,Commodity,search
BBG00LL03050,LME GOLD SPREAD,LMAUDS 00-181019,Physical commodity spot.,Comdty,Comdty,LME,Commodity,search
BBG00LL47PX2,LME GOLD SPREAD,LMAUDS 180731-180815,Physical commodity spot.,Comdty,Comdty,LME,Commodity,search
BBG00LLMYTY3,LME GOLD FORWARD,LMAUDP 20181031,Physical commodity forward.,Prompt Forward,Comdty,LME,Commodity,search
BBG00LLX1NC2,LME GOLD FORWARD,LMAUDP 20190227,Physical commodity forward.,Prompt Forward,Comdty,LME,Commodity,search
BBG00LNHM4W2,LME GOLD SPREAD,LMAUDS 00-181031,Physical commodity spot.,Comdty,Comdty,LME,Commodity,search
BBG00LNMWN67,LME GOLD FORWARD,LMAUDP 20181108,Physical commodity forward.,Prompt Forward,Comdty,LME,Commodity,search
BBG00LPTMYG6,LME GOLD FORWARD,LMAUDP 20181113,Physical commodity forward.,Prompt Forward,Comdty,LME,Commodity,search
BBG00LV5ZBJ4,LME GOLD SPREAD,LMAUDS 180830-181121,Physical commodity spot.,Comdty,Comdty,LME,Commodity,search
BBG00LV8YL52,LME GOLD FORWARD,LMAUDP 20181126,Physical commodity forward.,Prompt Forward,Comdty,LME,Commodity,search
BBG00LVDRD02,LME GOLD SPREAD,LMAUDS 00-181129,Physical commodity spot.,Comdty,Comdty,LME,Commodity,search
BBG00LWPCNY1,LME GOLD SPREAD,LMAUDS 00U23,Physical commodity spot.,Comdty,Comdty,LME,Commodity,search
BBG00LXXJ762,LME GOLD FORWARD,LMAUDP 20181207,Physical commodity forward.,Prompt Forward,Comdty,LME,Commodity,search
BBG00LY4GLC0,LME GOLD SPREAD,LMAUDS 180912-180919,Physical commodity spot.,Comdty,Comdty,LME,Commodity,search
BBG00LY5YVX2,LME GOLD SPREAD,LMAUDS 00-181210,Physical commodity spot.,Comdty,Comdty,LME,Commodity,search
BBG00LY8Z919,LME GOLD SPREAD,LMAUDS 180913-180919,Physical commodity spot.,Comdty,Comdty,LME,Commodity,search
BBG00LZBMT93,LME GOLD FORWARD,LMAUDP 20181213,Physical commodity forward.,Prompt Forward,Comdty,LME,Commodity,search
BBG00LZBMTB0,LME GOLD SPREAD,LMAUDS 00-181213,Physical commodity spot.,Comdty,Comdty,LME,Commodity,search
BBG00M2Z8422,LME GOLD SPREAD,LMAUDS 180926-181017,Physical commodity spot.,Comdty,Comdty,LME,Commodity,search
BBG00M3MT490,LME GOLD SPREAD,LMAUDS 00-181227,Physical commodity spot.,Comdty,Comdty,LME,Commodity,search
BBG00M4TFKV8,LME GOLD SPREAD,LMAUDS 181003-181017,Physical commodity spot.,Comdty,Comdty,LME,Commodity,search
BBG00M509YG4,LME GOLD SPREAD,LMAUDS 181004-181017,Physical commodity spot.,Comdty,Comdty,LME,Commodity,search
BBG00M598T77,LME GOLD SPREAD,LMAUDS 00-190103,Physical commodity spot.,Comdty,Comdty,LME,Commodity,search
BBG00M6NGLN5,LME GOLD SPREAD,LMAUDS 00-190109,Physical commodity spot.,Comdty,Comdty,LME,Commodity,search
BBG00MCFHFB0,LME GOLD SPREAD,LMAUDS 181026-181121,Physical commodity spot.,Comdty,Comdty,LME,Commodity,search
BBG00MKJ3TC7,LME GOLD SPREAD,LMAUDS 181120-181121,Physical commodity spot.,Comdty,Comdty,LME,Commodity,search
BBG00MSF1XT2,LME GOLD SPREAD,LMAUDS 00-190312,Physical commodity spot.,Comdty,Comdty,LME,Commodity,search
BBG00MVHFKK6,LME GOLD SPREAD,LMAUDS 181224-181227,Physical commodity spot.,Comdty,Comdty,LME,Commodity,search
BBG00MYP4D32,LME GOLD SPREAD,LMAUDS 190102-190116,Physical commodity spot.,Comdty,Comdty,LME,Commodity,search
BBG00MZ059L4,LME GOLD SPREAD,LMAUDS 190103-210120,Physical commodity spot.,Comdty,Comdty,LME,Commodity,search
BBG00N1VR955,LME GOLD SPREAD,LMAUDS 00-190410,Physical commodity spot.,Comdty,Comdty,LME,Commodity,search
BBG00N2FWHF4,LME GOLD FORWARD,LMAUDP 20190412,Physical commodity forward.,Prompt Forward,Comdty,LME,Commodity,search
BBG00N2FWHJ0,LME GOLD SPREAD,LMAUDS 00-190412,Physical commodity spot.,Comdty,Comdty,LME,Commodity,search
BBG000Z126W7,NCDEX Natural Gas,TURALG,Physical commodity spot.,Comdty,Comdty,NDX,Commodity,search
BBG0123LXWG0,UK Natural Gas Daily,FNDAILY 20210815,Physical commodity spot.,Daily Future,Comdty,ICE,Commodity,search
BBG0123LXWP0,UK Natural Gas Daily,FNDAILY 20210821,Physical commodity spot.,Daily Future,Comdty,ICE,Commodity,search
BBG0123LXX32,UK Natural Gas Daily,FNDAILY 20210903,Physical commodity spot.,Daily Future,Comdty,ICE,Commodity,search
BBG0123LXXM1,UK Natural Gas Daily,FNDAILY 20210920,Physical commodity spot.,Daily Future,Comdty,ICE,Commodity,search
BBG0123LXY49,UK Natural Gas Daily,FNDAILY 20211008,Physical commodity spot.,Daily Future,Comdty,ICE,Commodity,search
BBG0123LXY94,UK Natural Gas Daily,FNDAILY 20211011,Physical commodity spot.,Daily Future,Comdty,ICE,Commodity,search
BBG012C304T4,UK Natural Gas Daily,FNDAILY 20211028,Physical commodity spot.,Daily Future,Comdty,ICE,Commodity,search
BBG014SVFM51,UK Natural Gas Daily,FNDAILY 20220326,Physical commodity spot.,Daily Future,Comdty,ICE,Commodity,search
BBG014ZYP8B0,UK Natural Gas Daily,FNDAILY 20220402,Physical commodity spot.,Daily Future,Comdty,ICE,Commodity,search
BBG01559B3R4,UK Natural Gas Daily,FNDAILY 20220406,Physical commodity spot.,Daily Future,Comdty,ICE,Commodity,search
BBG015JTQFH3,UK Natural Gas Daily,FNDAILY 20220423,Physical commodity spot.,Daily Future,Comdty,ICE,Commodity,search
BBG015V88LZ2,UK Natural Gas Daily,FNDAILY 20220507,Physical commodity spot.,Daily Future,Comdty,ICE,Commodity,search
BBG015Z0XQZ6,UK Natural Gas Daily,FNDAILY 20220510,Physical commodity spot.,Daily Future,Comdty,ICE,Commodity,search
BBG0160QSYB0,UK Natural Gas Daily,FNDAILY 20220512,Physical commodity spot.,Daily Future,Comdty,ICE,Commodity,search
BBG0162W17Q7,UK Natural Gas Daily,FNDAILY 20220516,Physical commodity spot.,Daily Future,Comdty,ICE,Commodity,search
BBG016Q117N2,UK Natural Gas Daily,FNDAILY 20220611,Physical commodity spot.,Daily Future,Comdty,ICE,Commodity,search
BBG0170K2764,UK Natural Gas Daily,FNDAILY 20220623,Physical commodity spot.,Daily Future,Comdty,ICE,Commodity,search
BBG017C1S382,UK Natural Gas Daily,FNDAILY 20220711,Physical commodity spot.,Daily Future,Comdty,ICE,Commodity,search
BBG017PJ2822,UK Natural Gas Daily,FNDAILY 20220721,Physical commodity spot.,Daily Future,Comdty,ICE,Commodity,search
BBG017ZBLQC6,UK Natural Gas Daily,FNDAILY 20220807,Physical commodity spot.,Daily Future,Comdty,ICE,Commodity,search
BBG0180G0K82,UK Natural Gas Daily,FNDAILY 20220809,Physical commodity spot.,Daily Future,Comdty,ICE,Commodity,search
BBG018H7CWT2,UK Natural Gas Daily,FNDAILY 20220827,Physical commodity spot.,Daily Future,Comdty,ICE,Commodity,search
BBG018NRL1M6,UK Natural Gas Daily,FNDAILY 20220907,Physical commodity spot.,Daily Future,Comdty,ICE,Commodity,search
BBG018PQM5Q2,UK Natural Gas Daily,FNDAILY 20220908,Physical commodity spot.,Daily Future,Comdty,ICE,Commodity,search
BBG018YC6MQ4,UK Natural Gas Daily,FNDAILY 20220923,Physical commodity spot.,Daily Future,Comdty,ICE,Commodity,search
BBG018YWQSJ3,UK Natural Gas Daily,FNDAILY 20220926,Physical commodity spot.,Daily Future,Comdty,ICE,Commodity,search
BBG0191L15Z0,UK Natural Gas Daily,FNDAILY 20221003,Physical commodity spot.,Daily Future,Comdty,ICE,Commodity,search
BBG0195FB7N7,UK Natural Gas Daily,FNDAILY 20221013,Physical commodity spot.,Daily Future,Comdty,ICE,Commodity,search
BBG019RP5LK0,UK Natural Gas Daily,FNDAILY 20221122,Physical commodity spot.,Daily Future,Comdty,ICE,Commodity,search
BBG019TX42Y9,UK Natural Gas Daily,FNDAILY 20221127,Physical commodity spot.,Daily Future,Comdty,ICE,Commodity,search
BBG01B9NDG77,UK Natural Gas Daily,FNDAILY 20230102,Physical commodity spot.,Daily Future,Comdty,ICE,Commodity,search
BBG01BBPHVL6,UK Natural Gas Daily,FNDAILY 20230103,Physical commodity spot.,Daily Future,Comdty,ICE,Commodity,search
BBG01BCM8D14,UK Natural Gas Daily,FNDAILY 20230104,Physical commodity spot.,Daily Future,Comdty,ICE,Commodity,search
BBG01BJVYX69,UK Natural Gas Daily,FNDAILY 20230118,Physical commodity spot.,Daily Future,Comdty,ICE,Commodity,search
BBG01BLXZDL8,UK Natural Gas Daily,FNDAILY 20230119,Physical commodity spot.,Daily Future,Comdty,ICE,Commodity,search
BBG01C3LC936,UK Natural Gas Daily,FNDAILY 20230221,Physical commodity spot.,Daily Future,Comdty,ICE,Commodity,search
BBG01C6BLB67,UK Natural Gas Daily,FNDAILY 20230302,Physical commodity spot.,Daily Future,Comdty,ICE,Commodity,search
BBG01DMP5HS7,UK Natural Gas Daily,FNDAILY 20230401,Physical commodity spot.,Daily Future,Comdty,ICE,Commodity,search
BBG01F3JFL43,UK Natural Gas Daily,FNDAILY 20230409,Physical commodity spot.,Daily Future,Comdty,ICE,Commodity,search
BBG01F5YTTT9,UK Natural Gas Daily,FNDAILY 20230412,Physical commodity spot.,Daily Future,Comdty,ICE,Commodity,search
BBG01FFNJPZ4,UK Natural Gas Daily,FNDAILY 20230421,Physical commodity spot.,Daily Future,Comdty,ICE,Commodity,search
BBG01FG7T7P8,UK Natural Gas Daily,FNDAILY 20230424,Physical commodity spot.,Daily Future,Comdty,ICE,Commodity,search
BBG01FTN3XD3,UK Natural Gas Daily,FNDAILY 20230513,Physical commodity spot.,Daily Future,Comdty,ICE,Commodity,search
BBG01G29CJH8,UK Natural Gas Daily,FNDAILY 20230529,Physical commodity spot.,Daily Future,Comdty,ICE,Commodity,search
BBG01G3R4TP5,UK Natural Gas Daily,FNDAILY 20230601,Physical commodity spot.,Daily Future,Comdty,ICE,Commodity,search
BBG01G92Z215,UK Natural Gas Daily,FNDAILY 20230618,Physical commodity spot.,Daily Future,Comdty,ICE,Commodity,search
BBG01GF32N70,UK Natural Gas Daily,FNDAILY 20230625,Physical commodity spot.,Daily Future,Comdty,ICE,Commodity,search
BBG01GG45HQ6,UK Natural Gas Daily,FNDAILY 20230628,Physical commodity spot.,Daily Future,Comdty,ICE,Commodity,search
BBG01GSHCM21,UK Natural Gas Daily,FNDAILY 20230725,Physical commodity spot.,Daily Future,Comdty,ICE,Commodity,search
BBG01GVB5VS0,UK Natural Gas Daily,FNDAILY 20230802,Physical commodity spot.,Daily Future,Comdty,ICE,Commodity,search
BBG01GVLFGS0,UK Natural Gas Daily,FNDAILY 20230831,Physical commodity spot.,Daily Future,Comdty,ICE,Commodity,search
BBG01GXVX1Z1,UK Natural Gas Daily,FNDAILY 20230907,Physical commodity spot.,Daily Future,Comdty,ICE,Commodity,search
BBG01HGTRS81,UK Natural Gas Daily,FNDAILY 20231017,Physical commodity spot.,Daily Future,Comdty,ICE,Commodity,search
BBG01HXFZQ78,UK Natural Gas Daily,FNDAILY 20231117,Physical commodity spot.,Daily Future,Comdty,ICE,Commodity,search
BBG01J144RN8,UK Natural Gas Daily,FNDAILY 20231120,Physical commodity spot.,Daily Future,Comdty,ICE,Commodity,search
BBG01J3SVLX5,UK Natural Gas Daily,FNDAILY 20231130,Physical commodity spot.,Daily Future,Comdty,ICE,Commodity,search
BBG01J564P17,UK Natural Gas Daily,FNDAILY 20231202,Physical commodity spot.,Daily Future,Comdty,ICE,Commodity,search
BBG01J67LP42,UK Natural Gas Daily,FNDAILY 20231206,Physical commodity spot.,Daily Future,Comdty,ICE,Commodity,search
BBG01J9N4H32,UK Natural Gas Daily,FNDAILY 20231214,Physical commodity spot.,Daily Future,Comdty,ICE,Commodity,search
BBG01JLHSFT1,UK Natural Gas Daily,FNDAILY 20231231,Physical commodity spot.,Daily Future,Comdty,ICE,Commodity,search
BBG01JNG3TH1,UK Natural Gas Daily,FNDAILY 20240106,Physical commodity spot.,Daily Future,Comdty,ICE,Commodity,search
BBG01JP6G0Z0,UK Natural Gas Daily,FNDAILY 20240109,Physical commodity spot.,Daily Future,Comdty,ICE,Commodity,search
BBG01JRHR8Z5,UK Natural Gas Daily,FNDAILY 20240116,Physical commodity spot.,Daily Future,Comdty,ICE,Commodity,search
BBG01JWY8KF8,UK Natural Gas Daily,FNDAILY 20240124,Physical commodity spot.,Daily Future,Comdty,ICE,Commodity,search
BBG01JZ26356,UK Natural Gas Daily,FNDAILY 20240129,Physical commodity spot.,Daily Future,Comdty,ICE,Commodity,search
BBG01K8T0Z13,UK Natural Gas Daily,FNDAILY 20240222,Physical commodity spot.,Daily Future,Comdty,ICE,Commodity,search
BBG01KC6V020,UK Natural Gas Daily,FNDAILY 20240229,Physical commodity spot.,Daily Future,Comdty,ICE,Commodity,search
BBG01KFBYZY1,UK Natural Gas Daily,FNDAILY 20240305,Physical commodity spot.,Daily Future,Comdty,ICE,Commodity,search
BBG01KH8FY25,UK Natural Gas Daily,FNDAILY 20240309,Physical commodity spot.,Daily Future,Comdty,ICE,Commodity,search
BBG01KJ8PYD0,UK Natural Gas Daily,FNDAILY 20240312,Physical commodity spot.,Daily Future,Comdty,ICE,Commodity,search
BBG01KS0BHQ5,UK Natural Gas Daily,FNDAILY 20240326,Physical commodity spot.,Daily Future,Comdty,ICE,Commodity,search
BBG01KVTDM30,UK Natural Gas Daily,FNDAILY 20240405,Physical commodity spot.,Daily Future,Comdty,ICE,Commodity,search
BBG01KXL2KJ4,UK Natural Gas Daily,FNDAILY 20240408,Physical commodity spot.,Daily Future,Comdty,ICE,Commodity,search
BBG01L88L7Z9,UK Natural Gas Daily,FNDAILY 20240501,Physical commodity spot.,Daily Future,Comdty,ICE,Commodity,search
BBG01LBV8MG7,UK Natural Gas Daily,FNDAILY 20240505,Physical commodity spot.,Daily Future,Comdty,ICE,Commodity,search
BBG01LQF7002,UK Natural Gas Daily,FNDAILY 20240529,Physical commodity spot.,Daily Future,Comdty,ICE,Commodity,search
BBG01LSGD6Z0,UK Natural Gas Daily,FNDAILY 20240531,Physical commodity spot.,Daily Future,Comdty,ICE,Commodity,search
BBG01LX8W2N3,UK Natural Gas Daily,FNDAILY 20240611,Physical commodity spot.,Daily Future,Comdty,ICE,Commodity,search
BBG01M277228,UK Natural Gas Daily,FNDAILY 20240617,Physical commodity spot.,Daily Future,Comdty,ICE,Commodity,search
BBG01M7R8059,UK Natural Gas Daily,FNDAILY 20240629,Physical commodity spot.,Daily Future,Comdty,ICE,Commodity,search
BBG01MCQ5ZC3,UK Natural Gas Daily,FNDAILY 20240712,Physical commodity spot.,Daily Future,Comdty,ICE,Commodity,search
BBG01MKWW1B7,UK Natural Gas Daily,FNDAILY 20240721,Physical commodity spot.,Daily Future,Comdty,ICE,Commodity,search
BBG01MRK3LJ6,UK Natural Gas Daily,FNDAILY 20240807,Physical commodity spot.,Daily Future,Comdty,ICE,Commodity,search
BBG01N2C1YX7,UK Natural Gas Daily,FNDAILY 20240825,Physical commodity spot.,Daily Future,Comdty,ICE,Commodity,search
BBG01N57RHJ0,UK Natural Gas Daily,FNDAILY 20240901,Physical commodity spot.,Daily Future,Comdty,ICE,Commodity,search
BBG01N66N8T4,UK Natural Gas Daily,FNDAILY 20240905,Physical commodity spot.,Daily Future,Comdty,ICE,Commodity,search
BBG01NC01K71,UK Natural Gas Daily,FNDAILY 20240917,Physical commodity spot.,Daily Future,Comdty,ICE,Commodity,search
BBG01NSM7WZ3,UK Natural Gas Daily,FNDAILY 20241016,Physical commodity spot.,Daily Future,Comdty,ICE,Commodity,search
BBG01NZJY368,UK Natural Gas Daily,FNDAILY 20241026,Physical commodity spot.,Daily Future,Comdty,ICE,Commodity,search
BBG01P416KX9,UK Natural Gas Daily,FNDAILY 20241105,Physical commodity spot.,Daily Future,Comdty,ICE,Commodity,search
BBG01PGT6G00,UK Natural Gas Daily,FNDAILY 20241126,Physical commodity spot.,Daily Future,Comdty,ICE,Commodity,search
BBG01PQG1V09,UK Natural Gas Daily,FNDAILY 20241214,Physical commodity spot.,Daily Future,Comdty,ICE,Commodity,search
BBG01PYHXPT5,UK Natural Gas Daily,FNDAILY 20241222,Physical commodity spot.,Daily Future,Comdty,ICE,Commodity,search
BBG01QKHZZC2,UK Natural Gas Daily,FNDAILY 20250131,Physical commodity spot.,Daily Future,Comdty,ICE,Commodity,search
BBG01QM8SV73,UK Natural Gas Daily,FNDAILY 20250202,Physical commodity spot.,Daily Future,Comdty,ICE,Commodity,search
BBG01QXBFVT4,UK Natural Gas Daily,FNDAILY 20250218,Physical commodity spot.,Daily Future,Comdty,ICE,Commodity,search
BBG01R0KXNG0,UK Natural Gas Daily,FNDAILY 20250226,Physical commodity spot.,Daily Future,Comdty,ICE,Commodity,search
BBG01R70CGC9,UK Natural Gas Daily,FNDAILY 20250313,Physical commodity spot.,Daily Future,Comdty,ICE,Commodity,search
BBG01RH919Y3,UK Natural Gas Daily,FNDAILY 20250327,Physical commodity spot.,Daily Future,Comdty,ICE,Commodity,search
BBG000X51BL2,Corn Spots,MAISP,Financial commodity spot.,Comdty,Comdty,RFX,Commodity,search
BBG000SN9PX7,CORN              Nov07,ACX07,Physical commodity future.,Future,Comdty,DCE,Commodity,search
BBG000V3T569,CORN              Jan05,ACF05,Physical commodity future.,Future,Comdty,DCE,Commodity,search
BBG000V5QKD6,CORN              Mar06,ACH06,Physical commodity future.,Future,Comdty,DCE,Commodity,search
BBG000XVYP29,CORN              May10,ACK10,Physical commodity future.,Future,Comdty,DCE,Commodity,search
BBG000XWLCZ4,CORN              Sep10,ACU10,Physical commodity future.,Future,Comdty,DCE,Commodity,search
BBG00162M0J1,CORN              Sep11,ACU11,Physical commodity future.,Future,Comdty,DCE,Commodity,search
BBG0036GSXS8,CORN              Jul13,ACN13,Physical commodity future.,Future,Comdty,DCE,Commodity,search
BBG00496T2D8,CORN              Mar14,ACH14,Physical commodity future.,Future,Comdty,DCE,Commodity,search
BBG0058Q4RX2,CORN              Sep14,ACU14,Physical commodity future.,Future,Comdty,DCE,Commodity,search
BBG005L76QG8,CORN              Nov14,ACX14,Physical commodity future.,Future,Comdty,DCE,Commodity,search
BBG00FRTCWR0,CORN              Jan18,ACF18,Physical commodity future.,Future,Comdty,DCE,Commodity,search
BBG00G6V04W5,CORN              Mar18,ACH18,Physical commodity future.,Future,Comdty,DCE,Commodity,search
BBG00KXN5075,CORN              May19,ACK19,Physical commodity future.,Future,Comdty,DCE,Commodity,search
BBG00PPVNLH8,CORN              Jul20,ACN20,Physical commodity future.,Future,Comdty,DCE,Commodity,search
BBG0125152Y9,Corn              Sep22,JCRU2,Physical commodity future.,Future,Comdty,ODE,Commodity,search
BBG01L0HC1T7,CORN              Jan25,ACF5,Physical commodity future.,Future,Comdty,DCE,Commodity,search
BBG01RRNTPF6,CORN              Jan26,ACF6,Physical commodity future.,Future,Comdty,DCE,Commodity,search
BBG01SVXQ555,CORN              Mar26,ACH6,Physical commodity future.,Future,Comdty,DCE,Commodity,search
BBG000W46G94,CORN              Jan08,ACF08,Physical commodity future.,Future,Comdty,DCE,Commodity,search
BBG000Z35BJ4,CORN              Jan11,ACF11,Physical commodity future.,Future,Comdty,DCE,Commodity,search
BBG0022LWY60,CORN              Sep12,ACU12,Physical commodity future.,Future,Comdty,DCE,Commodity,search
BBG008P7Z5H1,CORN              May16,ACK16,Physical commodity future.,Future,Comdty,DCE,Commodity,search
BBG00NLCPCD1,CORN              Mar20,ACH0,Physical commodity future.,Future,Comdty,DCE,Commodity,search
BBG00NWPLRW0,CORN              May19,YPRK19,Physical commodity future.,Future,Comdty,PMX,Commodity,search
BBG00SHY3JK8,CORN              Mar21,ACH21,Physical commodity future.,Future,Comdty,DCE,Commodity,search
BBG00T6NYGN1,Corn              Mar21,JCRH21,Physical commodity future.,Future,Comdty,ODE,Commodity,search
BBG00YJL8SH0,Corn              Jan22,JCRF2,Physical commodity future.,Future,Comdty,ODE,Commodity,search
BBG016W3LSH0,Corn              May23,JCRK3,Physical commodity future.,Future,Comdty,ODE,Commodity,search
BBG01FV8TK70,CORN              Mar24,ACH4,Physical commodity future.,Future,Comdty,DCE,Commodity,search
BBG01V44YPZ6,CORN              May26,ACK6,Physical commodity future.,Future,Comdty,DCE,Commodity,search
BBG01W3CWGZ9,CORN              Jul26,ACN6,Physical commodity future.,Future,Comdty,DCE,Commodity,search
BBG01ZP8KTC7,CORN              Jan27,ACF7,Physical commodity future.,Future,Comdty,DCE,Commodity,search
BBG000JW2R88,CORN              May07,ACK07,Physical commodity future.,Future,Comdty,DCE,Commodity,search
BBG000LG9055,CORN              Mar05,ACH05,Physical commodity future.,Future,Comdty,DCE,Commodity,search
BBG000LG91X2,CORN              Jul05,ACN05,Physical commodity future.,Future,Comdty,DCE,Commodity,search
BBG000T46654,CORN              Jan09,ACF09,Physical commodity future.,Future,Comdty,DCE,Commodity,search
BBG000WBGYP0,CORN              May08,ACK08,Physical commodity future.,Future,Comdty,DCE,Commodity,search
BBG000X8P463,CORN              Nov09,ACX09,Physical commodity future.,Future,Comdty,DCE,Commodity,search
BBG004TR2VV5,CORN              Jul14,ACN14,Physical commodity future.,Future,Comdty,DCE,Commodity,search
BBG005V28FJ7,CORN              Jan15,ACF15,Physical commodity future.,Future,Comdty,DCE,Commodity,search
BBG0065JQHZ5,CORN              Mar15,ACH15,Physical commodity future.,Future,Comdty,DCE,Commodity,search
BBG007488RF8,CORN              Sep15,ACU15,Physical commodity future.,Future,Comdty,DCE,Commodity,search
BBG007JTBX23,CORN              Nov15,ACX15,Physical commodity future.,Future,Comdty,DCE,Commodity,search
BBG0089BD3M3,CORN              Mar16,ACH16,Physical commodity future.,Future,Comdty,DCE,Commodity,search
BBG00BWN22Y5,CORN              Jan17,ACF17,Physical commodity future.,Future,Comdty,DCE,Commodity,search
BBG00ZMXKHB3,CORN              Mar22,ACH2,Physical commodity future.,Future,Comdty,DCE,Commodity,search
BBG0113QNGB2,CORN              May22,ACK2,Physical commodity future.,Future,Comdty,DCE,Commodity,search
BBG0132GKK25,Corn              Nov22,JCRX2,Physical commodity future.,Future,Comdty,ODE,Commodity,search
BBG015D2VZ06,Corn              Mar23,JCRH3,Physical commodity future.,Future,Comdty,ODE,Commodity,search
BBG01HGDD0Y3,CORN              Jul24,ACN4,Physical commodity future.,Future,Comdty,DCE,Commodity,search
BBG01JCXFZX1,CORN              Sep24,ACU4,Physical commodity future.,Future,Comdty,DCE,Commodity,search
BBG01NRR0Y31,CORN              Jul25,ACN25,Physical commodity future.,Future,Comdty,DCE,Commodity,search
BBG000Q8G6F6,CORN              May06,ACK06,Physical commodity future.,Future,Comdty,DCE,Commodity,search
BBG000V3T3C7,CORN              Jan06,ACF06,Physical commodity future.,Future,Comdty,DCE,Commodity,search
BBG000Z9SDV8,CORN              Mar11,ACH11,Physical commodity future.,Future,Comdty,DCE,Commodity,search
BBG002ZGXSP6,CORN              May13,ACK13,Physical commodity future.,Future,Comdty,DCE,Commodity,search
BBG00GQ54T15,CORN              May18,ACK18,Physical commodity future.,Future,Comdty,DCE,Commodity,search
BBG00P5KL750,CORN              May20,ACK20,Physical commodity future.,Future,Comdty,DCE,Commodity,search
BBG00Q99WRR9,CORN              Sep20,ACU20,Physical commodity future.,Future,Comdty,DCE,Commodity,search
BBG00RDGPY35,CORN              Jan21,ACF21,Physical commodity future.,Future,Comdty,DCE,Commodity,search
BBG00VHVKJ55,Corn              Jul21,JCRN21,Physical commodity future.,Future,Comdty,ODE,Commodity,search
BBG00Z8ZDDQ5,Corn              Mar22,JCRH2,Physical commodity future.,Future,Comdty,ODE,Commodity,search
BBG01M0S32M6,CORN              Mar25,ACH25,Physical commodity future.,Future,Comdty,DCE,Commodity,search
BBG01MYN95T0,CORN              May25,ACK25,Physical commodity future.,Future,Comdty,DCE,Commodity,search
BBG022GKCPB0,CORN              May27,ACK7,Physical commodity future.,Future,Comdty,DCE,Commodity,search
BBG000NHG9Y2,CORN              Mar09,ACH09,Physical commodity future.,Future,Comdty,DCE,Commodity,search
BBG000YB2WR5,CORN              Nov10,ACX10,Physical commodity future.,Future,Comdty,DCE,Commodity,search
BBG001PH0760,CORN              May12,ACK12,Physical commodity future.,Future,Comdty,DCE,Commodity,search
BBG00CG68FV6,CORN              Mar17,ACH17,Physical commodity future.,Future,Comdty,DCE,Commodity,search
BBG00LZQFGS5,CORN              Sep19,ACU19,Physical commodity future.,Future,Comdty,DCE,Commodity,search
BBG00T6NYH22,Corn              May21,JCRK21,Physical commodity future.,Future,Comdty,ODE,Commodity,search
BBG00XC9G854,CORN              Sep21,ACU1,Physical commodity future.,Future,Comdty,DCE,Commodity,search
BBG0142QSK23,Corn              Jan23,JCRF3,Physical commodity future.,Future,Comdty,ODE,Commodity,search
BBG01964DWN4,Corn              Sep23,JCRU3,Physical commodity future.,Future,Comdty,ODE,Commodity,search
BBG000RT73J2,CORN              Jul09,ACN09,Physical commodity future.,Future,Comdty,DCE,Commodity,search
BBG000V9HCK8,CORN              Jan07,ACF07,Physical commodity future.,Future,Comdty,DCE,Commodity,search
BBG00103V4P0,CORN              May11,ACK11,Physical commodity future.,Future,Comdty,DCE,Commodity,search
BBG009LGHS38,CORN              Jul16,ACN16,Physical commodity future.,Future,Comdty,DCE,Commodity,search
BBG00B0K3BJ2,CORN              Sep16,ACU16,Physical commodity future.,Future,Comdty,DCE,Commodity,search
BBG00DBJ4Q78,CORN              Jul17,ACN17,Physical commodity future.,Future,Comdty,DCE,Commodity,search
BBG00F9QYDQ5,CORN              Nov17,ACX7,Physical commodity future.,Future,Comdty,DCE,Commodity,search
BBG00JRKJ432,CORN              Jan19,ACF19,Physical commodity future.,Future,Comdty,DCE,Commodity,search
BBG00LFTGFW7,CORN              Jul19,ACN19,Physical commodity future.,Future,Comdty,DCE,Commodity,search
BBG00N2MXQ04,CORN              Jan20,ACF20,Physical commodity future.,Future,Comdty,DCE,Commodity,search
BBG00NZYKVB3,CORN              Sep19,YPRU19,Physical commodity future.,Future,Comdty,PMX,Commodity,search
BBG011S13S35,CORN              Jul22,ACN2,Physical commodity future.,Future,Comdty,DCE,Commodity,search
BBG012J9SFG3,CORN              Sep22,ACU2,Physical commodity future.,Future,Comdty,DCE,Commodity,search
BBG01CCPNMY2,CORN              Jan24,ACF4,Physical commodity future.,Future,Comdty,DCE,Commodity,search
BBG000LG8ZK2,CORN              May05,ACK05,Physical commodity future.,Future,Comdty,DCE,Commodity,search
BBG000TY0H87,CORN              Sep05,ACU05,Physical commodity future.,Future,Comdty,DCE,Commodity,search
BBG000VHPQK0,CORN              May09,ACK09,Physical commodity future.,Future,Comdty,DCE,Commodity,search
BBG006T3R918,CORN              Jul15,ACN15,Physical commodity future.,Future,Comdty,DCE,Commodity,search
BBG007X4F020,CORN              Jan16,ACF16,Physical commodity future.,Future,Comdty,DCE,Commodity,search
BBG00WR06Y35,Corn              Sep21,JCRU1,Physical commodity future.,Future,Comdty,ODE,Commodity,search
BBG011FKC0Z3,Corn              Jul22,JCRN2,Physical commodity future.,Future,Comdty,ODE,Commodity,search
BBG01B29HH60,Corn              Nov23,JCRX3,Physical commodity future.,Future,Comdty,ODE,Commodity,search
BBG01BHXVGJ3,CORN              Nov23,ACX3,Physical commodity future.,Future,Comdty,DCE,Commodity,search
BBG01YKFLY28,CORN              Nov26,ACX6,Physical commodity future.,Future,Comdty,DCE,Commodity,search
BBG000VCFFK6,CORN              Jul06,ACN06,Physical commodity future.,Future,Comdty,DCE,Commodity,search
BBG000LX76Q4,COPPER INDEX,MCXCOPP,Physical commodity spot.,Comdty,Comdty,MCI,Commodity,search
BBG000MBN5M9,LME COPPER SPREAD,LMCADS 2763,Physical commodity spot.,Comdty,Comdty,LME,Commodity,search
BBG000Q8HPF3,LME COPPER FORWARD,LMCADP 20030902,Physical commodity forward.,Prompt Forward,Comdty,LME,Commodity,search
BBG000Q8HTB9,LME COPPER FORWARD,LMCADP 20030910,Physical commodity forward.,Prompt Forward,Comdty,LME,Commodity,search
BBG000Q8HWF8,LME COPPER FORWARD,LMCADP 20030917,Physical commodity forward.,Prompt Forward,Comdty,LME,Commodity,search
BBG000Q8J9X7,LME COPPER FORWARD,LMCADP 20031006,Physical commodity forward.,Prompt Forward,Comdty,LME,Commodity,search
BBG000Q8JD77,LME COPPER FORWARD,LMCADP 20031009,Physical commodity forward.,Prompt Forward,Comdty,LME,Commodity,search
BBG000Q8JKT7,LME COPPER FORWARD,LMCADP 20031021,Physical commodity forward.,Prompt Forward,Comdty,LME,Commodity,search
BBG000Q8JLL3,LME COPPER FORWARD,LMCADP 20031022,Physical commodity forward.,Prompt Forward,Comdty,LME,Commodity,search
BBG000Q8JXR1,LME COPPER FORWARD,LMCADP 20031107,Physical commodity forward.,Prompt Forward,Comdty,LME,Commodity,search
BBG000Q8K9X5,LME COPPER FORWARD,LMCADP 20031126,Physical commodity forward.,Prompt Forward,Comdty,LME,Commodity,search
BBG000Q8KMG5,LME COPPER FORWARD,LMCADP 20031230,Physical commodity forward.,Prompt Forward,Comdty,LME,Commodity,search
BBG000Q8L0N4,LME COPPER FORWARD,LMCADP 20040123,Physical commodity forward.,Prompt Forward,Comdty,LME,Commodity,search
BBG000Q8L7Y7,LME COPPER FORWARD,LMCADP 20040203,Physical commodity forward.,Prompt Forward,Comdty,LME,Commodity,search
BBG000Q8L8V8,LME COPPER FORWARD,LMCADP 20040205,Physical commodity forward.,Prompt Forward,Comdty,LME,Commodity,search
BBG000Q8LC30,LME COPPER FORWARD,LMCADP 20040217,Physical commodity forward.,Prompt Forward,Comdty,LME,Commodity,search
BBG000Q8LHC9,LME COPPER FORWARD,LMCADP 20040227,Physical commodity forward.,Prompt Forward,Comdty,LME,Commodity,search
BBG000Q8LL03,LME COPPER FORWARD,LMCADP 20040305,Physical commodity forward.,Prompt Forward,Comdty,LME,Commodity,search
BBG000Q8LLG6,LME COPPER FORWARD,LMCADP 20040308,Physical commodity forward.,Prompt Forward,Comdty,LME,Commodity,search
BBG000Q8MGY6,LME COPPER FORWARD,LMCADP 20040416,Physical commodity forward.,Prompt Forward,Comdty,LME,Commodity,search
BBG000Q8MN44,LME COPPER FORWARD,LMCADP 20040430,Physical commodity forward.,Prompt Forward,Comdty,LME,Commodity,search
BBG000Q8N472,LME COPPER FORWARD,LMCADP 20040614,Physical commodity forward.,Prompt Forward,Comdty,LME,Commodity,search
BBG000Q8NF86,LME COPPER FORWARD,LMCADP 20040713,Physical commodity forward.,Prompt Forward,Comdty,LME,Commodity,search
BBG000Q8NFX8,LME COPPER FORWARD,LMCADP 20040714,Physical commodity forward.,Prompt Forward,Comdty,LME,Commodity,search
BBG000Q8NTZ6,LME COPPER FORWARD,LMCADP 20040811,Physical commodity forward.,Prompt Forward,Comdty,LME,Commodity,search
BBG000Q8NVL6,LME COPPER FORWARD,LMCADP 20040812,Physical commodity forward.,Prompt Forward,Comdty,LME,Commodity,search
BBG000Q8P363,LME COPPER FORWARD,LMCADP 20040827,Physical commodity forward.,Prompt Forward,Comdty,LME,Commodity,search
BBG000Q8PH53,LME COPPER FORWARD,LMCADP 20040917,Physical commodity forward.,Prompt Forward,Comdty,LME,Commodity,search
BBG000Q8PKY4,LME COPPER FORWARD,LMCADP 20040928,Physical commodity forward.,Prompt Forward,Comdty,LME,Commodity,search
BBG000Q8PP19,LME COPPER FORWARD,LMCADP 20041004,Physical commodity forward.,Prompt Forward,Comdty,LME,Commodity,search
BBG000Q8PTX6,LME COPPER FORWARD,LMCADP 20041008,Physical commodity forward.,Prompt Forward,Comdty,LME,Commodity,search
BBG000Q8Q8G0,LME COPPER FORWARD,LMCADP 20041105,Physical commodity forward.,Prompt Forward,Comdty,LME,Commodity,search
BBG000Q8Q932,LME COPPER FORWARD,LMCADP 20041108,Physical commodity forward.,Prompt Forward,Comdty,LME,Commodity,search
BBG000Q8QST2,LME COPPER FORWARD,LMCADP 20041210,Physical commodity forward.,Prompt Forward,Comdty,LME,Commodity,search
BBG000Q8QXS2,LME COPPER FORWARD,LMCADP 20041220,Physical commodity forward.,Prompt Forward,Comdty,LME,Commodity,search
BBG000Q8R165,LME COPPER FORWARD,LMCADP 20041224,Physical commodity forward.,Prompt Forward,Comdty,LME,Commodity,search
BBG000Q8R6R1,LME COPPER FORWARD,LMCADP 20050113,Physical commodity forward.,Prompt Forward,Comdty,LME,Commodity,search
BBG000Q8R959,LME COPPER FORWARD,LMCADP 20050120,Physical commodity forward.,Prompt Forward,Comdty,LME,Commodity,search
BBG000Q8RFB8,LME COPPER FORWARD,LMCADP 20050131,Physical commodity forward.,Prompt Forward,Comdty,LME,Commodity,search
BBG000Q8RHN1,LME COPPER FORWARD,LMCADP 20050203,Physical commodity forward.,Prompt Forward,Comdty,LME,Commodity,search
BBG000Q8RTL7,LME COPPER FORWARD,LMCADP 20050228,Physical commodity forward.,Prompt Forward,Comdty,LME,Commodity,search
BBG000Q8SJS1,LME COPPER FORWARD,LMCADP 20050401,Physical commodity forward.,Prompt Forward,Comdty,LME,Commodity,search
BBG000Q8TBR8,LME COPPER FORWARD,LMCADP 20050513,Physical commodity forward.,Prompt Forward,Comdty,LME,Commodity,search
BBG000Q8TL05,LME COPPER FORWARD,LMCADP 20050527,Physical commodity forward.,Prompt Forward,Comdty,LME,Commodity,search
BBG000Q8TPB4,LME COPPER FORWARD,LMCADP 20050602,Physical commodity forward.,Prompt Forward,Comdty,LME,Commodity,search
BBG000Q8TS73,LME COPPER FORWARD,LMCADP 20050609,Physical commodity forward.,Prompt Forward,Comdty,LME,Commodity,search
BBG000Q8VDB8,LME COPPER FORWARD,LMCADP 20050712,Physical commodity forward.,Prompt Forward,Comdty,LME,Commodity,search
BBG000Q8VK77,LME COPPER FORWARD,LMCADP 20050721,Physical commodity forward.,Prompt Forward,Comdty,LME,Commodity,search
BBG000Q8VS61,LME COPPER FORWARD,LMCADP 20050803,Physical commodity forward.,Prompt Forward,Comdty,LME,Commodity,search
BBG000Q8WBZ5,LME COPPER FORWARD,LMCADP 20050908,Physical commodity forward.,Prompt Forward,Comdty,LME,Commodity,search
BBG000Q8WR62,LME COPPER FORWARD,LMCADP 20050926,Physical commodity forward.,Prompt Forward,Comdty,LME,Commodity,search
BBG000Q8WRJ8,LME COPPER FORWARD,LMCADP 20050927,Physical commodity forward.,Prompt Forward,Comdty,LME,Commodity,search
BBG000Q8XBQ4,LME COPPER FORWARD,LMCADP 20051021,Physical commodity forward.,Prompt Forward,Comdty,LME,Commodity,search
BBG000Q8XMB6,LME COPPER FORWARD,LMCADP 20051104,Physical commodity forward.,Prompt Forward,Comdty,LME,Commodity,search
BBG000Q8XSB3,LME COPPER FORWARD,LMCADP 20051115,Physical commodity forward.,Prompt Forward,Comdty,LME,Commodity,search
BBG000Q8XZM5,LME COPPER FORWARD,LMCADP 20051130,Physical commodity forward.,Prompt Forward,Comdty,LME,Commodity,search
BBG000Q8Y1H5,LME COPPER FORWARD,LMCADP 20051206,Physical commodity forward.,Prompt Forward,Comdty,LME,Commodity,search
BBG000Q8Y3Q1,LME COPPER FORWARD,LMCADP 20051209,Physical commodity forward.,Prompt Forward,Comdty,LME,Commodity,search
BBG000Q8YHK6,LME COPPER FORWARD,LMCADP 20060105,Physical commodity forward.,Prompt Forward,Comdty,LME,Commodity,search
BBG000Q8YNX9,LME COPPER FORWARD,LMCADP 20060119,Physical commodity forward.,Prompt Forward,Comdty,LME,Commodity,search
BBG000Q8Z013,LME COPPER FORWARD,LMCADP 20060213,Physical commodity forward.,Prompt Forward,Comdty,LME,Commodity,search
BBG000Q8Z790,LME COPPER FORWARD,LMCADP 20060306,Physical commodity forward.,Prompt Forward,Comdty,LME,Commodity,search
BBG000Q8ZJ67,LME COPPER FORWARD,LMCADP 20060330,Physical commodity forward.,Prompt Forward,Comdty,LME,Commodity,search
BBG000Q8ZSQ5,LME COPPER FORWARD,LMCADP 20060426,Physical commodity forward.,Prompt Forward,Comdty,LME,Commodity,search
BBG000Q90714,LME COPPER FORWARD,LMCADP 20060605,Physical commodity forward.,Prompt Forward,Comdty,LME,Commodity,search
BBG000Q90DB0,LME COPPER FORWARD,LMCADP 20060613,Physical commodity forward.,Prompt Forward,Comdty,LME,Commodity,search
BBG000Q90GS5,LME COPPER FORWARD,LMCADP 20060620,Physical commodity forward.,Prompt Forward,Comdty,LME,Commodity,search
BBG000Q90HG6,LME COPPER FORWARD,LMCADP 20060622,Physical commodity forward.,Prompt Forward,Comdty,LME,Commodity,search
BBG000Q90K60,LME COPPER FORWARD,LMCADP 20060627,Physical commodity forward.,Prompt Forward,Comdty,LME,Commodity,search
BBG000Q90KP9,LME COPPER FORWARD,LMCADP 20060629,Physical commodity forward.,Prompt Forward,Comdty,LME,Commodity,search
BBG000Q91679,LME COPPER FORWARD,LMCADP 20060816,Physical commodity forward.,Prompt Forward,Comdty,LME,Commodity,search
BBG000Q91HN7,LME COPPER FORWARD,LMCADP 20060915,Physical commodity forward.,Prompt Forward,Comdty,LME,Commodity,search
BBG000Q91MS1,LME COPPER FORWARD,LMCADP 20060922,Physical commodity forward.,Prompt Forward,Comdty,LME,Commodity,search
BBG000Q922Y7,LME COPPER FORWARD,LMCADP 20061026,Physical commodity forward.,Prompt Forward,Comdty,LME,Commodity,search
BBG000Q926T4,LME COPPER FORWARD,LMCADP 20061103,Physical commodity forward.,Prompt Forward,Comdty,LME,Commodity,search
BBG000Q92730,LME COPPER FORWARD,LMCADP 20061106,Physical commodity forward.,Prompt Forward,Comdty,LME,Commodity,search
BBG000Q92CQ4,LME COPPER FORWARD,LMCADP 20061122,Physical commodity forward.,Prompt Forward,Comdty,LME,Commodity,search
BBG000Q92GK1,LME COPPER FORWARD,LMCADP 20061204,Physical commodity forward.,Prompt Forward,Comdty,LME,Commodity,search
BBG000Q92MK8,LME COPPER FORWARD,LMCADP 20061214,Physical commodity forward.,Prompt Forward,Comdty,LME,Commodity,search
BBG000Q92X33,LME COPPER FORWARD,LMCADP 20070104,Physical commodity forward.,Prompt Forward,Comdty,LME,Commodity,search
BBG000Q92XP9,LME COPPER FORWARD,LMCADP 20070105,Physical commodity forward.,Prompt Forward,Comdty,LME,Commodity,search
BBG000Q92Y31,LME COPPER FORWARD,LMCADP 20070108,Physical commodity forward.,Prompt Forward,Comdty,LME,Commodity,search
BBG000Q93917,LME COPPER FORWARD,LMCADP 20070124,Physical commodity forward.,Prompt Forward,Comdty,LME,Commodity,search
BBG000Q93BD9,LME COPPER FORWARD,LMCADP 20070126,Physical commodity forward.,Prompt Forward,Comdty,LME,Commodity,search
BBG000Q93WM3,LME COPPER FORWARD,LMCADP 20070221,Physical commodity forward.,Prompt Forward,Comdty,LME,Commodity,search
BBG000Q945M1,LME COPPER FORWARD,LMCADP 20070309,Physical commodity forward.,Prompt Forward,Comdty,LME,Commodity,search
BBG000Q94F85,LME COPPER FORWARD,LMCADP 20070328,Physical commodity forward.,Prompt Forward,Comdty,LME,Commodity,search
BBG000Q94Q63,LME COPPER FORWARD,LMCADP 20070417,Physical commodity forward.,Prompt Forward,Comdty,LME,Commodity,search
BBG000Q94VS8,LME COPPER FORWARD,LMCADP 20070501,Physical commodity forward.,Prompt Forward,Comdty,LME,Commodity,search
BBG000Q95PH2,LME COPPER FORWARD,LMCADP 20070625,Physical commodity forward.,Prompt Forward,Comdty,LME,Commodity,search
BBG000Q963M4,LME COPPER FORWARD,LMCADP 20070716,Physical commodity forward.,Prompt Forward,Comdty,LME,Commodity,search
BBG000Q968G0,LME COPPER FORWARD,LMCADP 20070727,Physical commodity forward.,Prompt Forward,Comdty,LME,Commodity,search
BBG000Q96DL3,LME COPPER FORWARD,LMCADP 20070808,Physical commodity forward.,Prompt Forward,Comdty,LME,Commodity,search
BBG000Q97502,LME COPPER FORWARD,LMCADP 20070928,Physical commodity forward.,Prompt Forward,Comdty,LME,Commodity,search
BBG000Q97C98,LME COPPER FORWARD,LMCADP 20071004,Physical commodity forward.,Prompt Forward,Comdty,LME,Commodity,search
BBG000Q97DS5,LME COPPER FORWARD,LMCADP 20071011,Physical commodity forward.,Prompt Forward,Comdty,LME,Commodity,search
BBG000Q97L25,LME COPPER FORWARD,LMCADP 20071022,Physical commodity forward.,Prompt Forward,Comdty,LME,Commodity,search
BBG000Q97Z51,LME COPPER FORWARD,LMCADP 20071114,Physical commodity forward.,Prompt Forward,Comdty,LME,Commodity,search
BBG000Q980V8,LME COPPER FORWARD,LMCADP 20071116,Physical commodity forward.,Prompt Forward,Comdty,LME,Commodity,search
BBG000Q98D86,LME COPPER FORWARD,LMCADP 20071217,Physical commodity forward.,Prompt Forward,Comdty,LME,Commodity,search
KKG00000GNR1,Noku EUR,EURN,Crypto,CRYPTO,Curncy,,Currency,search
BBG00F33RQW4,EUR/CAD,BGY1,Generic currency future.,Future,Curncy,CMF,Currency,search
BBG00F33RNT5,EUR/AUD Future,BGC1,Generic currency future.,Future,Curncy,CMF,Currency,search
BBG0013L1WX9,EUR Deposit Today,EUDRTD,DEPOSIT,DEPOSIT,Curncy,,Currency,search
KKG00000F0T0,Official EUR token,WEUR,Crypto,CRYPTO,Curncy,,Currency,search
BBG0013L1X03,EUR Deposit Tomorrow,EUDRTM,DEPOSIT,DEPOSIT,Curncy,,Currency,search
BBG0013HHJ97,EUR-SRD X-RATE,EURSRD,CROSS,CROSS,Curncy,,Currency,search
BBG0013HJCW4,BBD-EUR X-RATE,BBDEUR,CROSS,CROSS,Curncy,,Currency,search
BBG0013HMQ40,EUR-MKD X-RATE,EURMKD,CROSS,CROSS,Curncy,,Currency,search
BBG0013HN509,EUR-SDD X-RATE,EURSDD,CROSS,CROSS,Curncy,,Currency,search
BBG0013HNM48,EUR-RON X-RATE,EURRON,CROSS,CROSS,Curncy,,Currency,search
BBG0013HQ622,SEK-EUR X-RATE,SEKEUR,CROSS,CROSS,Curncy,,Currency,search
BBG0013HQVH1,EUR-AUD X-RATE,EURAUD,CROSS,CROSS,Curncy,,Currency,search
BBG0013HR1Z6,EUR-QAR X-RATE,EURQAR,CROSS,CROSS,Curncy,,Currency,search
BBG0013HR658,EUR-HKD X-RATE,EURHKD,CROSS,CROSS,Curncy,,Currency,search
BBG0013HR6P6,EUR-ZAR X-RATE,EURZAR,CROSS,CROSS,Curncy,,Currency,search
BBG0013HRQ09,EUR-KZT X-RATE,EURKZT,CROSS,CROSS,Curncy,,Currency,search
BBG0013HRRY0,EUR-UAH X-RATE,EURUAH,CROSS,CROSS,Curncy,,Currency,search
BBG0013HRVQ0,EUR-XOF X-RATE,EURXOF,CROSS,CROSS,Curncy,,Currency,search
BBG0013HSB83,UAH-EUR X-RATE,UAHEUR,CROSS,CROSS,Curncy,,Currency,search
BBG0013HTWR5,EUR-TRY X-RATE,EURTRY,CROSS,CROSS,Curncy,,Currency,search
BBG0013HY7Z5,EUR-TTD X-RATE,EURTTD,CROSS,CROSS,Curncy,,Currency,search
BBG0013J3XX0,EUR-SYP Cross Rate,EURSYP,CROSS,CROSS,Curncy,,Currency,search
BBG0013J3Y13,EUR-TJS Cross Rate,EURTJS,CROSS,CROSS,Curncy,,Currency,search
BBG0013J4FV0,TND-EUR Cross Rate,TNDEUR,CROSS,CROSS,Curncy,,Currency,search
BBG0013KTL56,EUR DEPOSIT        15 MO,EUDR1C,DEPOSIT,DEPOSIT,Curncy,,Currency,search
BBG0013KTNW2,EUR DEPOSIT        21 MO,EUDR1I,DEPOSIT,DEPOSIT,Curncy,,Currency,search
BBG0013KX7D3,EUR DEPOSIT         7 YR,EUDR7,DEPOSIT,DEPOSIT,Curncy,,Currency,search
BBG0013KXJC8,EUR DEPOSIT          O/N,EUDR1T,DEPOSIT,DEPOSIT,Curncy,,Currency,search
BBG0013KXQG8,EUR DEPOSIT         7 MO,EUDRG,DEPOSIT,DEPOSIT,Curncy,,Currency,search
BBG0013KXQK3,EUR DEPOSIT         8 MO,EUDRH,DEPOSIT,DEPOSIT,Curncy,,Currency,search
BBG0013L0391,EUR DEPOSIT         2 WK,EUDR2Z,DEPOSIT,DEPOSIT,Curncy,,Currency,search
BBG0013L08P2,EUR DEPOSIT        28 YR,EUDR28,DEPOSIT,DEPOSIT,Curncy,,Currency,search
BBG0013L4TB7,EUR Depo  Islamic Wakala,EUDRIW2T,DEPOSIT,DEPOSIT,Curncy,,Currency,search
BBG0013LP8V8,EUR CD              2 WK,EUCD2Z,CD,CD,Curncy,,Currency,search
BBG0013LPGV0,EUR CD             11 MO,EUCDK,CD,CD,Curncy,,Currency,search
BBG0013MH426,EUR-CNY SKEW ON,EURCNYQON,OPTION VOLATILITY,OPTION VOLATILITY,Curncy,,Currency,search
BBG0013Q9PV7,EUR-NZD KURT ON,EURNZDKON,OPTION VOLATILITY,OPTION VOLATILITY,Curncy,,Currency,search
BBG0013QF615,EUR-KRW SKEW ON,EURKRWQON,OPTION VOLATILITY,OPTION VOLATILITY,Curncy,,Currency,search
BBG0013S01C6,KRW-EUR KURT ON,KRWEURKON,OPTION VOLATILITY,OPTION VOLATILITY,Curncy,,Currency,search
BBG0013S5H27,SKK-EUR SKEW ON,SKKEURQON,OPTION VOLATILITY,OPTION VOLATILITY,Curncy,,Currency,search
BBG0013TP9H5,EUR-ILS SKEW TN,EURILSQTN,OPTION VOLATILITY,OPTION VOLATILITY,Curncy,,Currency,search
BBG0013TPP52,EUR-GBP SKEW SN,EURGBPQSN,OPTION VOLATILITY,OPTION VOLATILITY,Curncy,,Currency,search
BBG0013W2GW0,EUR-CZK SKEW ON,EURCZKQON,OPTION VOLATILITY,OPTION VOLATILITY,Curncy,,Currency,search
BBG0013W2MV8,EUR-GBP KURT ON,EURGBPKON,OPTION VOLATILITY,OPTION VOLATILITY,Curncy,,Currency,search
BBG0013WB073,EUR-ILS KURT ON,EURILSKON,OPTION VOLATILITY,OPTION VOLATILITY,Curncy,,Currency,search
BBG0014SVZ54,HNL-EUR X-RATE,HNLEUR,CROSS,CROSS,Curncy,,Currency,search
BBG0015MFPC8,EUR-ZWL Cross Rate,EURZWL,CROSS,CROSS,Curncy,,Currency,search
BBG001HSDFM5,KGS-EUR Cross Rate,KGSEUR,CROSS,CROSS,Curncy,,Currency,search
BBG00336TH34,EUR-GBP Carry Return,EURGBPCR,RETURN IDX,RETURN IDX,Curncy,,Currency,search
BBG00336THP0,GBP-EUR Spot Return,GBPEURSR,RETURN IDX,RETURN IDX,Curncy,,Currency,search
BBG00336TPJ9,NZD-EUR Carry Return,NDDEURCR,RETURN IDX,RETURN IDX,Curncy,,Currency,search
BBG00336WDS2,EUR-MXN Spot Return,EURMXNSR,RETURN IDX,RETURN IDX,Curncy,,Currency,search
BBG00336WRD7,MXN-EUR Carry Return,MXNEURCR,RETURN IDX,RETURN IDX,Curncy,,Currency,search
BBG00336X5P1,EUR-HKD Carry Return,EURHKDCR,RETURN IDX,RETURN IDX,Curncy,,Currency,search
BBG00336XSV4,ZAR-EUR Carry Return,ZAREURCR,RETURN IDX,RETURN IDX,Curncy,,Currency,search
BBG00336Y393,CHF-EUR Spot Return,CHFEURSR,RETURN IDX,RETURN IDX,Curncy,,Currency,search
BBG00336ZF13,EUR-COP Spot Return,EURCOPSR,RETURN IDX,RETURN IDX,Curncy,,Currency,search
BBG005NTXL33,EUR-NAD Cross Rate,EURNAD,CROSS,CROSS,Curncy,,Currency,search
BBG006GSTL45,EUR-LSL Cross Rate,EURLSL,CROSS,CROSS,Curncy,,Currency,search
BBG007LX2G00,GOLD SPOT EUR/KG,XUEUKG,OTHER,OTHER,Curncy,,Currency,search
BBG007LX2G19,GOLD SPOT EUR/G,XUEUG,OTHER,OTHER,Curncy,,Currency,search
BBG007LX3H25,BRL-EUR PAPEL RATE,BCEUPR,OTHER,OTHER,Curncy,,Currency,search
BBG007PGMG74,EUR-XAF X-RATE,EURXAF,CROSS,CROSS,Curncy,,Currency,search
BBG009R5S9W4,EUR Quarterly Swap Curve,EUSQ0304,SWAP SPREAD,SWAP SPREAD,Curncy,,Currency,search
BBG009R5SBB2,EUR Quarterly Swap Curve,EUSQ0420,SWAP SPREAD,SWAP SPREAD,Curncy,,Currency,search
BBG009R5SBQ6,EUR Quarterly Swap Curve,EUSQ0715,SWAP SPREAD,SWAP SPREAD,Curncy,,Currency,search
BBG009R5SBX8,EUR Quarterly Swap Curve,EUSQ1020,SWAP SPREAD,SWAP SPREAD,Curncy,,Currency,search
BBG00CX3RRV7,EUR Fwd Points MAY,EURMAY,FORWARD,FORWARD,Curncy,,Currency,search
BBG00F17NWJ3,EUR/CAD           Dec16,BGYZ16,Currency future.,Future,Curncy,CMF,Currency,search
BBG00FRRBQZ9,EUR/CAD           Jan18,BGYF18,Currency future.,Future,Curncy,CMF,Currency,search
BBG00J7SW6L7,XDH-EUR Cross Rate,XDHEUR,CROSS,CRYPTO,Curncy,,Currency,search
BBG00JNG9SB4,MRU-EUR Cross Rate,MRUEUR,CROSS,CROSS,Curncy,,Currency,search
BBG00LYBXV97,EUR Quarterly Swap Curve,EUSQ0207,SWAP SPREAD,SWAP SPREAD,Curncy,,Currency,search
BBG00LYBXXN7,EUR Quarterly Swap Curve,EUSQ0412,SWAP SPREAD,SWAP SPREAD,Curncy,,Currency,search
BBG00LYBXYH2,EUR Quarterly Swap Curve,EUSQ0510,SWAP SPREAD,SWAP SPREAD,Curncy,,Currency,search
BBG00LYBXZ52,EUR Quarterly Swap Curve,EUSQ0712,SWAP SPREAD,SWAP SPREAD,Curncy,,Currency,search
BBG00LYBXZH9,EUR Quarterly Swap Curve,EUSQ1220,SWAP SPREAD,SWAP SPREAD,Curncy,,Currency,search
BBG00LYBXZQ9,EUR Quarterly Swap Curve,EUSQ2030,SWAP SPREAD,SWAP SPREAD,Curncy,,Currency,search
BBG00NGJWNG7,SCR-EUR Cross Rate,SCREUR,CROSS,CROSS,Curncy,,Currency,search
BBG00NGJX9G7,SZL-EUR Cross Rate,SZLEUR,CROSS,CROSS,Curncy,,Currency,search
BBG00PQ49515,EUR Fwd OutRt Today,EUR+TOD,FORWARD,FORWARD,Curncy,,Currency,search
BBG00QX7QK16,EUR-CNH Spot Spread,EURCNHSS,CROSS,CROSS,Curncy,,Currency,search
BBG00QX7QNQ3,EUR-PLN Spot Spread,EURPLNSS,CROSS,CROSS,Curncy,,Currency,search
BBG00QX7QP60,EUR-RUB Spot Spread,EURRUBSS,CROSS,CROSS,Curncy,,Currency,search
BBG00XC9N507,EUR-RSD CB VWAP,YGEUVP,CROSS,CROSS,Curncy,,Currency,search
BBG017NHC1W9,ATS-EUR Cross Rate,ATSEUR,CROSS,CROSS,Curncy,,Currency,search
BBG0227H1774,EUR-COU Cross Rate,EURCOU,CROSS,CROSS,Curncy,,Currency,search
BBG0013HGY77,CLF-EUR X-RATE,CLFEUR,CROSS,CROSS,Curncy,,Currency,search
BBG0013HMX45,EUR-SRG X-RATE,EURSRG,CROSS,CROSS,Curncy,,Currency,search
BBG0013HN9W6,EUR-GTQ X-RATE,EURGTQ,CROSS,CROSS,Curncy,,Currency,search
BBG0013HQ5Z8,DKK-EUR X-RATE,DKKEUR,CROSS,CROSS,Curncy,,Currency,search
BBG0013HQR44,MYR-EUR X-RATE,MYREUR,CROSS,CROSS,Curncy,,Currency,search
BBG0013HQXQ7,EUR-TND X-RATE,EURTND,CROSS,CROSS,Curncy,,Currency,search
BBG0013HQXY8,FJD-EUR X-RATE,FJDEUR,CROSS,CROSS,Curncy,,Currency,search
BBG0013HR0Z8,EUR-SIT X-RATE,EURSIT,CROSS,CROSS,Curncy,,Currency,search
BBG0013HR2T1,EUR-KES X-RATE,EURKES,CROSS,CROSS,Curncy,,Currency,search
BBG0013HRFG6,EUR-VND X-RATE,EURVND,CROSS,CROSS,Curncy,,Currency,search
BBG0013HRQV5,EUR-AED X-RATE,EURAED,CROSS,CROSS,Curncy,,Currency,search
BBG0013HRSF9,EUR-BOB X-RATE,EURBOB,CROSS,CROSS,Curncy,,Currency,search
BBG0013HFH84,British Pound Spot,GBP,SPOT,CROSS,Curncy,,Currency,search
BBG0013HZC29,GBP-XDR    (GBP1=XDR),GBPXDR,CROSS,CROSS,Curncy,,Currency,search
BBG003TXTKP6,GBP-GBP BBG-ISDA SCSA,BPBPIYON,FORWARD CROSS,FORWARD CROSS,Curncy,,Currency,search
BBG009K7S9F6,GBP SWAP CTD,BPSWCTD,SWAP,SWAP,Curncy,,Currency,search
BBG00CZSCPC1,GBP Invoice spread,ASWASHTT,SWAP,SWAP SPREAD,Curncy,,Currency,search
BBG0013L1XF7,GBP Deposit Tomorrow,BPDRTM,DEPOSIT,DEPOSIT,Curncy,,Currency,search
BBG0013L1X94,GBP Deposit Today,BPDRTD,DEPOSIT,DEPOSIT,Curncy,,Currency,search
BBG000RZT4Y5,GBP/SWISS         Dec00,YFZ00,Currency future.,Future,Curncy,FNX,Currency,search
BBG000TJ8757,GBP/SWISS         Sep03,YFU03,Currency future.,Future,Curncy,FNX,Currency,search
BBG000VHGGV0,GBP/SWISS         Sep06,YFU06,Currency future.,Future,Curncy,FNX,Currency,search
BBG000ZB1692,GBP/SWISS         Mar11,YFH11,Currency future.,Future,Curncy,FNX,Currency,search
BBG0013HJ096,GBP-BGN X-RATE,GBPBGN,CROSS,CROSS,Curncy,,Currency,search
BBG0013HKTT9,NZD-GBP X-RATE,NZDGBP,CROSS,CROSS,Curncy,,Currency,search
BBG0013HKY72,ANG-GBP X-RATE,ANGGBP,CROSS,CROSS,Curncy,,Currency,search
BBG0013HLZM1,GBP-CDF X-RATE,GBPCDF,CROSS,CROSS,Curncy,,Currency,search
BBG0013HM9B0,GBP-KGS X-RATE,GBPKGS,CROSS,CROSS,Curncy,,Currency,search
BBG0013HMG60,GBP-AZN X-RATE,GBPAZN,CROSS,CROSS,Curncy,,Currency,search
BBG0013HNB51,GBP-MOP X-RATE,GBPMOP,CROSS,CROSS,Curncy,,Currency,search
BBG0013HNJK7,GBP-PLN X-RATE,GBPPLN,CROSS,CROSS,Curncy,,Currency,search
BBG0013HNXS8,GBP-PHP X-RATE,GBPPHP,CROSS,CROSS,Curncy,,Currency,search
BBG0013HQMQ1,GBP-ROL X-RATE,GBPROL,CROSS,CROSS,Curncy,,Currency,search
BBG0013HR8V5,GBP-CLP X-RATE,GBPCLP,CROSS,CROSS,Curncy,,Currency,search
BBG0013HR9N2,GBP-UYU X-RATE,GBPUYU,CROSS,CROSS,Curncy,,Currency,search
BBG0013HRB48,GBP-CNY X-RATE,GBPCNY,CROSS,CROSS,Curncy,,Currency,search
BBG0013HRBW7,GBP-MZM X-RATE,GBPMZM,CROSS,CROSS,Curncy,,Currency,search
BBG0013HRCD6,GBP-MRO X-RATE,GBPMRO,CROSS,CROSS,Curncy,,Currency,search
BBG0013HSQS8,GBP-TRY X-RATE,GBPTRY,CROSS,CROSS,Curncy,,Currency,search
BBG0013HW8P6,GBP-DOP X-RATE,GBPDOP,CROSS,CROSS,Curncy,,Currency,search
BBG0013J1RS1,KZT-GBP Cross Rate,KZTGBP,CROSS,CROSS,Curncy,,Currency,search
BBG0013J1ZZ5,JMD-GBP Cross Rate,JMDGBP,CROSS,CROSS,Curncy,,Currency,search
BBG0013J4PF6,TMT-GBP X-RATE,TMTGBP,CROSS,CROSS,Curncy,,Currency,search
BBG0013J5ZV5,FJD-GBP Cross Rate,FJDGBP,CROSS,CROSS,Curncy,,Currency,search
BBG0013J6LF3,BOB-GBP Cross Rate,BOBGBP,CROSS,CROSS,Curncy,,Currency,search
BBG0013KVHR8,GBP DEPOSIT        10 YR,BPDR10,DEPOSIT,DEPOSIT,Curncy,,Currency,search
BBG0013L08X3,GBP DEPOSIT        11 YR,BPDR11,DEPOSIT,DEPOSIT,Curncy,,Currency,search
BBG0013L0BL9,GBP DEPOSIT        18 YR,BPDR18,DEPOSIT,DEPOSIT,Curncy,,Currency,search
BBG0013L3F37,GBP DEPOSIT         T/N,BPDR2T,DEPOSIT,DEPOSIT,Curncy,,Currency,search
BBG0013L3F73,GBP DEPOSIT         1 WK,BPDR1Z,DEPOSIT,DEPOSIT,Curncy,,Currency,search
BBG0013L3FY3,GBP DEPOSIT         8 MO,BPDRH,DEPOSIT,DEPOSIT,Curncy,,Currency,search
BBG0013L4VC1,GBP Depo  Islamic Wakala,BPDRIW2Z,DEPOSIT,DEPOSIT,Curncy,,Currency,search
BBG0013L4VS4,GBP Depo  Islamic Wakala,BPDRIWF,DEPOSIT,DEPOSIT,Curncy,,Currency,search
BBG0013LP3F7,GBP CD              2 MO,BPCDB,CD,CD,Curncy,,Currency,search
BBG0013LP3R4,GBP CD              6 MO,BPCDF,CD,CD,Curncy,,Currency,search
BBG0013LP3X7,GBP CD             10 MO,BPCDJ,CD,CD,Curncy,,Currency,search
BBG0013LQRV5,GBP CD Fiduciary TN,BPFCD2T,CD,CD,Curncy,,Currency,search
BBG0013QR4V4,GBP-ZAR SKEW ON,GBPZARQON,OPTION VOLATILITY,OPTION VOLATILITY,Curncy,,Currency,search
BBG0013RKR57,INR-GBP SKEW ON,INRGBPQON,OPTION VOLATILITY,OPTION VOLATILITY,Curncy,,Currency,search
BBG0013TS820,GBP-DEM KURT ON,GBPDEMKON,OPTION VOLATILITY,OPTION VOLATILITY,Curncy,,Currency,search
BBG0013W2554,GBP-USD KURT ON,GBPUSDKON,OPTION VOLATILITY,OPTION VOLATILITY,Curncy,,Currency,search
BBG0014SVWJ6,BZD-GBP X-RATE,BZDGBP,CROSS,CROSS,Curncy,,Currency,search
BBG0014SVYT1,GTQ-GBP X-RATE,GTQGBP,CROSS,CROSS,Curncy,,Currency,search
BBG001KPVK55,GBP/USD           Sep11,XUPU11,Currency future.,Future,Curncy,RTS,Currency,search
BBG001KR2J01,GBP/SWISS         Mar12,YFH12,Currency future.,Future,Curncy,FNX,Currency,search
BBG001R089W4,GBP/SWISS         Jun12,YFM12,Currency future.,Future,Curncy,FNX,Currency,search
BBG002RRQ0T6,GBP/SWISS         Mar13,YFH13,Currency future.,Future,Curncy,FNX,Currency,search
BBG00336T3P1,AUD-GBP Carry Return,AUDGBPCR,RETURN IDX,RETURN IDX,Curncy,,Currency,search
BBG00336T941,GBP-NOK Carry Return,GBPNOKCR,RETURN IDX,RETURN IDX,Curncy,,Currency,search
BBG00336THV3,GBP-JPY Spot Return,GBPJPYSR,RETURN IDX,RETURN IDX,Curncy,,Currency,search
BBG00336TL53,NOK-GBP Spot Return,NOKGBPSR,RETURN IDX,RETURN IDX,Curncy,,Currency,search
BBG00336WBJ6,GBP-ZAR Carry Return,GBPZARCR,RETURN IDX,RETURN IDX,Curncy,,Currency,search
BBG00336WFQ9,GBP-SGD Carry Return,GBPSGDCR,RETURN IDX,RETURN IDX,Curncy,,Currency,search
BBG00336X7D0,TRY-GBP Carry Return,TRYGBPCR,RETURN IDX,RETURN IDX,Curncy,,Currency,search
BBG00336Y525,GBP-KRW Spot Return,GBPKRWSR,RETURN IDX,RETURN IDX,Curncy,,Currency,search
BBG00336Y687,USD-GBP Carry Return,USDGBPCR,RETURN IDX,RETURN IDX,Curncy,,Currency,search
BBG00336ZP93,GBP-COP Carry Return,GBPCOPCR,RETURN IDX,RETURN IDX,Curncy,,Currency,search
BBG0039BWPG1,XDR-GBP Cross Rate,XDRGBP,CROSS,CROSS,Curncy,,Currency,search
BBG003D4Y422,GBP/USD           Mar13,XUPH13,Currency future.,Future,Curncy,RTS,Currency,search
BBG0049FH9S0,GBP/USD           Sep13,XUPU13,Currency future.,Future,Curncy,RTS,Currency,search
BBG004PVTM87,GBP/USD           Dec13,XUPZ13,Currency future.,Future,Curncy,RTS,Currency,search
BBG0074B3X18,GBP/SWISS         Sep15,YFU15,Currency future.,Future,Curncy,FNX,Currency,search
BBG00CX3RQC0,GBP Fwd Points MAR,GBPMAR,FORWARD,FORWARD,Curncy,,Currency,search
BBG00CX3RQD9,GBP Fwd Points APR,GBPAPR,FORWARD,FORWARD,Curncy,,Currency,search
BBG00JNG9RT7,GBP-MRU Cross Rate,GBPMRU,CROSS,CROSS,Curncy,,Currency,search
BBG00K1K79Z4,GBP/SWISS         Jun08,YFM08,Currency future.,Future,Curncy,FNX,Currency,search
BBG00K7QXXP4,GBP/USD           Sep18,XUPU18,Currency future.,Future,Curncy,RTS,Currency,search
BBG00QX7QJ55,GBP-USD Spot Spread,GBPUSDSS,CROSS,CROSS,Curncy,,Currency,search
BBG00QX7QQ77,GBP-SEK Spot Spread,GBPSEKSS,CROSS,CROSS,Curncy,,Currency,search
BBG00ZN9D3Z8,GBP/SWISS         Mar22,YFH22,Currency future.,Future,Curncy,FNX,Currency,search
BBG017XKV5C3,GBP/USD           Dec22,XUPZ22,Currency future.,Future,Curncy,RTS,Currency,search
BBG019FL2VY8,GBP/USD           Sep23,BGRU23,Currency future.,Future,Curncy,YLX,Currency,search
BBG01FTWMX24,GBP/SWISS         Mar24,YFH24,Currency future.,Future,Curncy,FNX,Currency,search
BBG01GMNPH30,GBP/USD           Sep24,BGRU24,Currency future.,Future,Curncy,YLX,Currency,search
BBG01M2LVJ96,GBP/SWISS         Mar25,YFH25,Currency future.,Future,Curncy,FNX,Currency,search
BBG01N2DHJL4,GBP/USD           Dec25,BGRZ5,Currency future.,Future,Curncy,YLX,Currency,search
BBG01P6Z27V7,XSZ-GBP Cross Rate,XSZGBP,CROSS,CROSS,Curncy,,Currency,search
BBG01SWQV1B5,GBP/SWISS         Mar26,YFH6,Currency future.,Future,Curncy,FNX,Currency,search
BBG020L3XJJ9,GBP/USD           Sep27,BGRU7,Currency future.,Future,Curncy,YLX,Currency,search
BBG000PZ7GQ3,GBP/SWISS         Mar99,YFH99,Currency future.,Future,Curncy,FNX,Currency,search
BBG000T2FXV0,GBP/SWISS         Sep02,YFU02,Currency future.,Future,Curncy,FNX,Currency,search
BBG000TC6W59,GBP/SWISS         Mar10,YFH10,Currency future.,Future,Curncy,FNX,Currency,search
BBG000TX6BL1,GBP/SWISS         Mar98,YFH98,Currency future.,Future,Curncy,FNX,Currency,search
BBG0013HKV69,AUD-GBP X-RATE,AUDGBP,CROSS,CROSS,Curncy,,Currency,search
BBG0013HN4P5,GBP-THB X-RATE,GBPTHB,CROSS,CROSS,Curncy,,Currency,search
BBG0013HN9R2,GBP-SBD X-RATE,GBPSBD,CROSS,CROSS,Curncy,,Currency,search
BBG0013HNWL7,GBP-JMD X-RATE,GBPJMD,CROSS,CROSS,Curncy,,Currency,search
BBG0013HP7V9,BWP-GBP X-RATE,BWPGBP,CROSS,CROSS,Curncy,,Currency,search
BBG0013HQFT3,EUR-GBP X-RATE,EURGBP,CROSS,CROSS,Curncy,,Currency,search
BBG0013HQNB5,GBP-UAH X-RATE,GBPUAH,CROSS,CROSS,Curncy,,Currency,search
BBG0013HQNM3,GBP-BZD X-RATE,GBPBZD,CROSS,CROSS,Curncy,,Currency,search
BBG0013HQNX1,GBP-BRL X-RATE,GBPBRL,CROSS,CROSS,Curncy,,Currency,search
BBG003TXTSS6,JPY-JPY BBG-ISDA SCSA,JYJYIYON,FORWARD CROSS,FORWARD CROSS,Curncy,,Currency,search
BBG007LX2WD1,JPY CPS               02,JYCPS02,OTHER,OTHER,Curncy,,Currency,search
BBG007LX2WN0,JPY CPS               10,JYCPS10,OTHER,OTHER,Curncy,,Currency,search
BBG007LX3175,JPY FUTURE SEPT,JYFT00U,OTHER,OTHER,Curncy,,Currency,search
BBG00FX47P62,JPY  Premium 3,JYYD0A03,OPTION,SWAPTION VOLATILITY,Curncy,,Currency,search
BBG00FX47Q06,JPY  Premium 5,JYYD0A10,OPTION,SWAPTION VOLATILITY,Curncy,,Currency,search
BBG00FX47WD9,JPY  Premium 19,JYYD0101,OPTION,SWAPTION VOLATILITY,Curncy,,Currency,search
BBG00FX486Z1,JPY  Premium 28,JYYD0205,OPTION,SWAPTION VOLATILITY,Curncy,,Currency,search
BBG00FX48C97,JPY  Premium 46,JYYD1505,OPTION,SWAPTION VOLATILITY,Curncy,,Currency,search
BBG00FX48CK4,JPY  Premium 47,JYYD1510,OPTION,SWAPTION VOLATILITY,Curncy,,Currency,search
BBG00FX48F81,JPY  Premium 53,JYYD2010,OPTION,SWAPTION VOLATILITY,Curncy,,Currency,search
BBG00FX48G43,JPY  Premium 56,JYYD3002,OPTION,SWAPTION VOLATILITY,Curncy,,Currency,search
BBG00FX48NC9,JPY  Premium 77,JYYC0F10,OPTION,SWAPTION VOLATILITY,Curncy,,Currency,search
BBG00FX48R49,JPY  Premium 84,JYYC0115,OPTION,SWAPTION VOLATILITY,Curncy,,Currency,search
BBG00FX4B4W5,JPY  Premium 194,JYYA0F02,OPTION,SWAPTION VOLATILITY,Curncy,,Currency,search
BBG00FX4BQG4,JPY  Premium 236,JYYA3002,OPTION,SWAPTION VOLATILITY,Curncy,,Currency,search
BBG00FX4HVS4,JPY  Premium 2,JYYC1001,OPTION,SWAPTION VOLATILITY,Curncy,,Currency,search
BBG0013L1Y01,JPY Deposit Tomorrow,JYDRTM,DEPOSIT,DEPOSIT,Curncy,,Currency,search
BBG007LX2ZR9,JPY CPS               21,JYCPS21,OTHER,OTHER,Curncy,,Currency,search
BBG007LX2ZV4,JPY CPS               24,JYCPS24,OTHER,OTHER,Curncy,,Currency,search
BBG007LX2ZW3,JPY CPS               25,JYCPS25,OTHER,OTHER,Curncy,,Currency,search
BBG007LX2ZX2,JPY CPS               26,JYCPS26,OTHER,OTHER,Curncy,,Currency,search
BBG007LX30C1,JPY CPS               36,JYCPS36,OTHER,OTHER,Curncy,,Currency,search
BBG007LX30K2,JPY CPS               40,JYCPS40,OTHER,OTHER,Curncy,,Currency,search
BBG00FX47QD2,JPY  Premium 6,JYYD0A15,OPTION,SWAPTION VOLATILITY,Curncy,,Currency,search
BBG00FX47T91,JPY  Premium 14,JYYD0F02,OPTION,SWAPTION VOLATILITY,Curncy,,Currency,search
BBG00FX47XB9,JPY  Premium 21,JYYD0103,OPTION,SWAPTION VOLATILITY,Curncy,,Currency,search
BBG00FX47YR0,JPY  Premium 24,JYYD0115,OPTION,SWAPTION VOLATILITY,Curncy,,Currency,search
BBG00FX48B35,JPY  Premium 40,JYYD1005,OPTION,SWAPTION VOLATILITY,Curncy,,Currency,search
BBG00FX48J83,JPY  Premium 65,JYYC0A10,OPTION,SWAPTION VOLATILITY,Curncy,,Currency,search
BBG00FX48S10,JPY  Premium 86,JYYC0202,OPTION,SWAPTION VOLATILITY,Curncy,,Currency,search
BBG00FX48SG4,JPY  Premium 87,JYYC0203,OPTION,SWAPTION VOLATILITY,Curncy,,Currency,search
BBG00FX49546,JPY  Premium 115,JYYC3001,OPTION,SWAPTION VOLATILITY,Curncy,,Currency,search
BBG00FX497L3,JPY  Premium 120,JYYC3015,OPTION,SWAPTION VOLATILITY,Curncy,,Currency,search
BBG00FX4HV95,JPY  Premium 1,JYYD1001,OPTION,SWAPTION VOLATILITY,Curncy,,Currency,search
BBG0013L1Y29,JPY Deposit Today,JYDRTD,DEPOSIT,DEPOSIT,Curncy,,Currency,search
BBG007LX2VR8,JPY CPS               41,JYCPS41,OTHER,OTHER,Curncy,,Currency,search
BBG007LX2Z17,JPY CPS               15,JYCPS15,OTHER,OTHER,Curncy,,Currency,search
BBG007LX2Z26,JPY CPS               16,JYCPS16,OTHER,OTHER,Curncy,,Currency,search
BBG007LX2Z44,JPY CPS               18,JYCPS18,OTHER,OTHER,Curncy,,Currency,search
BBG007LX2ZL5,JPY CPS               47,JYCPS47,OTHER,OTHER,Curncy,,Currency,search
BBG007LX3004,JPY CPS               29,JYCPS29,OTHER,OTHER,Curncy,,Currency,search
BBG007LX30B2,JPY CPS               35,JYCPS35,OTHER,OTHER,Curncy,,Currency,search
BBG007LX3148,JPY FUTURE MARCH,JYFT00H,OTHER,OTHER,Curncy,,Currency,search
BBG00FX47QP9,JPY  Premium 7,JYYD0C01,OPTION,SWAPTION VOLATILITY,Curncy,,Currency,search
BBG00FX47ZP9,JPY  Premium 26,JYYD0202,OPTION,SWAPTION VOLATILITY,Curncy,,Currency,search
BBG00FX48761,JPY  Premium 29,JYYD0210,OPTION,SWAPTION VOLATILITY,Curncy,,Currency,search
BBG00FX487L4,JPY  Premium 31,JYYD0501,OPTION,SWAPTION VOLATILITY,Curncy,,Currency,search
BBG00FX487T6,JPY  Premium 32,JYYD0502,OPTION,SWAPTION VOLATILITY,Curncy,,Currency,search
BBG00FX488L2,JPY  Premium 35,JYYD0510,OPTION,SWAPTION VOLATILITY,Curncy,,Currency,search
BBG00FX48H41,JPY  Premium 60,JYYD3015,OPTION,SWAPTION VOLATILITY,Curncy,,Currency,search
BBG00FX48HY8,JPY  Premium 64,JYYC0A05,OPTION,SWAPTION VOLATILITY,Curncy,,Currency,search
BBG00FX48PW2,JPY  Premium 81,JYYC0103,OPTION,SWAPTION VOLATILITY,Curncy,,Currency,search
BBG00FX48ZR6,JPY  Premium 103,JYYC1501,OPTION,SWAPTION VOLATILITY,Curncy,,Currency,search
BBG00FX491K7,JPY  Premium 107,JYYC1510,OPTION,SWAPTION VOLATILITY,Curncy,,Currency,search
BBG00FX4B1B4,JPY  Premium 185,JYYA0A10,OPTION,SWAPTION VOLATILITY,Curncy,,Currency,search
BBG00FX4B1T5,JPY  Premium 186,JYYA0A15,OPTION,SWAPTION VOLATILITY,Curncy,,Currency,search
BBG00FX4B598,JPY  Premium 195,JYYA0F03,OPTION,SWAPTION VOLATILITY,Curncy,,Currency,search
BBG00FX4B6P8,JPY  Premium 198,JYYA0F15,OPTION,SWAPTION VOLATILITY,Curncy,,Currency,search
BBG00FX4B767,JPY  Premium 199,JYYA0101,OPTION,SWAPTION VOLATILITY,Curncy,,Currency,search
BBG00FX4BBD0,JPY  Premium 206,JYYA0202,OPTION,SWAPTION VOLATILITY,Curncy,,Currency,search
BBG00FX4BPM9,JPY  Premium 234,JYYA2015,OPTION,SWAPTION VOLATILITY,Curncy,,Currency,search
BBG00FX4HWL9,JPY  Premium 4,JYYA1001,OPTION,SWAPTION VOLATILITY,Curncy,,Currency,search
BBG00FX48887,JPY  Premium 34,JYYD0505,OPTION,SWAPTION VOLATILITY,Curncy,,Currency,search
BBG00FX48BC5,JPY  Premium 41,JYYD1010,OPTION,SWAPTION VOLATILITY,Curncy,,Currency,search
BBG00FX48CS6,JPY  Premium 48,JYYD1515,OPTION,SWAPTION VOLATILITY,Curncy,,Currency,search
BBG00FX48DB2,JPY  Premium 50,JYYD2002,OPTION,SWAPTION VOLATILITY,Curncy,,Currency,search
BBG00FX48GQ9,JPY  Premium 58,JYYD3005,OPTION,SWAPTION VOLATILITY,Curncy,,Currency,search
BBG00FX48HK3,JPY  Premium 62,JYYC0A02,OPTION,SWAPTION VOLATILITY,Curncy,,Currency,search
BBG00FX48L33,JPY  Premium 71,JYYC0C10,OPTION,SWAPTION VOLATILITY,Curncy,,Currency,search
BBG00FX48VJ4,JPY  Premium 92,JYYC0502,OPTION,SWAPTION VOLATILITY,Curncy,,Currency,search
BBG00FX494Q5,JPY  Premium 114,JYYC2015,OPTION,SWAPTION VOLATILITY,Curncy,,Currency,search
BBG00FX4B0X2,JPY  Premium 184,JYYA0A05,OPTION,SWAPTION VOLATILITY,Curncy,,Currency,search
BBG00FX4B5S7,JPY  Premium 196,JYYA0F05,OPTION,SWAPTION VOLATILITY,Curncy,,Currency,search
BBG00FX4B7N8,JPY  Premium 200,JYYA0102,OPTION,SWAPTION VOLATILITY,Curncy,,Currency,search
BBG00FX4BF41,JPY  Premium 212,JYYA0502,OPTION,SWAPTION VOLATILITY,Curncy,,Currency,search
BBG00FX4BH65,JPY  Premium 4,JYYA1015,OPTION,SWAPTION VOLATILITY,Curncy,,Currency,search
BBG00FX4BHZ3,JPY  Premium 219,JYYA1003,OPTION,SWAPTION VOLATILITY,Curncy,,Currency,search
BBG00FX4BJF1,JPY  Premium 220,JYYA1005,OPTION,SWAPTION VOLATILITY,Curncy,,Currency,search
BBG00FX4BMY3,JPY  Premium 230,JYYA2002,OPTION,SWAPTION VOLATILITY,Curncy,,Currency,search
BBG00FX4BNS8,JPY  Premium 232,JYYA2005,OPTION,SWAPTION VOLATILITY,Curncy,,Currency,search
BBG007LX2WG8,JPY CPS               04,JYCPS04,OTHER,OTHER,Curncy,,Currency,search
BBG007LX2WJ5,JPY CPS               06,JYCPS06,OTHER,OTHER,Curncy,,Currency,search
BBG007LX2ZM4,JPY CPS               48,JYCPS48,OTHER,OTHER,Curncy,,Currency,search
BBG007LX3086,JPY CPS               34,JYCPS34,OTHER,OTHER,Curncy,,Currency,search
BBG00FX47RT3,JPY  Premium 10,JYYD0C05,OPTION,SWAPTION VOLATILITY,Curncy,,Currency,search
BBG00FX47SX6,JPY  Premium 13,JYYD0F01,OPTION,SWAPTION VOLATILITY,Curncy,,Currency,search
BBG00FX47VK3,JPY  Premium 17,JYYD0F10,OPTION,SWAPTION VOLATILITY,Curncy,,Currency,search
BBG00FX486R0,JPY  Premium 27,JYYD0203,OPTION,SWAPTION VOLATILITY,Curncy,,Currency,search
BBG00FX48FV5,JPY  Premium 55,JYYD3001,OPTION,SWAPTION VOLATILITY,Curncy,,Currency,search
BBG00FX48GY0,JPY  Premium 59,JYYD3010,OPTION,SWAPTION VOLATILITY,Curncy,,Currency,search
BBG00FX48HB3,JPY  Premium 61,JYYC0A01,OPTION,SWAPTION VOLATILITY,Curncy,,Currency,search
BBG00FX48LS6,JPY  Premium 73,JYYC0F01,OPTION,SWAPTION VOLATILITY,Curncy,,Currency,search
BBG00FX48P34,JPY  Premium 79,JYYC0101,OPTION,SWAPTION VOLATILITY,Curncy,,Currency,search
BBG00FX48PH9,JPY  Premium 80,JYYC0102,OPTION,SWAPTION VOLATILITY,Curncy,,Currency,search
BBG00FX48V40,JPY  Premium 91,JYYC0501,OPTION,SWAPTION VOLATILITY,Curncy,,Currency,search
BBG00FX48WQ4,JPY  Premium 95,JYYC0510,OPTION,SWAPTION VOLATILITY,Curncy,,Currency,search
BBG00FX49733,JPY  Premium 119,JYYC3010,OPTION,SWAPTION VOLATILITY,Curncy,,Currency,search
BBG00FX4B2M0,JPY  Premium 189,JYYA0C03,OPTION,SWAPTION VOLATILITY,Curncy,,Currency,search
BBG00FX4B3P5,JPY  Premium 191,JYYA0C10,OPTION,SWAPTION VOLATILITY,Curncy,,Currency,search
BBG0001JLGN2,PREFERRED INCOME,PFDI 0 PERP,PUBLIC,Preferred Stock,Pfd,NOT LISTED,Equity,search
BBG0001J8JR7,ABERDEEN PREFERRED SEC,AFSLN 0 03/31/03 ZDP,PUBLIC,Preferred Stock,Pfd,LONDON,Equity,search
BBG000007RM7,EOS PREFERRED CORP,LEH 8.5 PERP,PUBLIC,Preferred Stock,Pfd,NOT LISTED,Equity,search
BBG000008QQ4,PREFERRED CAPITAL LTD,CBAAU F PERP III,PUBLIC,Preferred Stock,Pfd,NOT LISTED,Equity,search
BBG0001JLQW0,PREFERRED BLOCKER INC,GMAC 7 PERP REGS,PUBLIC,Preferred Stock,Pfd,NOT LISTED,Equity,search
BBG0076W4L97,TABERNA PREFERRED FUN,TABRN 0 05/05/36 144A,PRIVATE,Preferred Stock,Pfd,EURONEXT-DUBLIN,Equity,search
BBG0001JB637,CAPITA PREFERRED TRUST,TCD 9.06 PERP,PUBLIC,Preferred Stock,Pfd,NOT LISTED,Equity,search
BBG0001JLQV1,PREFERRED BLOCKER INC,GMAC 7 PERP 144A,PRIVATE,Preferred Stock,Pfd,NOT LISTED,Equity,search
BBG0001JH0C4,EPCOR PREFERRED EQUITY,EPCORP V5.5 PERP I,PUBLIC,Preferred Stock,Pfd,NOT LISTED,Equity,search
BBG0000089B8,KLEROS PREFERRED FUNDING,KLROS V0 06/03/41 144A,PRIVATE,Preferred Stock,Pfd,NOT LISTED,Equity,search
BBG0000089C7,KLEROS PREFERRED FUNDING,KLROS V0 06/03/41 REGS,PUBLIC,Preferred Stock,Pfd,NOT LISTED,Equity,search
BBG0001JGTB3,CANCAP PREFERRED CORP,CANCN 5.4 06/30/07,PUBLIC,Preferred Stock,Pfd,NOT LISTED,Equity,search
BBG003CVZ1X4,TABERNA PREFERRED FUN,TABRN 0 05/05/36,PRIVATE,Preferred Stock,Pfd,EURONEXT-DUBLIN,Equity,search
BBG0000062R8,PEOPLE'S PREFERRED CAP,PPCC 9.75 PERP A,PUBLIC,Preferred Stock,Pfd,NOT LISTED,Equity,search
BBG0000064B1,HARRIS PREFERRED CAPITAL,BMOCN 7.375 PERP +A,PUBLIC,Preferred Stock,Pfd,NOT LISTED,Equity,search
BBG0001JB5F6,CHASE PREFERRED CAP CORP,JPM 8.1 PERP,PUBLIC,Preferred Stock,Pfd,NOT LISTED,Equity,search
BBG0001JGRN4,GE CAP PREFERRED ASSET,GE 0 PERP G*,PRIVATE,Preferred Stock,Pfd,NOT LISTED,Equity,search
BBG006NXNML1,PREFERRED APT COMNTY INC,APTS 6 PERP,PUBLIC,Preferred Stock,Pfd,NOT LISTED,Equity,search
BBG006Q4KVN3,PREFERRED APT COMNTY INC,APTS 6 PERP 1,PUBLIC,Preferred Stock,Pfd,NOT LISTED,Equity,search
BBG006YWPBK4,PREFERRED APT COMNTY INC,APTS 6 PERP 2,PUBLIC,Preferred Stock,Pfd,NOT LISTED,Equity,search
BBG00DM1DM56,PREFERRED APT COMNTY INC,APTS 6 PERP *A *,PUBLIC,Preferred Stock,Pfd,NOT LISTED,Equity,search
BBG00FN3JN85,PREFERRED APT COMNTY INC,APTS 6 PERP __A-,PUBLIC,Preferred Stock,Pfd,NOT LISTED,Equity,search
BBG00GMD8M77,PREFERRED APT COMNTY INC,APTS 5.75 PERP M_,PUBLIC,Preferred Stock,Pfd,NOT LISTED,Equity,search
BBG00JNKS4N4,PREFERRED APT COMNTY INC,APTS 7.25 PERP -*M_,PUBLIC,Preferred Stock,Pfd,NOT LISTED,Equity,search
BBG00JYK71G9,PREFERRED APT COMNTY INC,APTS 5.75 PERP _a^,PUBLIC,Preferred Stock,Pfd,NOT LISTED,Equity,search
BBG00K7T3670,PREFERRED APT COMNTY INC,APTS 6 PERP a__,PUBLIC,Preferred Stock,Pfd,NOT LISTED,Equity,search
BBG00L3DR7K4,PREFERRED APT COMNTY INC,APTS 5.75 PERP _**m,PUBLIC,Preferred Stock,Pfd,NOT LISTED,Equity,search
BBG00LD2MB69,PREFERRED APT COMNTY INC,APTS 6 PERP A _-,PUBLIC,Preferred Stock,Pfd,NOT LISTED,Equity,search
BBG00MPTZT26,PREFERRED APT COMNTY INC,APTS 5.75 PERP **!M,PUBLIC,Preferred Stock,Pfd,NOT LISTED,Equity,search
BBG00MTNC862,PREFERRED APT COMNTY INC,APTS 6 PERP *_a!,PUBLIC,Preferred Stock,Pfd,NOT LISTED,Equity,search
BBG00NJ4H9Y5,PREFERRED APT COMNTY INC,APTS 5.75 PERP *>*M,PUBLIC,Preferred Stock,Pfd,NOT LISTED,Equity,search
BBG00PQP1776,PREFERRED APT COMNTY INC,APTS 5.75 PERP *!!m,PUBLIC,Preferred Stock,Pfd,NOT LISTED,Equity,search
BBG00QB2ZXR5,PREFERRED APT COMNTY INC,APTS 6 PERP *Aa*,PUBLIC,Preferred Stock,Pfd,NOT LISTED,Equity,search
BBG00QHVCLF9,PREFERRED APT COMNTY INC,APTS 6 PERP *Aaa,PUBLIC,Preferred Stock,Pfd,NOT LISTED,Equity,search
BBG00RJVK0G1,PREFERRED APT COMNTY INC,APTS 6 PERP a#,PUBLIC,Preferred Stock,Pfd,NOT LISTED,Equity,search
BBG00RNYZW01,PREFERRED APT COMNTY INC,APTS 6 PERP a*&,PUBLIC,Preferred Stock,Pfd,NOT LISTED,Equity,search
BBG00RVDZD64,PREFERRED APT COMNTY INC,APTS 6 PERP A^,PUBLIC,Preferred Stock,Pfd,NOT LISTED,Equity,search
BBG00S7M2Y14,PREFERRED APT COMNTY INC,APTS 6 PERP a#*,PUBLIC,Preferred Stock,Pfd,NOT LISTED,Equity,search
BBG00XT1BDH4,PREFERRED APT COMNTY INC,APTS 6 PERP A_1,PUBLIC,Preferred Stock,Pfd,NOT LISTED,Equity,search
BBG00Y3Z0FH2,PREFERRED APT COMNTY INC,APTS 6.1 PERP m_1,PRIVATE,Preferred Stock,Pfd,NOT LISTED,Equity,search
BBG00YT4JHL4,PREFERRED APT COMNTY INC,APTS 6 PERP A1.,PUBLIC,Preferred Stock,Pfd,NOT LISTED,Equity,search
BBG000008GH6,EMPORIA PREFERRED FDG I,EMPOR V0 10/12/21 144A,PRIVATE,Preferred Stock,Pfd,NOT LISTED,Equity,search
BBG0001JF4K9,AMP RESET PREFERRED SECS,AMPAU V8.62 PERP,PRIVATE,Preferred Stock,Pfd,NEW ZEALAND,Equity,search
BBG006Q1CF44,PREFERRED APT COMNTY INC,APTS 6 PERP 1,PUBLIC,Preferred Stock,Pfd,NOT LISTED,Equity,search
BBG006Q7DQN5,PREFERRED APT COMNTY INC,APTS 6 PERP,PUBLIC,Preferred Stock,Pfd,NOT LISTED,Equity,search
BBG006QSXFW1,PREFERRED APT COMNTY INC,APTS 6 PERP,PUBLIC,Preferred Stock,Pfd,NOT LISTED,Equity,search
BBG006RDPM48,PREFERRED APT COMNTY INC,APTS 6 PERP 1,PUBLIC,Preferred Stock,Pfd,NOT LISTED,Equity,search
BBG008GV0041,PREFERRED APT COMNTY INC,APTS 6 PERP A__,PUBLIC,Preferred Stock,Pfd,NOT LISTED,Equity,search
BBG00B8T1ZH6,PREFERRED APT COMNTY INC,APTS 6 PERP +A,PUBLIC,Preferred Stock,Pfd,NOT LISTED,Equity,search
BBG00G6DG1K7,PREFERRED APT COMNTY INC,APTS 5.75 PERP,PUBLIC,Preferred Stock,Pfd,NOT LISTED,Equity,search
BBG00GVM4MH0,PREFERRED APT COMNTY INC,APTS 7.25 PERP M**,PUBLIC,Preferred Stock,Pfd,NOT LISTED,Equity,search
BBG00H69CXR1,PREFERRED APT COMNTY INC,APTS 7.25 PERP M_0,PUBLIC,Preferred Stock,Pfd,NOT LISTED,Equity,search
BBG00HT9QT90,PREFERRED APT COMNTY INC,APTS 7.25 PERP _M__,PUBLIC,Preferred Stock,Pfd,NOT LISTED,Equity,search
BBG00J54DTD2,PREFERRED APT COMNTY INC,APTS 6 PERP A*__,PUBLIC,Preferred Stock,Pfd,NOT LISTED,Equity,search
BBG00JNKS4L6,PREFERRED APT COMNTY INC,APTS 6 PERP A__*,PUBLIC,Preferred Stock,Pfd,NOT LISTED,Equity,search
BBG00KP8TNB6,PREFERRED APT COMNTY INC,APTS 6 PERP A*(*,PUBLIC,Preferred Stock,Pfd,NOT LISTED,Equity,search
BBG00KY08XS6,PREFERRED APT COMNTY INC,APTS 5.75 PERP **_M,PUBLIC,Preferred Stock,Pfd,NOT LISTED,Equity,search
BBG00LQF57D6,PREFERRED APT COMNTY INC,APTS 5.75 PERP m**_,PUBLIC,Preferred Stock,Pfd,NOT LISTED,Equity,search
BBG00LWS7FK3,PREFERRED APT COMNTY INC,APTS 6 PERP A))),PUBLIC,Preferred Stock,Pfd,NOT LISTED,Equity,search
BBG00M59QF95,PREFERRED APT COMNTY INC,APTS 6 PERP _*_A,PUBLIC,Preferred Stock,Pfd,NOT LISTED,Equity,search
BBG00MKQ7Q79,PREFERRED APT COMNTY INC,APTS 5.75 PERP _!!m,PUBLIC,Preferred Stock,Pfd,NOT LISTED,Equity,search
BBG00MYXK6K3,PREFERRED APT COMNTY INC,APTS 5.75 PERP *)*M,PUBLIC,Preferred Stock,Pfd,NOT LISTED,Equity,search
BBG00PNF5YT4,PREFERRED APT COMNTY INC,APTS 5.75 PERP _*!m,PUBLIC,Preferred Stock,Pfd,NOT LISTED,Equity,search
BBG00Q2HD2R4,PREFERRED APT COMNTY INC,APTS 6 PERP *_!A,PUBLIC,Preferred Stock,Pfd,NOT LISTED,Equity,search
BBG00TJGPHK3,PREFERRED APT COMNTY INC,APTS 6 PERP A-1,PUBLIC,Preferred Stock,Pfd,NOT LISTED,Equity,search
BBG00X283HF0,PREFERRED APT COMNTY INC,APTS 6.2 PERP,PUBLIC,Preferred Stock,Pfd,NOT LISTED,Equity,search
BBG0112YY6G1,PREFERRED APT COMNTY INC,APTS 6 PERP A&1,PUBLIC,Preferred Stock,Pfd,NOT LISTED,Equity,search
BBG000008J44,LYDIAN PREFERRED CAP CRP,LYDIAN F PERP 144A,PRIVATE,Preferred Stock,Pfd,NOT LISTED,Equity,search
BBG0000094L7,EMPORIA PREFERRED FDG II,EMPOR V0 10/18/18 REGS,PUBLIC,Preferred Stock,Pfd,NOT LISTED,Equity,search
BBG001JZPGV2,BELL ALIANT PREFERRED EQ,BACN 4.85 PERP A,PUBLIC,Preferred Stock,Pfd,NOT LISTED,Equity,search
BBG006Q8WVV2,PREFERRED APT COMNTY INC,APTS 6 PERP,PUBLIC,Preferred Stock,Pfd,NOT LISTED,Equity,search
BBG006R9QLJ2,PREFERRED APT COMNTY INC,APTS 6 PERP,PUBLIC,Preferred Stock,Pfd,NOT LISTED,Equity,search
BBG007FFGQT8,PREFERRED APT COMNTY INC,APTS 6 PERP 6,PUBLIC,Preferred Stock,Pfd,NOT LISTED,Equity,search
BBG007R29RK9,PREFERRED APT COMNTY INC,APTS 6 PERP A,PUBLIC,Preferred Stock,Pfd,NOT LISTED,Equity,search
BBG00B4Z31W2,PREFERRED APT COMNTY INC,APTS 6 PERP A,PUBLIC,Preferred Stock,Pfd,NOT LISTED,Equity,search
BBG00BGR6LT4,PREFERRED APT COMNTY INC,APTS 6 PERP ***A,PUBLIC,Preferred Stock,Pfd,NOT LISTED,Equity,search
BBG00D8J0JP2,PREFERRED APT COMNTY INC,APTS 6 PERP --a-,PUBLIC,Preferred Stock,Pfd,NOT LISTED,Equity,search
BBG00F326BX1,PREFERRED APT COMNTY INC,APTS 6 PERP +A__,PUBLIC,Preferred Stock,Pfd,NOT LISTED,Equity,search
BBG00GM6ND20,PREFERRED APT COMNTY INC,APTS 6 PERP A**-,PUBLIC,Preferred Stock,Pfd,NOT LISTED,Equity,search
BBG00J8C47C0,PREFERRED APT COMNTY INC,APTS 7.25 PERP **m*,PUBLIC,Preferred Stock,Pfd,NOT LISTED,Equity,search
BBG00KDS6397,PREFERRED APT COMNTY INC,APTS 5.75 PERP __*m,PUBLIC,Preferred Stock,Pfd,NOT LISTED,Equity,search
BBG00LQF5P73,PREFERRED APT COMNTY INC,APTS 6 PERP A))*,PUBLIC,Preferred Stock,Pfd,NOT LISTED,Equity,search
BBG00M8VJH97,PREFERRED APT COMNTY INC,APTS 6 PERP *_*a,PUBLIC,Preferred Stock,Pfd,NOT LISTED,Equity,search
BBG00MPTZHR5,PREFERRED APT COMNTY INC,APTS 6 PERP _**a,PUBLIC,Preferred Stock,Pfd,NOT LISTED,Equity,search
BBG00N5GT5C2,PREFERRED APT COMNTY INC,APTS 5.75 PERP )__m,PUBLIC,Preferred Stock,Pfd,NOT LISTED,Equity,search
BBG00N867NV5,PREFERRED APT COMNTY INC,APTS 5.75 PERP **_m,PUBLIC,Preferred Stock,Pfd,NOT LISTED,Equity,search
BBG00P35SSW2,PREFERRED APT COMNTY INC,APTS 5.75 PERP *!)m,PUBLIC,Preferred Stock,Pfd,NOT LISTED,Equity,search
BBG00PC36T40,PREFERRED APT COMNTY INC,APTS 6 PERP )_*A,PUBLIC,Preferred Stock,Pfd,NOT LISTED,Equity,search
BBG00PH1KM57,PREFERRED APT COMNTY INC,APTS 6 PERP &*_a,PUBLIC,Preferred Stock,Pfd,NOT LISTED,Equity,search
BBG00Q2HDR53,PREFERRED APT COMNTY INC,APTS 5.75 PERP *_!m,PUBLIC,Preferred Stock,Pfd,NOT LISTED,Equity,search
BBG00SRJL9T3,PREFERRED APT COMNTY INC,APTS 6 PERP a&*,PUBLIC,Preferred Stock,Pfd,NOT LISTED,Equity,search
BBG00V0YJLV5,PREFERRED APT COMNTY INC,APTS 6 PERP A -1,PUBLIC,Preferred Stock,Pfd,NOT LISTED,Equity,search
BBG00V0YKP35,PREFERRED APT COMNTY INC,APTS 6.1 PERP m-1,PUBLIC,Preferred Stock,Pfd,NOT LISTED,Equity,search
BBG00WJVDM61,PREFERRED APT COMNTY INC,APTS 6.1 PERP m.1,PUBLIC,Preferred Stock,Pfd,NOT LISTED,Equity,search
BBG00X8RYKV3,PREFERRED APT COMNTY INC,APTS 6 PERP A.-1,PUBLIC,Preferred Stock,Pfd,NOT LISTED,Equity,search
BBG00Y9285F5,PREFERRED APT COMNTY INC,APTS 6 PERP A+1,PUBLIC,Preferred Stock,Pfd,NOT LISTED,Equity,search
BBG00Z9DGHX3,PREFERRED APT COMNTY INC,APTS 6.1 PERP m1.,PUBLIC,Preferred Stock,Pfd,NOT LISTED,Equity,search
BBG010B744X1,PREFERRED APT COMNTY INC,APTS 6.1 PERP *M1,PUBLIC,Preferred Stock,Pfd,NOT LISTED,Equity,search
BBG0113RLVJ1,PREFERRED APT COMNTY INC,APTS 6 PERP A@1,PUBLIC,Preferred Stock,Pfd,NOT LISTED,Equity,search
BBG011Q5H0T6,PREFERRED APT COMNTY INC,APTS 6.1 PERP M&1,PUBLIC,Preferred Stock,Pfd,NOT LISTED,Equity,search
BBG000VWY7L8,SMA 2006-1 A,SMA 2006-1 A,Prvt CMO Other,Whole Loan,Mtge,,Bond,search
BBG001P5MYC6,SMA 2011-2 A,SMA 2011-2 A,Prvt CMO Other,Whole Loan,Mtge,,Bond,search
BBG001P5MYD5,SMA 2011-2 B,SMA 2011-2 B,Prvt CMO Other,Whole Loan,Mtge,,Bond,search
BBG0001C4QV5,PRHM 1994-2 A6A,PRHM 1994-2 A6A,Agncy CMO Other,CMO,Mtge,,Bond,search
BBG0001C4R43,PRHM 1994-2 A6B,PRHM 1994-2 A6B,Agncy CMO Other,CMO,Mtge,,Bond,search
BBG0001C4RB5,PRHM 1994-2 A6D,PRHM 1994-2 A6D,Agncy CMO Other,CMO,Mtge,,Bond,search
BBG0001C4QY2,PRHM 1994-2 A7,PRHM 1994-2 A7,Agncy CMO Other,CMO,Mtge,,Bond,search
BBG0001C4QR0,PRHM 1994-2 A5,PRHM 1994-2 A5,Agncy CMO Other,CMO,Mtge,,Bond,search
BBG0001C4QN4,PRHM 1994-2 A4,PRHM 1994-2 A4,Agncy CMO Other,CMO,Mtge,,Bond,search
BBG0001C4QF3,PRHM 1994-2 A2,PRHM 1994-2 A2,Agncy CMO Other,CMO,Mtge,,Bond,search
BBG0001C4QJ9,PRHM 1994-2 A3,PRHM 1994-2 A3,Agncy CMO Other,CMO,Mtge,,Bond,search
BBG0001C4R16,PRHM 1994-2 R,PRHM 1994-2 R,Agncy CMO PO,CMO,Mtge,,Bond,search
BBG0001C4RF1,PRHM 1994-2 A6E,PRHM 1994-2 A6E,Agncy CMO Other,CMO,Mtge,,Bond,search
BBG0001C4RJ7,PRHM 1994-2 A6F,PRHM 1994-2 A6F,Agncy CMO Other,CMO,Mtge,,Bond,search
BBG0001C4R70,PRHM 1994-2 A6C,PRHM 1994-2 A6C,Agncy CMO Other,CMO,Mtge,,Bond,search
BBG0001C4QB7,PRHM 1994-2 A1,PRHM 1994-2 A1,Agncy CMO Other,CMO,Mtge,,Bond,search
BBG0000PZR05,CWMO A 1,CWMO A 1,Agncy CMO Other,Whole Loan,Mtge,,Bond,search
BBG0000Q3CB9,VMF 1996-B A1,VMF 1996-B A1,Prvt CMO Other,Whole Loan,Mtge,,Bond,search
BBG0000Q4LH2,CWMO D 3,CWMO D 3,Agncy CMO Other,CMO,Mtge,,Bond,search
BBG0000QL436,CITY 1 D,CITY 1 D,Agncy CMO Other,CMO,Mtge,,Bond,search
BBG0000RB6H5,VMF 1996-C A1,VMF 1996-C A1,ABS Other,ABS,Mtge,,Bond,search
BBG0000WXHV0,LBMT 1991-1 X2,LBMT 1991-1 X2,Prvt CMO IO,Whole Loan,Mtge,,Bond,search
BBG0000Z3CL8,FBS 1990-B A,FBS 1990-B A,ABS Other,ABS,Mtge,,Bond,search
BBG0000ZDKH4,LBMT 1990-4B R,LBMT 1990-4B R,ABS Other,ABS,Mtge,,Bond,search
BBG0000ZLYN8,LBMT 1992-M1 E1,LBMT 1992-M1 E1,CMBS,CMBS,Mtge,,Bond,search
BBG00010YGC1,FBS 1992-CA A1,FBS 1992-CA A1,Prvt CMO Other,Whole Loan,Mtge,,Bond,search
BBG00011V536,FBS 1992-DF F1,FBS 1992-DF F1,Prvt CMO Other,Whole Loan,Mtge,,Bond,search
BBG00012DR45,FBS 1992-E B5,FBS 1992-E B5,Prvt CMO Other,Whole Loan,Mtge,,Bond,search
BBG00012Z4G9,FBS 1992-BB M,FBS 1992-BB M,Prvt CMO Other,Whole Loan,Mtge,,Bond,search
BBG00012Z512,FBS 1992-CB B2,FBS 1992-CB B2,Prvt CMO IO,Whole Loan,Mtge,,Bond,search
BBG00012Z6L8,FBS 1992-DT T1,FBS 1992-DT T1,Prvt CMO Other,Whole Loan,Mtge,,Bond,search
BBG000136TQ3,FBS 1992-G A6,FBS 1992-G A6,Prvt CMO IO,Whole Loan,Mtge,,Bond,search
BBG0001489D7,FBS 1993-AF F2,FBS 1993-AF F2,Prvt CMO PO,Whole Loan,Mtge,,Bond,search
BBG0001489H3,FBS 1993-AF F3,FBS 1993-AF F3,Prvt CMO IO,Whole Loan,Mtge,,Bond,search
BBG00015W046,FBS 1993-B A7,FBS 1993-B A7,Prvt CMO Other,Whole Loan,Mtge,,Bond,search
BBG00015W0M6,FBS 1993-B AR,FBS 1993-B AR,Prvt CMO Other,Whole Loan,Mtge,,Bond,search
BBG000184BL8,FBS 1993-E A2,FBS 1993-E A2,Prvt CMO IO,Whole Loan,Mtge,,Bond,search
BBG000184DK5,FBS 1993-E A7,FBS 1993-E A7,Prvt CMO PO,Whole Loan,Mtge,,Bond,search
BBG00018QBP0,FBS 1993-DF B4,FBS 1993-DF B4,Prvt CMO Other,Whole Loan,Mtge,,Bond,search
BBG000196L32,FBS 1993-F A4,FBS 1993-F A4,Prvt CMO Other,Whole Loan,Mtge,,Bond,search
BBG0001C5F93,VENDE 1994-3B 2C,VENDE 1994-3B 2C,Agncy CMO Other,Whole Loan,Mtge,,Bond,search
BBG0001C5FZ4,VENDE 1994-3B 2IO,VENDE 1994-3B 2IO,Agncy CMO IO,Whole Loan,Mtge,,Bond,search
BBG0001C5G55,VENDE 1994-3C R,VENDE 1994-3C R,Agncy CMO Other,Whole Loan,Mtge,,Bond,search
BBG0001C7129,AMT 1994-D2 A2,AMT 1994-D2 A2,ABS Home,ABS,Mtge,,Bond,search
BBG0001CTZ57,ACPM 1 C,ACPM 1 C,CMBS,CMBS,Mtge,,Bond,search
BBG0001DGWV7,VMF 1996-A A5,VMF 1996-A A5,ABS Other,ABS,Mtge,,Bond,search
BBG0001FP417,SCM 1 C,SCM 1 C,CMBS,CMBS,Mtge,,Bond,search
BBG0001FZ103,BHELT 1997-1 R,BHELT 1997-1 R,ABS Other,ABS,Mtge,,Bond,search
BBG0001G07P9,VMF 1997-B 2B2,VMF 1997-B 2B2,ABS Other,ABS,Mtge,,Bond,search
BBG0001H5QC4,VMF 1997-D 1A4,VMF 1997-D 1A4,ABS Other,ABS,Mtge,,Bond,search
BBG0001H5RD1,VMF 1997-D 2B3,VMF 1997-D 2B3,ABS Other,ABS,Mtge,,Bond,search
BBG0001JBFF4,CDMC 1998-2 R,CDMC 1998-2 R,Prvt CMO Other,Whole Loan,Mtge,,Bond,search
BBG0001JY954,VMF 1998-B 1A2,VMF 1998-B 1A2,ABS Other,ABS,Mtge,,Bond,search
BBG0001JY9K7,VMF 1998-B 1A3,VMF 1998-B 1A3,ABS Other,ABS,Mtge,,Bond,search
BBG0001K25Y2,CDMC 1998-5 A2,CDMC 1998-5 A2,Prvt CMO Other,Whole Loan,Mtge,,Bond,search
BBG0001K26Z9,CDMC 1998-5 IA3,CDMC 1998-5 IA3,Prvt CMO IO,Whole Loan,Mtge,,Bond,search
BBG0001K27R6,CDMC 1998-5 IB2,CDMC 1998-5 IB2,Prvt CMO IO,Whole Loan,Mtge,,Bond,search
BBG0001KH3Y1,CDMC 1998-8 A3,CDMC 1998-8 A3,Prvt CMO Other,Whole Loan,Mtge,,Bond,search
BBG0001KH4F0,CDMC 1998-8 A7,CDMC 1998-8 A7,Prvt CMO Other,Whole Loan,Mtge,,Bond,search
BBG0001KH4Q8,CDMC 1998-8 B2,CDMC 1998-8 B2,Prvt CMO Other,Whole Loan,Mtge,,Bond,search
BBG0001KH638,CDMC 1998-8 IB1,CDMC 1998-8 IB1,Prvt CMO IO,Whole Loan,Mtge,,Bond,search
BBG0001KMNY1,CDMC 1998-9 B4,CDMC 1998-9 B4,Prvt CMO Other,Whole Loan,Mtge,,Bond,search
BBG0001KPZY1,VMF 1998-C 2B1,VMF 1998-C 2B1,ABS Other,ABS,Mtge,,Bond,search
BBG0001KQ022,VMF 1998-C 2B2,VMF 1998-C 2B2,ABS Other,ABS,Mtge,,Bond,search
BBG0001KVQM7,RMS 4A1 A,RMS 4A1 A,Prvt CMO FLT,Whole Loan,Mtge,,Bond,search
BBG0001KVRK7,RMS 4A1 R,RMS 4A1 R,Prvt CMO Other,Whole Loan,Mtge,,Bond,search
BBG0001KVRV5,RMS 4X1 B,RMS 4X1 B,Prvt CMO FLT,Whole Loan,Mtge,,Bond,search
BBG0001L2H10,CDMC 1998-12 A5,CDMC 1998-12 A5,Prvt CMO Z,Whole Loan,Mtge,,Bond,search
BBG0001LCWC4,VMF 1998-D 2B2,VMF 1998-D 2B2,ABS Other,ABS,Mtge,,Bond,search
BBG0001LJM57,CDMC 1998-15 A3,CDMC 1998-15 A3,Prvt CMO Z,Whole Loan,Mtge,,Bond,search
BBG0001LJMN7,CDMC 1998-15 M1,CDMC 1998-15 M1,Prvt CMO Other,Whole Loan,Mtge,,Bond,search
BBG0001LJT07,CDMC 1998-16 B3,CDMC 1998-16 B3,Prvt CMO Other,Whole Loan,Mtge,,Bond,search
BBG0001M9161,VMF 1999-A R,VMF 1999-A R,ABS Other,ABS,Mtge,,Bond,search
BBG0001MBBB0,CDMC 1999-2 B4,CDMC 1999-2 B4,Prvt CMO Other,Whole Loan,Mtge,,Bond,search
BBG0001N14Y0,VMF 1999-B 1A4,VMF 1999-B 1A4,ABS Other,ABS,Mtge,,Bond,search
BBG0001N1LV5,PRIME 2004-CL1A XB,PRIME 2004-CL1A XB,Prvt CMO IO,Whole Loan,Mtge,,Bond,search
BBG0001NM958,CDMC 1999-6 A6,CDMC 1999-6 A6,Prvt CMO Z,Whole Loan,Mtge,,Bond,search
BBG0001NMB71,CDMC 1999-6 B5,CDMC 1999-6 B5,Prvt CMO Other,Whole Loan,Mtge,,Bond,search
BBG0001NMBB6,CDMC 1999-6 B6,CDMC 1999-6 B6,Prvt CMO Other,Whole Loan,Mtge,,Bond,search
BBG0001NMHR6,TMTS 2003-1SL B2,TMTS 2003-1SL B2,ABS Home,ABS,Mtge,,Bond,search
BBG0001NMJ29,TMTS 2003-1SL X,TMTS 2003-1SL X,ABS Home,ABS,Mtge,,Bond,search
BBG0001NN9W7,CDMC 1999-7 A2,CDMC 1999-7 A2,Prvt CMO Other,Whole Loan,Mtge,,Bond,search
BBG0001NNC14,CDMC 1999-7 B6,CDMC 1999-7 B6,Prvt CMO Other,Whole Loan,Mtge,,Bond,search
BBG0001NNCD1,CDMC 1999-7 IO1,CDMC 1999-7 IO1,Prvt CMO IO,Whole Loan,Mtge,,Bond,search
BBG0001P44N4,CDMC 1999-9 IO1,CDMC 1999-9 IO1,Prvt CMO IO,Whole Loan,Mtge,,Bond,search
BBG0001P5S32,VMF 1999-C 2B1,VMF 1999-C 2B1,ABS Other,ABS,Mtge,,Bond,search
BBG0001PK152,CDMC 1999-8 B6,CDMC 1999-8 B6,Prvt CMO Other,Whole Loan,Mtge,,Bond,search
BBG0001PK1D3,CDMC 1999-8 R,CDMC 1999-8 R,Prvt CMO Other,Whole Loan,Mtge,,Bond,search
BBG0001PZML2,CDMC 1999-11 B1,CDMC 1999-11 B1,Prvt CMO Other,Whole Loan,Mtge,,Bond,search
BBG0001QPMQ6,VMF 1999-D IIB2,VMF 1999-D IIB2,ABS Other,ABS,Mtge,,Bond,search
BBG0001RGPJ5,CDMC 1999-13 R,CDMC 1999-13 R,Prvt CMO Other,Whole Loan,Mtge,,Bond,search
BBG0001YX7F5,CDMC 2000-1 M1,CDMC 2000-1 M1,Prvt CMO Other,Whole Loan,Mtge,,Bond,search
BBG0001Z5MG9,CDMC 2000-1 IO1,CDMC 2000-1 IO1,Prvt CMO IO,Whole Loan,Mtge,,Bond,search
BBG0002BQNN8,VMF 2000-A IM1,VMF 2000-A IM1,ABS Other,ABS,Mtge,,Bond,search
BBG0003WV7K3,CDMC 2000-2 A5,CDMC 2000-2 A5,Prvt CMO Z,Whole Loan,Mtge,,Bond,search
BBG000557Z25,VMF 2000-B IA4,VMF 2000-B IA4,ABS Other,ABS,Mtge,,Bond,search
BBG000557Z52,VMF 2000-B IA5,VMF 2000-B IA5,ABS Other,ABS,Mtge,,Bond,search
BBG0005WM7M9,CDMC 2000-4 B3,CDMC 2000-4 B3,Prvt CMO Other,Whole Loan,Mtge,,Bond,search
BBG00062Z7X8,CDMC 2002-B A1,CDMC 2002-B A1,ABS Other,ABS,Mtge,,Bond,search
BBG0006C0PP3,VMF 2000-C M1,VMF 2000-C M1,ABS Other,ABS,Mtge,,Bond,search
BBG001BD7ZZ3,EGYPT TREASURY BILL,EGYPTB,PROMISSORY NOTE,M-Mkt,M-Mkt,,Bond,search
BBG000009DM6,AUSTRALIA GOVT INTL BOND,AUSTLA 8.375 03/15/17,YANKEE,Govt,Govt,NOT LISTED,Bond,filter
BBG000009DQ2,INDUSTRIAL BANK OF KOREA,INDKOR 0 12/22/10 +912,DOMESTIC,Govt,Govt,KOREA,Bond,filter
BBG000009DR1,TOKYO METROPOLITAN GOVT,TOKYO 1.81 03/20/18 657,DOMESTIC,Govt,Govt,NOT LISTED,Bond,filter
BBG000009DS0,CHIBA PREFECTURE,CHIBA 1.3 05/25/15 172A,DOMESTIC,Govt,Govt,NOT LISTED,Bond,filter
BBG000009DV6,TITULOS DE TESORERIA B,COLTES 7 01/17/12 UVR,DOMESTIC,Govt,Govt,COLOMBIA,Bond,filter
BBG000009DW5,YOKOHAMA CITY,YOKOHA 1.3 12/22/11 18-3,DOMESTIC,Govt,Govt,,Bond,filter
BBG000009DY3,KOREA EXPRESSWAY CORP,HIGHWY 6.03 12/23/12 347,DOMESTIC,Govt,Govt,KOREA,Bond,filter
BBG000009DZ2,BOLIVIAN TREASURY BOND,BOLGB 4.8 05/15/15 UFV,DOMESTIC,Govt,Govt,LA PAZ,Bond,filter
BBG000009F41,OKINAWA PREFECTURE,OKINWA 1.74 03/31/18 1911,DOMESTIC,Govt,Govt,NOT LISTED,Bond,filter
BBG000009FM1,KOREA NAT HOU BOND I,KORNHB 3 03/31/13 0803,DOMESTIC,Govt,Govt,KOREA,Bond,filter
BBG000009FQ7,NOVA SCOTIA PROVINCE,NS 8.875 03/15/16,YANKEE,Govt,Govt,NOT LISTED,Bond,filter
BBG000009FT4,NEW ZEALAND GOVT,NZ 8.75 04/01/16,YANKEE,Govt,Govt,NOT LISTED,Bond,filter
BBG000009FV1,NEW ZEALAND GOVT,NZ 9.125 09/25/16,YANKEE,Govt,Govt,NOT LISTED,Bond,filter
BBG000009FW0,NEW ZEALAND GOVT,NZ 9.875 01/15/11,YANKEE,Govt,Govt,NOT LISTED,Bond,filter
BBG000009G12,JORDAN GOVT BOND,JORGB 5.505 12/13/12 2209,DOMESTIC,Govt,Govt,AMMAN FIN MKT,Bond,filter
BBG000009G21,CANADA-GOV'T,CANADA 8.25 12/15/16,YANKEE,Govt,Govt,NOT LISTED,Bond,filter
BBG000009G30,PROVINCE OF QUEBEC,Q 8.625 12/01/26,YANKEE,Govt,Govt,TRACE,Bond,filter
BBG000009G58,JAPAN (20 YEAR ISSUE),JGB 2.1 12/20/27 99,DOMESTIC,Govt,Govt,TOKYO,Bond,filter
BBG000009G76,HYDRO-QUEBEC,QHEL 8.25 04/15/26 +GH,YANKEE,Govt,Govt,TRACE,Bond,filter
BBG000009G85,HYDRO-QUEBEC,QHEL 8.25 01/15/27 +GQ,YANKEE,Govt,Govt,TRACE,Bond,filter
BBG000009GB1,HYDRO-QUEBEC,QHEL 8.875 03/01/26 +GF,GLOBAL,Govt,Govt,TRACE,Bond,filter
BBG000009GF7,HYDRO-QUEBEC,QHEL 11.75 02/01/12 +FU,YANKEE,Govt,Govt,NOT LISTED,Bond,filter
BBG000009GG6,KINGDOM OF SWEDEN,SWED 11.125 06/01/15,YANKEE,Govt,Govt,NOT LISTED,Bond,filter
BBG000009H29,EGYPT TREASURY BILL,EGYTB 0 10/12/10 91,DOMESTIC,Govt,Govt,NOT LISTED,Bond,filter
BBG000009H38,JAPAN (10 YEAR ISSUE),JGB 1.5 12/20/15 274,DOMESTIC,Govt,Govt,TOKYO,Bond,filter
BBG000009H56,KOREA NAT HOU BOND II,KORNHB 0 03/31/18 0803,DOMESTIC,Govt,Govt,KOREA,Bond,filter
BBG000009H65,Q CPN STRIP,QSTP 0 09/15/18,CANADIAN,Govt,Govt,NOT LISTED,Bond,filter
BBG000009H74,KANGWONDO DEV CORP,KWNDDC F 12/18/11 ++31,DOMESTIC,Govt,Govt,KOREA,Bond,filter
BBG000009HB9,LEBANON T-BILL,LEBTB 0 08/26/10 91,DOMESTIC,Govt,Govt,NOT LISTED,Bond,filter
BBG000009HC8,NAGOYA CITY,NAGCTY 1.71 03/30/17 18-1,DOMESTIC,Govt,Govt,NOT LISTED,Bond,filter
BBG000009HP4,OSAKA PREFECTURE,OSAKA 1.27 08/28/13 41,DOMESTIC,Govt,Govt,NOT LISTED,Bond,filter
BBG000009HS1,GUNMA PREFECTURE,GUNPRE 1.5 05/30/19 1021,DOMESTIC,Govt,Govt,NOT LISTED,Bond,filter
BBG000009HV7,FEDERAL HOME LOAN BANK,FHLB 2.1 09/03/13,GLOBAL,Govt,Govt,NOT LISTED,Bond,filter
BBG000009JD3,HONG KONG MTG CO,HKMTGC 1.85 01/06/12 MTN,DOMESTIC MTN,Govt,Govt,NOT LISTED,Bond,filter
BBG000009JG0,JAPAN (10 YEAR ISSUE),JGB 1.6 03/20/16 277,DOMESTIC,Govt,Govt,TOKYO,Bond,filter
BBG000009JH9,KOMMUNALBANKEN AS,KBN 0.5 01/28/16 EMTN,EURO MTN,Govt,Govt,NOT LISTED,Bond,filter
BBG000009JK5,VIETNAM GOVERNMENT BOND,VIETGB 16 09/09/11,DOMESTIC,Govt,Govt,HANOI,Bond,filter
BBG000009JS7,KOREA NAT HOU BOND I,KORNHB 3 01/31/11 0601,DOMESTIC,Govt,Govt,KOREA,Bond,filter
BBG000009JW2,HCMC INVESTMENT FUND,HIFUGB 9.05 09/20/10 HIFU,DOMESTIC,Govt,Govt,HCM CITY EXCH,Bond,filter
BBG000009JX1,EGYPT TREASURY BILL,EGYTB 0 08/31/10 91,DOMESTIC,Govt,Govt,NOT LISTED,Bond,filter
BBG000009K22,NATIONAL HOUSING BONDIII,KORNHB 0 01/31/16 0601,DOMESTIC,Govt,Govt,KOREA,Bond,filter
BBG000009K40,YEOSU GWANGYANG PORT,KORCTA 4.35 03/28/21 ++43,DOMESTIC,Govt,Govt,KOREA,Bond,filter
BBG000009K59,JAPAN -27R (30 YR ISSUE),JGB 2.5 09/20/37 27R,DOMESTIC,Govt,Govt,TOKYO,Bond,filter
BBG000009K77,MEX BONOS PROTECC AHORRO,MBPA F 08/01/13 IT,DOMESTIC,Govt,Govt,MEXICO,Bond,filter
BBG000009K86,INCHEON DEVELOPOPMENT,IUDC 5.42 01/31/12 01YS,DOMESTIC,Govt,Govt,KOREA,Bond,filter
BBG000009KG7,EGYPT TREASURY BILL,EGYTB 0 08/03/10 91,DOMESTIC,Govt,Govt,NOT LISTED,Bond,filter
BBG000009KJ4,INDONESIA RECAPITAL BOND,INDORB 15.425 09/15/10 FR13,DOMESTIC,Govt,Govt,INDONESIA EXCH,Bond,filter
BBG000009KM0,KOREA IND COMPLEX CORP,KICOX 5.21 02/28/11 0802,DOMESTIC,Govt,Govt,KOREA,Bond,filter
BBG000009KN9,HYOGO PREFECTURE,HYOGO 1.01 03/21/13 1919,DOMESTIC,Govt,Govt,NOT LISTED,Bond,filter
BBG000009KP7,KYOTO CITY,KYOCTY 0.8 03/25/13 14-U,DOMESTIC,Govt,Govt,,Bond,filter
BBG000009KR5,CHIBA PREFECTURE,CHIBA 1.42 01/24/20 2111,DOMESTIC,Govt,Govt,NOT LISTED,Bond,filter
BBG000009KY7,SAITAMA PREFECTURE,SAITAP 1.65 02/27/18 19-7,DOMESTIC,Govt,Govt,NOT LISTED,Bond,filter
BBG000009L66,OSAKA PREFECTURE,OSAKA 1.07 04/26/13 37,DOMESTIC,Govt,Govt,NOT LISTED,Bond,filter
BBG000009L75,JPN GOVT PRINCIPAL STRIP,JGBP 0 03/20/13 +248,DOMESTIC,Govt,Govt,NOT LISTED,Bond,filter
BBG000009L84,BOLIVIAN TREASURY BOND,BOLGB 4.5 06/21/13 UFV,DOMESTIC,Govt,Govt,LA PAZ,Bond,filter
BBG000009LB0,SEOUL METRO RAILROAD,SUBWAY 2.5 01/31/13 0601,DOMESTIC,Govt,Govt,KOREA,Bond,filter
BBG000009LF6,JAPAN EXP HLD/DEBT REPAY,JAPEXP 1.6 08/29/18 64,DOMESTIC,Govt,Govt,NOT LISTED,Bond,filter
BBG000009LJ2,HYOGO PREFECTURE,HYOGO 0.7 09/06/10 9,DOMESTIC,Govt,Govt,,Bond,filter
BBG000009LL9,GWANGJU METRO CITY CORP,GJMCCO 5.06 01/31/11 0801,DOMESTIC,Govt,Govt,KOREA,Bond,filter
BBG000009LS2,EGYPT TREASURY BILL,EGYTB 0 03/01/11 273,DOMESTIC,Govt,Govt,NOT LISTED,Bond,filter
BBG000009LY5,TOKUSHIMA PREFECTURE,TOKUPR 1.75 03/31/17 709,DOMESTIC,Govt,Govt,NOT LISTED,Bond,filter
BBG000009M37,REPUBLIC OF ARGENTINA,ARGENT 3.31 12/31/45 Quas,DOMESTIC,Govt,Govt,NOT LISTED,Bond,filter
BBG000009M46,EGYPT TREASURY BILL,EGYTB 0 08/24/10 91,DOMESTIC,Govt,Govt,NOT LISTED,Bond,filter
BBG000009M55,FREDDIE MAC,FHLMC 0 03/05/38,DOMESTIC MTN,Govt,Govt,NOT LISTED,Bond,filter
BBG000009MB8,DEVELOPMENT BK OF JAPAN,DBJJP 1.6 08/20/18 23,DOMESTIC,Govt,Govt,NOT LISTED,Bond,filter
BBG000009MD6,EGYPT TREASURY BILL,EGYTB 0 12/07/10 364,DOMESTIC,Govt,Govt,NOT LISTED,Bond,filter
BBG000009MF4,AUCKLAND DIST HEALTH BOA,AUCKHB 7.75 09/15/10 +MTN,DOMESTIC MTN,Govt,Govt,,Bond,filter
BBG000009MG3,NEW ZEALAND GOVERNMENT,NZGB 6 11/15/11 1111,DOMESTIC,Govt,Govt,NEW ZEALAND,Bond,filter
BBG000009MK8,KOMMUNALBANKEN AS,KBN 7.4 08/27/13 EMTN,EURO MTN,Govt,Govt,NOT LISTED,Bond,filter
BBG000009ML7,KOMMUNALBANKEN AS,KBN 0.5 02/07/13 EMTN,EURO MTN,Govt,Govt,NOT LISTED,Bond,filter
BBG000009MV6,JORDAN GOVT BOND,JORGB 3.887 11/16/11 2310,DOMESTIC,Govt,Govt,AMMAN FIN MKT,Bond,filter
BBG000009MZ2,NATIONAL FOOD AUTHORITY,NATFA 6.75 02/08/18,DOMESTIC,Govt,Govt,NOT LISTED,Bond,filter
BBG000009N08,JAPAN (2 YEAR ISSUE),JGB 0.3 11/15/11 286,DOMESTIC,Govt,Govt,TOKYO,Bond,filter
BBG000009N26,FINDETER,FDT F 03/11/11 CD2,DOMESTIC,Govt,Govt,COLOMBIA,Bond,filter
BBG000009N71,KOMMUNALBANKEN AS,KBN 7.82 01/05/11 EMTN,EURO MTN,Govt,Govt,NOT LISTED,Bond,filter
BBG000009ND4,TAIWAN GOVT RECONSTRUCT,TGB 5.125 08/11/15,DOMESTIC,Govt,Govt,Taipei,Bond,filter
BBG000009NG1,QUEBEC CITY,QC 3 11/26/10,CANADIAN,Govt,Govt,NOT LISTED,Bond,filter
BBG000009NJ8,JAPAN EXPRESSWAY HOLDING,JAPEXP 1.49 12/19/14 ++11,DOMESTIC,Govt,Govt,NOT LISTED,Bond,filter
BBG000009NK6,EGYPT TREASURY BILL,EGYTB 0 11/02/10 182,DOMESTIC,Govt,Govt,NOT LISTED,Bond,filter
BBG000009NP1,FED REPUBLIC OF BRAZIL,BRAZIL 8.5 09/24/12,EURO NON-DOLLAR,Govt,Govt,SIX,Bond,filter
BBG000009NR9,SWEDISH EXPORT CREDIT,SEK V5 06/26/12 EMTN,EURO MTN,Govt,Govt,NOT LISTED,Bond,filter
BBG000009NV4,DA AFGHANISTAN BANK CAPI,AFCAP 0 09/29/10 182,DOMESTIC,Govt,Govt,NOT LISTED,Bond,filter
BBG000009NW3,HOKKAIDO PREFECTURE,HOKKA 1.88 05/30/18 20-2,DOMESTIC,Govt,Govt,NOT LISTED,Bond,filter
BBG000009NZ0,KOREA NATIONAL OIL CORP,KOROIL 5.22 06/25/14 +++1,DOMESTIC,Govt,Govt,KOREA,Bond,filter
BBG000009P12,YOKOHAMA CITY,YOKOHA 1.34 06/20/13 20-1,DOMESTIC,Govt,Govt,NOT LISTED,Bond,filter
BBG000009P30,JAPAN (30 YEAR ISSUE),JGB 2.4 09/20/38 29,DOMESTIC,Govt,Govt,TOKYO,Bond,filter
BBG000009P58,INCHEON DEVELOPOPMENT,IUDC 5.42 01/31/12 01KS,DOMESTIC,Govt,Govt,KOREA,Bond,filter
BBG000009P94,JAPAN FINANCE CORP,JFCORP 1.36 03/19/13 23,DOMESTIC,Govt,Govt,,Bond,filter
BBG000009PV9,AUST CAPITAL TERRITORY,AUSCAP V0 04/17/20,AUSTRALIAN,Govt,Govt,NOT LISTED,Bond,filter
BBG000009PX7,FINDETER,FDT F 09/11/10 CD18,DOMESTIC,Govt,Govt,COLOMBIA,Bond,filter
BBG000009Q56,FICO STRIP CPN,FICO 0 04/06/14,US DOMESTIC,Govt,Govt,NOT LISTED,Bond,filter
BBG000009QP4,CHUNGBUK DEVELOPMENT COR,CBDEVC 5.56 12/31/11 0812,DOMESTIC,Govt,Govt,KOREA,Bond,filter
BBG000009QV7,JAPAN (15 YEAR ISSUE),JGB F 03/21/16 ++11,DOMESTIC,Govt,Govt,NOT LISTED,Bond,filter
BBG000009QZ3,MAJOR JOINT LOCAL BOND,JTMUNI 0.7 04/25/13 +++1,DOMESTIC,Govt,Govt,,Bond,filter
BBG000009R54,KOREA RAIL NETWORK AUTH,KORTRA 5.73 01/17/13 ++54,DOMESTIC,Govt,Govt,KOREA,Bond,filter
BBG000009R72,SAPPORO CITY,SAPPOR 0.71 09/19/14 21-4,DOMESTIC,Govt,Govt,NOT LISTED,Bond,filter
BBG000009S07,JAPAN EXP HLD/DEBT REPAY,JAPEXP 1.6 02/28/18 52,DOMESTIC,Govt,Govt,NOT LISTED,Bond,filter
BBG000009S25,HOKKAIDO PREFECTURE,HOKKA 0.7 02/26/15 2115,DOMESTIC,Govt,Govt,NOT LISTED,Bond,filter
BBG000009S43,MUNICIPALITY FINANCE PLC,KUNTA 4.52 07/27/12 EMTN,EURO MTN,Govt,Govt,NOT LISTED,Bond,filter
BBG000009S70,LETRAS BANCO CENT ARGENT,LEBAC 0 08/18/10 INT,DOMESTIC,Govt,Govt,BUENOS AIRES,Bond,filter
BBG000002HW3,DEOLEO PREFERENTES SA,SOSSM 0 PERP,EURO-ZONE,Corp,Corp,AIAF,Bond,filter
BBG000008BS5,BNP PARIBAS,BNP V0 PERP TPB,EURO-ZONE,Preferred Stock,Corp,EURONEXT-PARIS,Bond,filter
BBG000009DL7,BARRICK MINING CORP,ABXCN 8.05 06/03/26 MTN,DOMESTIC MTN,Corp,Corp,TRACE,Bond,filter
BBG000009DN5,NATIONAL GAS CO,NGCTT 6.05 01/15/36 REGS,EURO-DOLLAR,Corp,Corp,TRACE,Bond,filter
BBG000009DP3,MORGAN STANLEY TRACERS,TRCRS 6.789 06/15/12 144A,PRIV PLACEMENT,Corp,Corp,NOT LISTED,Bond,filter
BBG000009DT9,TOKYO GAS CO LTD,TOKGAS 1.41 12/02/13 ++24,DOMESTIC,Corp,Corp,NOT LISTED,Bond,filter
BBG000009DX4,E.ON INTL FINANCE BV,EOANGR 5.8 04/30/18 144A,PRIV PLACEMENT,Corp,Corp,NOT LISTED,Bond,filter
BBG000009F05,NORTHGROUP PFD CAP CORP,TD V6.378 PERP,PRIV PLACEMENT,Corp,Corp,NOT LISTED,Bond,filter
BBG000009F14,GE CAPITAL BANK,GE 4.55 10/16/12 0000,US DOMESTIC,Corp,Corp,NOT LISTED,Bond,filter
BBG000009F32,INTER-AMERICAN DEVEL BK,IADB 8.5 03/15/11,YANKEE,Corp,Corp,FRANKFURT,Bond,filter
BBG000009F50,INTL BK RECON & DEVELOP,IBRD 8.25 09/01/16,GLOBAL,Corp,Corp,FRANKFURT,Bond,filter
BBG000009F69,LOTTE CARD CO LTD,LOTCRD 5 06/25/13 +170,DOMESTIC,Corp,Corp,KOREA,Bond,filter
BBG000009F78,INTL BK RECON & DEVELOP,IBRD 8.625 10/15/16,GLOBAL,Corp,Corp,FRANKFURT,Bond,filter
BBG000009F87,INTL BK RECON & DEVELOP,IBRD 8.875 03/01/26,GLOBAL,Corp,Corp,FRANKFURT,Bond,filter
BBG000009F96,INTL BK RECON & DEVELOP,IBRD 9.25 07/15/17,GLOBAL,Corp,Corp,SIX,Bond,filter
BBG000009FB3,JBM REALTY CO PLL,JBMENV V0 05/01/22 2002,PRIV PLACEMENT,Corp,Corp,NOT LISTED,Bond,filter
BBG000009FC2,DIGITALGLOBE INC,DGI 10.5 05/01/14,GLOBAL,Corp,Corp,TRACE,Bond,filter
BBG000009FD1,JPMORGAN CHASE & CO,JPM 0 07/08/11 0000,US DOMESTIC,Corp,Corp,NOT LISTED,Bond,filter
BBG000009FF9,KOREA EXCHANGE BANK,KEBHNB 0 12/18/10 3212,DOMESTIC,Corp,Corp,KOREA,Bond,filter
BBG000009FG8,SPARKASSE IN BREMEN,SPKBRE 3 02/14/11 +503,EURO-ZONE,Corp,Corp,BERLIN,Bond,filter
BBG000009FH7,FINLAY FINE JEWELRY CORP,FNLY 8.375 06/01/12 *,PRIV PLACEMENT,Corp,Corp,NOT LISTED,Bond,filter
BBG000009FJ5,HARTFORD LIFE INSURANCE,HIG V0 01/15/18 INCM,DOMESTIC MTN,Corp,Corp,NOT LISTED,Bond,filter
BBG000009FK3,FIRST FINANCIAL BANK,FFBC 4 05/09/11 0000,US DOMESTIC,Corp,Corp,NOT LISTED,Bond,filter
BBG000009FL2,STEMSCIENCE CO LTD,DUHIGH 0 09/23/11 +++7,DOMESTIC,Corp,Corp,KOREA,Bond,filter
BBG000009FN0,EUROPEAN BK RECON & DEV,EBRD F 02/04/13 EMTN,EURO MTN,Corp,Corp,NOT LISTED,Bond,filter
BBG000009FP8,KAJIMA CORPORATION,KAJIMA 1.58 02/28/13 31,DOMESTIC,Corp,Corp,NOT LISTED,Bond,filter
BBG000009FR6,ANCORA OAHS PTY LTD,ANCORA V0 06/27/35,AUSTRALIAN,Corp,Corp,NOT LISTED,Bond,filter
BBG000009FS5,LEHMAN BROTHERS HOLDINGS,LEH 0 12/23/08 MTn,DOMESTIC MTN,Corp,Corp,TRACE,Bond,filter
BBG000009FX9,BANK OF AMERICA CORP,BAC F 10/04/19 EMTn,EURO MTN,Corp,Corp,LONDON,Bond,filter
BBG000009FY8,DEUTSCHE BANK AG LONDON,DB 7 06/07/14 MTN,DOMESTIC MTN,Corp,Corp,NOT LISTED,Bond,filter
BBG000009FZ7,IXIS STRUCTURED PRODUCTS,KNFP V0 06/28/13 SX5e,EURO MTN,Corp,Corp,LUXEMBOURG,Bond,filter
BBG000009G03,RABOBANK STRUCTURED PROD,RABOBK 0 03/13/15 0000,DOMESTIC,Corp,Corp,LUXEMBOURG,Bond,filter
BBG000009G49,PACIFIC CREST TRUST,PACCRE V0 10/08/33,US DOMESTIC,Corp,Corp,NOT LISTED,Bond,filter
BBG000009G67,KANSAS STATE BANK MANHAT,KANBNK 5.4 08/09/10 CD,US DOMESTIC,Corp,Corp,NOT LISTED,Bond,filter
BBG000009G94,ROYAL BK OF SCOTLAND PLC,NWG 2.1 01/20/12 EMTN,EURO MTN,Corp,Corp,NOT LISTED,Bond,filter
BBG000009GC0,CREDIT SUISSE SECS USA,UBS 12 09/10/12 0000,EURO MTN,Corp,Corp,NOT LISTED,Bond,filter
BBG000009GD9,HSBC TRINKAUS+BURKHARDT,TRIBUK 0 PERP 6539,EURO-ZONE,Corp,Corp,EUWAX STUTTGART,Bond,filter
BBG000009GH5,URBANIZADORA CARIBE,SUCA F 12/17/19,DOMESTIC,Corp,Corp,PANAMA,Bond,filter
BBG000009GJ3,SIRIUS XM CANADA HOLDING,XSRCN 12.75 02/15/14 144A,PRIV PLACEMENT,Corp,Corp,NOT LISTED,Bond,filter
BBG000009GK1,BARCLAYS BANK PLC,BACR 6 02/08/11 0000,EURO MTN,Corp,Corp,NOT LISTED,Bond,filter
BBG000009GL0,BANCO CREDITO DEL PERU,BCP 8 03/24/13 10-B,DOMESTIC,Corp,Corp,BVL,Bond,filter
BBG000009GM9,DEUTSCHE BANK AG LONDON,DB 0 07/31/12 0000,EURO-ZONE,Corp,Corp,LUXEMBOURG,Bond,filter
BBG000009GN8,ROYAL BANK OF CANADA,RY 0 06/28/13,DOMESTIC MTN,Corp,Corp,NOT LISTED,Bond,filter
BBG000009GP6,SIMON PROPERTY GROUP LP,SPG 6.35 08/28/12,GLOBAL,Corp,Corp,NOT LISTED,Bond,filter
BBG000009GQ5,COMMERZBANK AG,CMZB 0 09/24/09 3095,EURO-ZONE,Corp,Corp,EUWAX STUTTGART,Bond,filter
BBG000009GR4,AFJORD SPAREBANK,AFJORD F PERP,DOMESTIC,Corp,Corp,NOT LISTED,Bond,filter
BBG000009GS3,SYLPH LIMITED,SYLPH F 06/20/12,EURO NON-DOLLAR,Corp,Corp,NOT LISTED,Bond,filter
BBG000009GT2,BEAR STEARNS GLBL ASSET,JPM 6.95 09/20/12 PEN,EURO NON-DOLLAR,Corp,Corp,NOT LISTED,Bond,filter
BBG000009GV9,INTL BK RECON & DEVELOP,IBRD 5.75 02/17/15 MTN,DOMESTIC MTN,Corp,Corp,STUTTGART,Bond,filter
BBG000009GW8,JPMORGAN CHASE & CO,JPM 0 06/28/11 0004,US DOMESTIC,Corp,Corp,NOT LISTED,Bond,filter
BBG000009GX7,BARCLAYS BANK PLC,BACR 0 02/10/12 BSKT,DOMESTIC,Corp,Corp,NOT LISTED,Bond,filter
BBG000009GY6,DELEK ENERGY LTD,DLENIT 5.5 06/30/15 B3,DOMESTIC,Corp,Corp,TEL AVIV,Bond,filter
BBG000009GZ5,KYONGNAM BANK,KYONG 0 06/29/49 +++3,DOMESTIC,Corp,Corp,KOREA,Bond,filter
BBG000009H01,CORP-BACKED TRUST CERTS,CBTCS 0.15 05/15/97 F,US DOMESTIC,Corp,Corp,NOT LISTED,Bond,filter
BBG000009H10,INTER-AMERICAN DEVEL BK,IADB 8.2 04/30/13 GDIF,EURO MTN,Corp,Corp,NOT LISTED,Bond,filter
BBG000009H47,JP MORGAN CHASE BANK NA,JPM 0 12/29/15 0000,US DOMESTIC,Corp,Corp,NOT LISTED,Bond,filter
BBG000009H83,TOHOKU ELECTRIC POWER CO,TOHOKU 1.36 02/25/14 +420,DOMESTIC,Corp,Corp,NOT LISTED,Bond,filter
BBG000009H92,SOCIETE GEN ACCEPTANCE,SOCGEN 2.84 08/20/12 EMTN,EURO MTN,Corp,Corp,NOT LISTED,Bond,filter
BBG000009HD7,ROYAL BK OF SCOTLAND PLC,NWG 0 08/24/12 NIKK,EURO NON-DOLLAR,Corp,Corp,NOT LISTED,Bond,filter
BBG000009HF5,BMW BANK OF NORTH AMERIC,BMW 4.8 12/20/10 cd,US DOMESTIC,Corp,Corp,NOT LISTED,Bond,filter
BBG000009HG4,NOVA BANK,NOVABK 4.8 12/20/10 CD,US DOMESTIC,Corp,Corp,NOT LISTED,Bond,filter
BBG000009HH3,CATERPILLAR FIN SERV CRP,CAT F 08/20/10 MTN,DOMESTIC MTN,Corp,Corp,NOT LISTED,Bond,filter
BBG000009HJ1,TAICHUNG COMMERCIAL BANK,TCCBNK F 12/18/16 98-3,DOMESTIC,Corp,Corp,Taipei,Bond,filter
BBG000009HK9,WOORI BANK,WOORIB 0 10/14/10 1310,DOMESTIC,Corp,Corp,KOREA,Bond,filter
BBG000009HL8,SHINYOUNG SECURITIES,SHNYNG 0 11/22/10 +816,DOMESTIC,Corp,Corp,KOREA,Bond,filter
BBG000009HM7,UBS AG LONDON,UBS 0 08/11/10 80,DOMESTIC,Corp,Corp,EUWAX STUTTGART,Bond,filter
BBG000009HN6,UBS AG LONDON,UBS 0 08/11/10 79,DOMESTIC,Corp,Corp,EUWAX STUTTGART,Bond,filter
BBG000009HQ3,UNICREDIT BK AUSTRIA AG,BACA 2.7 02/23/11 EMTN,EURO MTN,Corp,Corp,NOT LISTED,Bond,filter
BBG000009HR2,ROYAL BK OF SCOTLAND PLC,NWG F 02/23/12 eMTN,EURO MTN,Corp,Corp,NOT LISTED,Bond,filter
BBG000009HT0,HSBC BANK USA,HSBC 5.5 03/11/20 CD,US DOMESTIC,Corp,Corp,NOT LISTED,Bond,filter
BBG000009HW6,INTL BK RECON & DEVELOP,IBRD 0 08/15/10,YANKEE,Corp,Corp,NOT LISTED,Bond,filter
BBG000009HX5,INTL BK RECON & DEVELOP,IBRD 0 02/15/11 ++2,YANKEE,Corp,Corp,NOT LISTED,Bond,filter
BBG000009HY4,INTL BK RECON & DEVELOP,IBRD 0 02/15/11,YANKEE,Corp,Corp,NOT LISTED,Bond,filter
BBG000009HZ3,INTL BK RECON & DEVELOP,IBRD 0 08/15/11,YANKEE,Corp,Corp,NOT LISTED,Bond,filter
BBG000009J07,INTL BK RECON & DEVELOP,IBRD 0 02/15/12,YANKEE,Corp,Corp,NOT LISTED,Bond,filter
BBG000009J16,INTL BK RECON & DEVELOP,IBRD 0 02/15/12 ++2,YANKEE,Corp,Corp,NOT LISTED,Bond,filter
BBG000009J25,INTL BK RECON & DEVELOP,IBRD 0 08/15/12,GLOBAL,Corp,Corp,NOT LISTED,Bond,filter
BBG000009J34,INTL BK RECON & DEVELOP,IBRD 0 02/15/13,GLOBAL,Corp,Corp,NOT LISTED,Bond,filter
BBG000009J43,INTL BK RECON & DEVELOP,IBRD 0 02/15/13 ++2,GLOBAL,Corp,Corp,NOT LISTED,Bond,filter
BBG000009J52,INTL BK RECON & DEVELOP,IBRD 0 08/15/13,GLOBAL,Corp,Corp,NOT LISTED,Bond,filter
BBG000009J61,INTL BK RECON & DEVELOP,IBRD 0 02/15/14 ++2,GLOBAL,Corp,Corp,NOT LISTED,Bond,filter
BBG000009J70,INTL BK RECON & DEVELOP,IBRD 0 02/15/14,GLOBAL,Corp,Corp,NOT LISTED,Bond,filter
BBG000009J89,INTL BK RECON & DEVELOP,IBRD 0 08/15/14,GLOBAL,Corp,Corp,NOT LISTED,Bond,filter
BBG000009J98,INTL BK RECON & DEVELOP,IBRD 0 02/15/15 ++2,GLOBAL,Corp,Corp,NOT LISTED,Bond,filter
BBG000009JB5,INTL BK RECON & DEVELOP,IBRD 0 02/15/15,GLOBAL,Corp,Corp,FRANKFURT,Bond,filter
BBG000009JC4,INTL BK RECON & DEVELOP,IBRD 0 02/15/16 ++2,GLOBAL,Corp,Corp,FRANKFURT,Bond,filter
BBG000009JF1,BAE SYSTEMS HOLDINGS INC,BALN 4.75 08/15/10 144A,PRIV PLACEMENT,Corp,Corp,FRANKFURT,Bond,filter
BBG000009JJ7,REG DIVERSIFIED FUNDING,REGDIV F 01/25/36 l44A,PRIV PLACEMENT,Corp,Corp,TRACE,Bond,filter
BBG000009JL4,FEELUX CO LTD,FEELUX 0 02/01/11 ++WW,DOMESTIC,Corp,Corp,KOREA,Bond,filter
BBG000009JM3,GENTECH HOLDINGS CO LTD,GNTECH 0 12/26/09 +++1,DOMESTIC,Corp,Corp,KOREA,Bond,filter
BBG000009JN2,MITSUBISHI ESTATE CO,MITEST 1.16 09/30/11 57,DOMESTIC,Corp,Corp,NOT LISTED,Bond,filter
BBG000009JP0,LIC HOUSING FINANCE LTD,LICHFL 9.45 01/01/12 47,DOMESTIC,Corp,Corp,NSE INDIA,Bond,filter
BBG000009JQ9,HITACHI METALS LTD,HITMET 1.5 01/30/13 ++27,DOMESTIC,Corp,Corp,,Bond,filter
BBG000009JR8,HSBC USA INC,HSBC 0 02/03/11 SPX,DOMESTIC MTN,Corp,Corp,NOT LISTED,Bond,filter
BBG000009JT6,MAD CATZ INTERACTIVE INC,MCZCN 7.5 03/31/19,US DOMESTIC,Corp,Corp,NOT LISTED,Bond,filter
BBG000009JV3,SUSQUEHANNA CAPITAL II,SUSQ 11 03/23/40,US DOMESTIC,Corp,Corp,NOT LISTED,Bond,filter
BBG000009JY0,HSBC BANK USA,HSBC 0 07/31/14 HSCC,US DOMESTIC,Corp,Corp,NOT LISTED,Bond,filter
BBG000009JZ9,FORMOSA EPITAXY INC,FOREPI 0 01/08/11 3,DOMESTIC,Corp,Corp,Taipei,Bond,filter
BBG000009K04,SINDONG 1ST ABS SEC SPC,SFSABS 6.2 09/29/12 +1-1,DOMESTIC,Corp,Corp,KOREA,Bond,filter
BBG000009K13,COMMERZBANK AG,CMZB 0 PERP AMD1,EURO-ZONE,Corp,Corp,STUTTGART,Bond,filter
BBG000B9PM29,EL PASO CO SD 20 -A,CO ELPSCD 6.3 12/15/1993,FIXED,Muni,Muni,,Bond,filter
BBG000B9PM38,BELL HLTH LUTHERAN CA,TX BELMED 6.5 07/01/2019,"FIXED, OID",Muni,Muni,,Bond,filter
BBG000B9PM56,CHESHIRE BANS,CT CHE 4 08/08/1997,FIXED,Muni,Muni,,Bond,filter
BBG000B9PM65,BRENTWOOD USD CTFS,CA BTWEDU 4.4 05/01/1995,FIXED,Muni,Muni,,Bond,filter
BBG000B9PM74,BRENTWOOD USD CTFS,CA BTWEDU 5 05/01/1996,FIXED,Muni,Muni,,Bond,filter
BBG000B9PM83,BRENTWOOD USD CTFS,CA BTWEDU 5.2 05/01/1997,FIXED,Muni,Muni,,Bond,filter
BBG000B9PM92,BRENTWOOD USD CTFS,CA BTWEDU 5.4 05/01/1998,FIXED,Muni,Muni,,Bond,filter
BBG000B9PMB9,BRENTWOOD USD CTFS,CA BTWEDU 5.6 05/01/1999,FIXED,Muni,Muni,,Bond,filter
BBG000B9PMC8,BERKELEY TOWNSHIP,NJ BKY 4.62 11/15/1996,FIXED,Muni,Muni,,Bond,filter
BBG000B9PMD7,BRENTWOOD USD CTFS,CA BTWEDU 5.75 05/01/2000,FIXED,Muni,Muni,,Bond,filter
BBG000B9PMF5,BRENTWOOD USD CTFS,CA BTWEDU 5.88 05/01/2001,FIXED,Muni,Muni,,Bond,filter
BBG000B9PMG4,BRENTWOOD USD CTFS,CA BTWEDU 6 05/01/2002,FIXED,Muni,Muni,,Bond,filter
BBG000B9PMH3,BRENTWOOD USD CTFS,CA BTWEDU 6.1 05/01/2003,FIXED,Muni,Muni,,Bond,filter
BBG000B9PMJ1,BRENTWOOD USD CTFS,CA BTWEDU 6.2 05/01/2004,FIXED,Muni,Muni,,Bond,filter
BBG000B9PMK9,BERKELEY TOWNSHIP,NJ BKY 4.62 11/15/1997,FIXED,Muni,Muni,,Bond,filter
BBG000B9PML8,A & M CONS ISD,TX AAMSCD 0 08/15/1985,FIXED,Muni,Muni,,Bond,filter
BBG000B9PMM7,A & M CONS ISD,TX AAMSCD 6 08/15/1986,FIXED,Muni,Muni,,Bond,filter
BBG000B9PMN6,A & M CONS ISD,TX AAMSCD 6 08/15/1987,FIXED,Muni,Muni,,Bond,filter
BBG000B9PMP4,A & M CONS ISD,TX AAMSCD 5.3 08/15/1988,FIXED,Muni,Muni,,Bond,filter
BBG000B9PMQ3,A & M CONS ISD,TX AAMSCD 5.3 08/15/1989,FIXED,Muni,Muni,,Bond,filter
BBG000B9PMR2,A & M CONS ISD,TX AAMSCD 5.3 08/15/1990,FIXED,Muni,Muni,,Bond,filter
BBG000B9PMS1,A & M CONS ISD,TX AAMSCD 5.3 08/15/1991,FIXED,Muni,Muni,,Bond,filter
BBG000B9PMT0,A & M CONS ISD,TX AAMSCD 5.7 08/15/1992,FIXED,Muni,Muni,,Bond,filter
BBG000B9PMV7,A & M CONS ISD,TX AAMSCD 5.7 08/15/1993,FIXED,Muni,Muni,,Bond,filter
BBG000B9PMW6,BRENTWOOD USD CTFS,CA BTWEDU 6.25 05/01/2005,FIXED,Muni,Muni,,Bond,filter
BBG000B9PMX5,A & M CONS ISD,TX AAMSCD 6 08/15/1995,FIXED,Muni,Muni,,Bond,filter
BBG000B9PMY4,A & M CONS ISD,TX AAMSCD 6 08/15/1996,FIXED,Muni,Muni,,Bond,filter
BBG000B9PMZ3,A & M CONS ISD,TX AAMSCD 4.5 08/15/1997,FIXED,Muni,Muni,,Bond,filter
BBG000B9PNT8,BERKELEY TOWNSHIP,NJ BKY 4.62 11/15/1998,FIXED,Muni,Muni,,Bond,filter
BBG000B9PQ93,OCTORARA SD,PA OCTSCD 6 02/01/2002,FIXED,Muni,Muni,,Bond,filter
BBG000B9PQD8,OCTORARA SD,PA OCTSCD 6.1 02/01/2003,FIXED,Muni,Muni,,Bond,filter
BBG000B9PQG5,OCTORARA SD,PA OCTSCD 6.2 02/01/2004,FIXED,Muni,Muni,,Bond,filter
BBG000B9PQJ2,OCTORARA SD,PA OCTSCD 6.3 02/01/2005,FIXED,Muni,Muni,,Bond,filter
BBG000B9PQL9,OCTORARA SD,PA OCTSCD 6.4 02/01/2006,FIXED,Muni,Muni,,Bond,filter
BBG000B9PQN7,TX REF-VETS-FD I-A,TX TXS 6.15 12/01/2025,FIXED,Muni,Muni,,Bond,filter
BBG000B9PQQ4,OCTORARA SD,PA OCTSCD 6.5 02/01/2008,FIXED,Muni,Muni,,Bond,filter
BBG000B9PQS2,TX AMT-REF-FD II-C,TX TXS 5.6 06/01/2014,FIXED,Muni,Muni,,Bond,filter
BBG000B9PQV8,TX AMT-REF-VETS-II-C,TX TXS 6.25 12/01/2026,FIXED,Muni,Muni,,Bond,filter
BBG000B9PQX6,TEXAS AMT-RF-VETS-I-B,TX TXS 4.3 12/01/1998,FIXED,Muni,Muni,,Bond,filter
BBG000B9PQZ4,OCTORARA SD,PA OCTSCD 6.5 02/01/2012,FIXED,Muni,Muni,,Bond,filter
BBG000B9PR19,OK TPK 2ND SR -A,OK OKSTRN 4.5 01/01/1992,FIXED,Muni,Muni,,Bond,filter
BBG000B9PR37,OK TPK 2ND SR -A,OK OKSTRN 4.8 01/01/1993,FIXED,Muni,Muni,,Bond,filter
BBG000B9PR55,OK TPK 2ND SR -A,OK OKSTRN 5 01/01/1994,FIXED,Muni,Muni,,Bond,filter
BBG000B9PR73,OK TPK 2ND SR -A,OK OKSTRN 5.15 01/01/1995,FIXED,Muni,Muni,,Bond,filter
BBG000B9PR91,OK TPK 2ND SR -A,OK OKSTRN 5.3 01/01/1996,FIXED,Muni,Muni,,Bond,filter
BBG000B9PRC7,OK TPK 2ND SR -A,OK OKSTRN 5.45 01/01/1997,FIXED,Muni,Muni,,Bond,filter
BBG000B9PRF4,OK TPK 2ND SR -A,OK OKSTRN 5.6 01/01/1998,FIXED,Muni,Muni,,Bond,filter
BBG000B9PRJ0,OK TPK 2ND SR -A,OK OKSTRN 5.7 01/01/1999,FIXED,Muni,Muni,,Bond,filter
BBG000B9PRL7,OK TPK 2ND SR -A,OK OKSTRN 5.8 01/01/2000,FIXED,Muni,Muni,,Bond,filter
BBG000B9PRN5,OK TPK 2ND SR -A,OK OKSTRN 5.9 01/01/2001,FIXED,Muni,Muni,,Bond,filter
BBG000B9PRQ2,OK TPK 2ND SR -A,OK OKSTRN 6 01/01/2002,FIXED,Muni,Muni,,Bond,filter
BBG000B9PRS0,OK TPK 2ND SR -A,OK OKSTRN 6.1 01/01/2003,FIXED,Muni,Muni,,Bond,filter
BBG000B9PRT9,A B C USD,CA ABCSCD 5.1 05/01/1985,FIXED,Muni,Muni,,Bond,filter
BBG000B9PRV6,OK TPK 2ND SR -A,OK OKSTRN 6.2 01/01/2004,FIXED,Muni,Muni,,Bond,filter
BBG000B9PRW5,A B C USD,CA ABCSCD 5.1 05/01/1986,FIXED,Muni,Muni,,Bond,filter
BBG000B9PRX4,OK TPK 2ND SR -A,OK OKSTRN 6.3 01/01/2005,FIXED,Muni,Muni,,Bond,filter
BBG000B9PRY3,A B C USD,CA ABCSCD 5.25 05/01/1987,FIXED,Muni,Muni,,Bond,filter
BBG000B9PRZ2,TEXAS AMT-RF-VETS-I-B,TX TXS 4.45 06/01/1999,FIXED,Muni,Muni,,Bond,filter
BBG000B9PS08,A B C USD,CA ABCSCD 5.25 05/01/1988,FIXED,Muni,Muni,,Bond,filter
BBG000B9PS17,OK TPK 1ST SR,OK OKSTRN 6.6 01/01/2017,FIXED,Muni,Muni,,Bond,filter
BBG000B9PS26,A B C USD,CA ABCSCD 5.25 05/01/1989,FIXED,Muni,Muni,,Bond,filter
BBG000B9PS35,POWAY REDEV TAX REF,CA POWDEV 5.5 12/15/1993,FIXED,Muni,Muni,,Bond,filter
BBG000B9PS44,A B C USD,CA ABCSCD 5.25 05/01/1990,"FIXED, OID",Muni,Muni,,Bond,filter
BBG000B9PS53,A B C USD,CA ABCSCD 5.25 05/01/1991,"FIXED, OID",Muni,Muni,,Bond,filter
BBG000B9PS62,A B C USD,CA ABCSCD 5.25 05/01/1992,"FIXED, OID",Muni,Muni,,Bond,filter
BBG000B9PS71,POWAY REDEV TAX REF,CA POWDEV 5.75 12/15/1994,FIXED,Muni,Muni,,Bond,filter
BBG000B9PS80,A B C USD,CA ABCSCD 5.25 05/01/1993,"FIXED, OID",Muni,Muni,,Bond,filter
BBG000B9PS99,POWAY REDEV TAX REF,CA POWDEV 6 12/15/1995,FIXED,Muni,Muni,,Bond,filter
BBG000B9PSB6,A B C USD,CA ABCSCD 5.25 05/01/1994,"FIXED, OID",Muni,Muni,,Bond,filter
BBG000B9PSC5,POWAY REDEV TAX REF,CA POWDEV 6.2 12/15/1996,"FIXED, OID",Muni,Muni,,Bond,filter
BBG000B9PSD4,A B C USD,CA ABCSCD 5.25 05/01/1995,"FIXED, OID",Muni,Muni,,Bond,filter
BBG000B9PSF2,POWAY REDEV TAX REF,CA POWDEV 6.4 12/15/1997,"FIXED, OID",Muni,Muni,,Bond,filter
BBG000B9PSG1,A B C USD,CA ABCSCD 5.25 05/01/1996,"FIXED, OID",Muni,Muni,,Bond,filter
BBG000B9PSH0,POWAY REDEV TAX REF,CA POWDEV 6.6 12/15/1998,"FIXED, OID",Muni,Muni,,Bond,filter
BBG000B9PSJ8,A B C USD,CA ABCSCD 5.25 05/01/1997,"FIXED, OID",Muni,Muni,,Bond,filter
BBG000B9PSK6,POWAY REDEV TAX REF,CA POWDEV 6.8 12/15/1999,"FIXED, OID",Muni,Muni,,Bond,filter
BBG000B9PSL5,A B C USD,CA ABCSCD 4.5 05/01/1998,"FIXED, OID",Muni,Muni,,Bond,filter
BBG000B9PSM4,POWAY REDEV TAX REF,CA POWDEV 6.9 12/15/2000,"FIXED, OID",Muni,Muni,,Bond,filter
BBG000B9PSN3,POWAY REDEV TAX REF,CA POWDEV 7 12/15/2001,"FIXED, OID",Muni,Muni,,Bond,filter
BBG000B9PSQ0,POWAY REDEV TAX REF,CA POWDEV 7.75 12/15/2021,"FIXED, OID",Muni,Muni,,Bond,filter
BBG000B9PSS8,SAN LUIS OBISPO JAIL,CA SLOCTF 4.9 10/01/1992,FIXED,Muni,Muni,,Bond,filter
BBG000B9PSV4,SAN LUIS OBISPO JAIL,CA SLOCTF 5.1 10/01/1993,FIXED,Muni,Muni,,Bond,filter
BBG000B9PSX2,SAN LUIS OBISPO JAIL,CA SLOCTF 5.25 10/01/1994,FIXED,Muni,Muni,,Bond,filter
BBG000B9PSZ0,SAN LUIS OBISPO JAIL,CA SLOCTF 5.4 10/01/1995,FIXED,Muni,Muni,,Bond,filter
BBG000B9PT15,SAN LUIS OBISPO JAIL,CA SLOCTF 5.6 10/01/1996,FIXED,Muni,Muni,,Bond,filter
BBG000B9PT33,SAN LUIS OBISPO JAIL,CA SLOCTF 5.8 10/01/1997,FIXED,Muni,Muni,,Bond,filter
BBG000B9PT51,SAN LUIS OBISPO JAIL,CA SLOCTF 6 10/01/1998,FIXED,Muni,Muni,,Bond,filter
BBG000B9PT79,SAN LUIS OBISPO JAIL,CA SLOCTF 6.1 10/01/1999,FIXED,Muni,Muni,,Bond,filter
BBG000B9PT97,SAN LUIS OBISPO JAIL,CA SLOCTF 6.2 10/01/2000,FIXED,Muni,Muni,,Bond,filter
BBG000B9PTC3,SAN LUIS OBISPO JAIL,CA SLOCTF 6.3 10/01/2001,FIXED,Muni,Muni,,Bond,filter
BBG000B9PTF0,SAN LUIS OBISPO JAIL,CA SLOCTF 6.4 10/01/2002,FIXED,Muni,Muni,,Bond,filter
BBG000B9PTH8,SAN LUIS OBISPO JAIL,CA SLOCTF 6.5 10/01/2003,FIXED,Muni,Muni,,Bond,filter
BBG000B9PTK4,SAN LUIS OBISPO JAIL,CA SLOCTF 6.6 10/01/2004,FIXED,Muni,Muni,,Bond,filter
BBG000B9PTM2,SAN LUIS OBISPO JAIL,CA SLOCTF 6.65 10/01/2005,FIXED,Muni,Muni,,Bond,filter
BBG000B9PTP9,SAN LUIS OBISPO JAIL,CA SLOCTF 6.7 10/01/2006,FIXED,Muni,Muni,,Bond,filter
BBG000B9PTR7,SAN LUIS OBISPO JAIL,CA SLOCTF 6.75 10/01/2016,FIXED,Muni,Muni,,Bond,filter
BBG000B9PTT5,SAN LUIS OBISPO JAIL,CA SLOCTF 6.8 10/01/2021,FIXED,Muni,Muni,,Bond,filter
BBG000B9PTW1,TX REF,TX TXS 6.5 12/01/2021,"FIXED, OID",Muni,Muni,,Bond,filter
BBG000B9PV10,UNIV NM REVS,NM UNMHGR 4.75 06/01/1993,FIXED,Muni,Muni,,Bond,filter
BBG000B9PV38,UNIV NM REVS,NM UNMHGR 5 06/01/1994,FIXED,Muni,Muni,,Bond,filter
BBG000GRDVR0,PANHANDLE NG SWAP Nov08,IMX08,Physical commodity future.,Future,Comdty,NYM,Commodity,filter
BBG000GRDWP0,WHEAT FUTURE(CBT) Mar74,W H74,Physical commodity future.,Future,Comdty,CBT,Commodity,filter
BBG000GRDXG8,LME ALUMINUM NAP  Feb02,MTAHDSG2,Physical commodity spot.,Comdty,Comdty,LME,Commodity,filter
BBG000GRDZF4,UNLEAD 87 UP/DOWN Sep06,TEU06,Physical commodity future.,Future,Comdty,NYM,Commodity,filter
BBG000GRF0Y8,NY HARBOR/NYMX GS Sep06,WKU06,Physical commodity future.,Future,Comdty,NYM,Commodity,filter
BBG000GRF2G4,GULF GAS/GULF HO  Sep06,WVU06,Physical commodity future.,Future,Comdty,NYM,Commodity,filter
BBG000GRF4S7,PALLADIUM FUTURE  Aug98,PAQ98,Physical commodity future.,Future,Comdty,NYM,Commodity,filter
BBG000GRG7G2,SOYBEAN SYN CRUSH Dec07,SRZ07,Physical commodity future.,Future,Comdty,CBT,Commodity,filter
BBG000GRHGF2,BRENT CRUDE FUTR  Jun92,COM92,Physical commodity future.,Future,Comdty,ICE,Commodity,filter
BBG000GRHGS8,EURO DM 3MO LIFFE Dec92,U Z92,Financial commodity future.,Future,Comdty,ICF,Commodity,filter
BBG000GRHJG5,BRENT CRUDE FUTR  Jul92,CON92,Physical commodity future.,Future,Comdty,ICE,Commodity,filter
BBG000GRHKX3,90DAY EURO$  IMM  Dec92,EDZ92,Financial commodity future.,Future,Comdty,CME,Commodity,filter
BBG000GRHQ33,SILVER FUTURE     May09,JLK09,Physical commodity future.,Future,Comdty,MCI,Commodity,filter
BBG000GRHW12,MCX ATF Future    Jul08,ATBN08,Financial commodity future.,Future,Comdty,MCI,Commodity,filter
BBG000GRHYG2,NW EUR GASOIL FUT May05,BUK05,Physical commodity future.,Future,Comdty,NYM,Commodity,filter
BBG000GRHZH8,SILVER FUTR (CMX) Oct76,SIV76,Physical commodity future.,Future,Comdty,CMX,Commodity,filter
BBG000GRSJR1,CRUDE OIL FUTR    Feb95,CLG95,Physical commodity future.,Future,Comdty,NYM,Commodity,filter
BBG000GRSNX5,SPANISH 10YR FUTR Sep92,NTU92,Financial commodity future.,Future,Comdty,MFM,Commodity,filter
BBG000GRSRF6,ECX EMISSION      Dec05,MOZ05,Physical commodity future.,Future,Comdty,EDX,Commodity,filter
BBG000GRSSP3,GASOLINE NY UNLD  Dec94,HUZ94,Physical commodity future.,Future,Comdty,NYM,Commodity,filter
BBG000GRTXH0,Generic 37th 'TS' Future,TS37,Financial commodity generic.,Future,Comdty,NYM,Commodity,filter
BBG000GRV1P8,MCX ATF SPOT,MCXATF,Physical commodity spot.,Comdty,Comdty,MCI,Commodity,filter
BBG000GRW5K3,MCX Almond Future Nov09,WLCX09,Physical commodity future.,Future,Comdty,MCI,Commodity,filter
BBG000GRW7P4,NYISO A OTC SWAP  Jan12,ZKF12,Physical commodity future.,Future,Comdty,NYM,Commodity,filter
BBG000GRW9K5,NYISO A OTC SWAP  Feb12,ZKG12,Physical commodity future.,Future,Comdty,NYM,Commodity,filter
BBG000GRWB84,NYISO A OTC SWAP  Apr12,ZKJ12,Physical commodity future.,Future,Comdty,NYM,Commodity,filter
BBG000GRWCF4,NYISO A OTC SWAP  Mar12,ZKH12,Physical commodity future.,Future,Comdty,NYM,Commodity,filter
BBG000GRWF21,NYISO A OTC SWAP  May12,ZKK12,Physical commodity future.,Future,Comdty,NYM,Commodity,filter
BBG000GRWJT4,NYISO J OTC SWAP  Feb13,ZJG13,Physical commodity future.,Future,Comdty,NYM,Commodity,filter
BBG000GRWKV8,NYISO J OTC SWAP  Mar13,ZJH13,Physical commodity future.,Future,Comdty,NYM,Commodity,filter
BBG000GRWLT9,NYISO J OTC SWAP  Apr13,ZJJ13,Physical commodity future.,Future,Comdty,NYM,Commodity,filter
BBG000GRWMY1,NYISO J OTC SWAP  May13,ZJK13,Physical commodity future.,Future,Comdty,NYM,Commodity,filter
BBG000GRWNT5,NYISO J OTC SWAP  Jun13,ZJM13,Physical commodity future.,Future,Comdty,NYM,Commodity,filter
BBG000GRWP74,NYM CAPP Coal Fut Jan05,QZF05,Physical commodity future.,Future,Comdty,NYM,Commodity,filter
BBG000GRWQ81,NYM CAPP Coal Fut Feb05,QZG05,Physical commodity future.,Future,Comdty,NYM,Commodity,filter
BBG000GRWRQ9,FED FUND 30DAY    Aug93,FFQ93,Financial commodity future.,Future,Comdty,CBT,Commodity,filter
BBG000GRWS50,FED FUND 30DAY    Jul93,FFN93,Financial commodity future.,Future,Comdty,CBT,Commodity,filter
BBG000GRWSZ7,FED FUND 30DAY    Jun93,FFM93,Financial commodity future.,Future,Comdty,CBT,Commodity,filter
BBG000GRWTM9,CANOLA FUTR (WCE) Jun93,RSM93,Physical commodity future.,Future,Comdty,WCE,Commodity,filter
BBG000GRXWN0,19.5 MICRON WOOL  Dec05,MJZ05,Physical commodity future.,Future,Comdty,ASX,Commodity,filter
BBG000GRXXS3,SOYBEAN OIL FUTR  Dec93,BOZ93,Physical commodity future.,Future,Comdty,CBT,Commodity,filter
BBG000GRXZC5,Soybean Quequen   Feb09,SYBG09,Physical commodity future.,Future,Comdty,MBA,Commodity,filter
BBG000GRXZZ0,SOYBEAN MEAL FUTR Jul03,SMN03,Physical commodity future.,Future,Comdty,CBT,Commodity,filter
BBG000GRY1Q4,NYM CAPP Coal Fut Dec02,QZZ02,Physical commodity future.,Future,Comdty,NYM,Commodity,filter
BBG000GRZ3M3,'DE' 9 YR STRIP   Sep07,X9U07,Physical commodity future.,Future,Comdty,,Commodity,filter
BBG000GRZ520,JPN 10Y BOND(OSE) Dec93,JBZ93,Financial commodity future.,Future,Comdty,OSE,Commodity,filter
BBG000GRZ682,CRUDE OIL FUTR    Jul95,CLN95,Physical commodity future.,Future,Comdty,NYM,Commodity,filter
BBG000GRZ7B6,GLOBAL 2010 BOND  Jan06,R8F06,Financial commodity future.,Future,Comdty,BMF,Commodity,filter
BBG000GRZ8T5,SILVER M FUTURE   Feb10,SNG10,Physical commodity future.,Future,Comdty,MCI,Commodity,filter
BBG000GRZBN4,MCX Almond Future Oct09,WLCV09,Physical commodity future.,Future,Comdty,MCI,Commodity,filter
BBG000GRZC25,MEXICAN TIIE      Apr09,DOJ09,Financial commodity future.,Future,Comdty,MDX,Commodity,filter
BBG000GRZGC5,SILVER FUTR (CMX) Apr92,SIJ92,Physical commodity future.,Future,Comdty,CMX,Commodity,filter
BBG000GRZHM2,COPPER FUTURE     Dec93,HGZ93,Physical commodity future.,Future,Comdty,CMX,Commodity,filter
BBG000GRZK09,Mini Gold Future  Feb09,JGPG09,Physical commodity future.,Future,Comdty,OSE,Commodity,filter
BBG000GRZKT8,BRENT CRUDE OIL   Nov08,P4X08,Physical commodity future.,Future,Comdty,MCI,Commodity,filter
BBG000GRZLQ9,NATURAL GAS FUTR  Aug93,NGQ93,Physical commodity future.,Future,Comdty,NYM,Commodity,filter
BBG000GRZMV1,NATURAL GAS FUTR  Jul93,NGN93,Physical commodity future.,Future,Comdty,NYM,Commodity,filter
BBG000GRZNF7,NATURAL GAS FUTR  Jun93,NGM93,Physical commodity future.,Future,Comdty,NYM,Commodity,filter
BBG000GRZNZ5,NATURAL GAS FUTR  May93,NGK93,Physical commodity future.,Future,Comdty,NYM,Commodity,filter
BBG000GRZPK6,COFFEE 'C' FUTURE Jul93,KCN93,Physical commodity future.,Future,Comdty,NYB,Commodity,filter
BBG000GRZQH8,PROPANE GAS FUTR  Apr93,PNJ93,Physical commodity future.,Future,Comdty,NYM,Commodity,filter
BBG000GS0SW3,PROPANE GAS FUTR  Mar93,PNH93,Physical commodity future.,Future,Comdty,NYM,Commodity,filter
BBG000GS0VT0,PROPANE GAS FUTR  Feb93,PNG93,Physical commodity future.,Future,Comdty,NYM,Commodity,filter
BBG000GS1062,SUGAR #14 (DOMST) Jul93,SEN93,Physical commodity future.,Future,Comdty,NYB,Commodity,filter
BBG000GS10B6,Mini Gold Future  Apr09,JGPJ09,Physical commodity future.,Future,Comdty,OSE,Commodity,filter
BBG000GS21Y8,SUGAR #11 (WORLD) Jul93,SBN93,Physical commodity future.,Future,Comdty,NYB,Commodity,filter
BBG000GS22C0,ORANGE JUICE FUTR Jul93,JON93,Physical commodity future.,Future,Comdty,NYB,Commodity,filter
BBG000GS28B8,Brent LD Euro Opt Apr08,BZBJ08,Physical commodity future.,Future,Comdty,NYM,Commodity,filter
BBG000GS2944,Generic 1st 'PJD' Future,PJD1,Financial commodity generic.,Future,Comdty,NYM,Commodity,filter
BBG000GS2BL0,Generic 2nd 'PJD' Future,PJD2,Financial commodity generic.,Future,Comdty,NYM,Commodity,filter
BBG000GS8779,WHEAT             Mar93,QKH93,Physical commodity future.,Future,Comdty,ICE,Commodity,filter
BBG000GS88H6,WTI-BRENT BULLET  Mar18,BYAH8,Physical commodity future.,Future,Comdty,NYM,Commodity,filter
BBG000GS8948,Mini Gold Future  Jun09,JGPM09,Physical commodity future.,Future,Comdty,OSE,Commodity,filter
BBG000GS9RM7,PORK BELLIES FUT  Mar93,PBH93,Physical commodity future.,Future,Comdty,CME,Commodity,filter
BBG000GSMXG6,GAS OIL FUT (IPE) Nov92,QSX92,Physical commodity future.,Future,Comdty,ICE,Commodity,filter
BBG000GSMYD7,PORK BELLIES FUT  Feb93,PBG93,Physical commodity future.,Future,Comdty,CME,Commodity,filter
BBG000GT09P1,91DAY CD RATE (KFE) SPOT,KFECD,Physical commodity spot.,Comdty,Comdty,KFE,Commodity,filter
BBG000GT0BT2,COPPER FUTURE     Nov93,HGX93,Physical commodity future.,Future,Comdty,CMX,Commodity,filter
BBG000GT0CZ3,GOLD 100 OZ (CMX) Oct94,GCV94,Physical commodity future.,Future,Comdty,CMX,Commodity,filter
BBG000GT0F77,US 2YR NOTE (CBT) Jun93,TUM93,Financial commodity future.,Future,Comdty,CBT,Commodity,filter
BBG000GT0G48,FRZN SHRIMP (KAN) Oct09,FSV09,Physical commodity future.,Future,Comdty,ODE,Commodity,filter
BBG000GT0HK8,HEATING OIL FUTR  Jun94,HOM94,Physical commodity future.,Future,Comdty,NYM,Commodity,filter
BBG000GT0J24,PANHANDLE NG SWAP Oct08,IMV08,Physical commodity future.,Future,Comdty,NYM,Commodity,filter
BBG000GT0JN1,SILVER FUTR (CMX) Feb93,SIG93,Physical commodity future.,Future,Comdty,CMX,Commodity,filter
BBG000GT0K49,MCX ATF Future    Aug08,ATBQ08,Financial commodity future.,Future,Comdty,MCI,Commodity,filter
BBG000GT0L29,"MINI COFFEE ""C""   Apr06",MCJ06,Physical commodity future.,Future,Comdty,NYB,Commodity,filter
BBG000GT0MK7,28-DAY TIIE FUTR  Apr06,MTJ06,Financial commodity future.,Future,Comdty,CME,Commodity,filter
BBG000GT0NZ9,SOYBEAN OIL FUTR  Sep93,BOU93,Physical commodity future.,Future,Comdty,CBT,Commodity,filter
BBG000GT0QR1,GOLD SPOT BRAZIL,OZBG,Physical commodity spot.,Comdty,Comdty,BMF,Commodity,filter
BBG000GT0VB7,Brent LD Euro Opt May08,BZBK08,Physical commodity future.,Future,Comdty,NYM,Commodity,filter
BBG000GT0W25,RUBBER RSS3  SCE  Sep95,RGU95,Physical commodity future.,Future,Comdty,SGX,Commodity,filter
BBG000GT0WN2,RUBBER RSS1  SCE  Oct95,ROV95,Physical commodity future.,Future,Comdty,SCE,Commodity,filter
BBG000GT0XK3,RUBBER RSS1  SCE  Sep95,ROU95,Physical commodity future.,Future,Comdty,SCE,Commodity,filter
BBG000GT0Y58,US LONG BOND(CBT) Dec86,USZ86,Financial commodity future.,Future,Comdty,CBT,Commodity,filter
BBG000GT0YN8,US LONG BOND(CBT) Dec87,USZ87,Financial commodity future.,Future,Comdty,CBT,Commodity,filter
BBG000GT21F7,RUBBER RSS3  SCE  Oct95,RGV95,Physical commodity future.,Future,Comdty,SGX,Commodity,filter
BBG000GT21S3,PLATINUM FUT TCOM Jan90,JAF90,Physical commodity future.,Future,Comdty,OSE,Commodity,filter
BBG000GT23F3,NG 1 MO STRIP NYM Jan06,!AF06,Physical commodity future.,Future,Comdty,NYM,Commodity,filter
BBG000GT24G0,Generic 1st 'RP' Future,RP1,Financial commodity generic.,Future,Comdty,NYM,Commodity,filter
BBG000GT24Z9,'XB' JAN MONTHLY 1,XBJAN1,Futures Monthly Ticker,Future,Comdty,NYM,Commodity,filter
BBG000GRHS02,GBP/SWISS         Dec98,YFZ98,Currency future.,Future,Curncy,FNX,Currency,filter
BBG000GRSMZ5,A$ FUTURE (PBOT)  Dec91,ZAZ91,Currency future.,Future,Curncy,PBT,Currency,filter
BBG000GRSQ13,A$ FUTURE (PBOT)  Nov91,ZAX91,Currency future.,Future,Curncy,PBT,Currency,filter
BBG000GRTZH5,A$ FUTURE (PBOT)  Dec89,ZAZ89,Currency future.,Future,Curncy,PBT,Currency,filter
BBG000GRW523,USD/HUF X-RATE    Dec97,VFZ97,Currency future.,Future,Curncy,BSE,Currency,filter
BBG000GRWQP2,A$ FUTURE (IMM)   Mar93,ADH93,Currency future.,Future,Curncy,CME,Currency,filter
BBG000GRZ4P8,DOLLAR INDEX      Jun93,DXM93,Currency future.,Future,Curncy,FNX,Currency,filter
BBG000GRZCQ9,A$ FUTURE (PBOT)  Jan90,ZAF90,Currency future.,Future,Curncy,PBT,Currency,filter
BBG000GS23J1,A$ FUTURE (PBOT)  Feb90,ZAG90,Currency future.,Future,Curncy,PBT,Currency,filter
BBG000GS2418,A$ FUTURE (PBOT)  Apr90,ZAJ90,Currency future.,Future,Curncy,PBT,Currency,filter
BBG000GS24G2,A$ FUTURE (PBOT)  Mar90,ZAH90,Currency future.,Future,Curncy,PBT,Currency,filter
BBG000GT0LY4,A$ FUTURE (PBOT)  May90,ZAK90,Currency future.,Future,Curncy,PBT,Currency,filter
BBG000GT0R44,A$ FUTURE (PBOT)  Jun90,ZAM90,Currency future.,Future,Curncy,PBT,Currency,filter
BBG000GT22K9,A$ FUTURE (PBOT)  Jul90,ZAN90,Currency future.,Future,Curncy,PBT,Currency,filter
BBG000GT3K28,S₣ FUTURE (IMM)   Mar93,SFH93,Currency future.,Future,Curncy,CME,Currency,filter
BBG000GT3LF2,BP CURCY FUT(IMM) Mar93,BPH93,Currency future.,Future,Curncy,CME,Currency,filter
BBG000GV4XK4,DOLLAR INDEX      Mar92,DXH92,Currency future.,Future,Curncy,FNX,Currency,filter
BBG000GV51H7,BP CURCY FUT(IMM) Mar92,BPH92,Currency future.,Future,Curncy,CME,Currency,filter
BBG000GVYVM3,DOLLAR INDEX      Jun92,DXM92,Currency future.,Future,Curncy,FNX,Currency,filter
BBG000GW65C0,A$ CURR FUT OPTN  Mar11C  68.5,ADH1C 68.5,Currency option.,Option,Curncy,CME,Currency,filter
BBG000GW6665,A$ CURR FUT OPTN  Mar11C    69,ADH1C 69,Currency option.,Option,Curncy,CME,Currency,filter
BBG000GW66Q3,A$ CURR FUT OPTN  Mar11C  69.5,ADH1C 69.5,Currency option.,Option,Curncy,CME,Currency,filter
BBG000GW67Q1,A$ CURR FUT OPTN  Mar11C    70,ADH1C 70,Currency option.,Option,Curncy,CME,Currency,filter
BBG000GW6905,A$ CURR FUT OPTN  Mar11C  70.5,ADH1C 70.5,Currency option.,Option,Curncy,CME,Currency,filter
BBG000GW69L2,A$ CURR FUT OPTN  Mar11C    71,ADH1C 71,Currency option.,Option,Curncy,CME,Currency,filter
BBG000GW7CF1,A$ CURR FUT OPTN  Mar11C  71.5,ADH1C 71.5,Currency option.,Option,Curncy,CME,Currency,filter
BBG000GW7D05,A$ CURR FUT OPTN  Mar11C    72,ADH1C 72,Currency option.,Option,Curncy,CME,Currency,filter
BBG000GW7DT4,A$ CURR FUT OPTN  Mar11C  72.5,ADH1C 72.5,Currency option.,Option,Curncy,CME,Currency,filter
BBG000GW7FF4,A$ CURR FUT OPTN  Mar11C    73,ADH1C 73,Currency option.,Option,Curncy,CME,Currency,filter
BBG000GW7G80,A$ CURR FUT OPTN  Mar11C  73.5,ADH1C 73.5,Currency option.,Option,Curncy,CME,Currency,filter
BBG000GW7GM4,A$ CURR FUT OPTN  Mar11C    74,ADH1C 74,Currency option.,Option,Curncy,CME,Currency,filter
BBG000GW7H88,A$ CURR FUT OPTN  Mar11C  74.5,ADH1C 74.5,Currency option.,Option,Curncy,CME,Currency,filter
BBG000GW8KK6,A$ CURR FUT OPTN  Mar11C    75,ADH1C 75,Currency option.,Option,Curncy,CME,Currency,filter
BBG000GW8KS8,A$ CURR FUT OPTN  Mar11C  75.5,ADH1C 75.5,Currency option.,Option,Curncy,CME,Currency,filter
BBG000GW8LD2,A$ CURR FUT OPTN  Mar11C    76,ADH1C 76,Currency option.,Option,Curncy,CME,Currency,filter
BBG000GW8LX0,A$ CURR FUT OPTN  Mar11C  76.5,ADH1C 76.5,Currency option.,Option,Curncy,CME,Currency,filter
BBG000GW8MT3,A$ CURR FUT OPTN  Mar11C    77,ADH1C 77,Currency option.,Option,Curncy,CME,Currency,filter
BBG000GW8NQ4,A$ CURR FUT OPTN  Mar11C  77.5,ADH1C 77.5,Currency option.,Option,Curncy,CME,Currency,filter
BBG000GW8P89,A$ CURR FUT OPTN  Mar11C    78,ADH1C 78,Currency option.,Option,Curncy,CME,Currency,filter
BBG000GW8Q41,A$ CURR FUT OPTN  Mar11C  78.5,ADH1C 78.5,Currency option.,Option,Curncy,CME,Currency,filter
BBG000GW8RF7,A$ CURR FUT OPTN  Mar11C    79,ADH1C 79,Currency option.,Option,Curncy,CME,Currency,filter
BBG000GW8T45,A$ CURR FUT OPTN  Mar11C  79.5,ADH1C 79.5,Currency option.,Option,Curncy,CME,Currency,filter
BBG000GW8VD0,A$ CURR FUT OPTN  Mar11C    80,ADH1C 80,Currency option.,Option,Curncy,CME,Currency,filter
BBG000GW8VJ4,A$ CURR FUT OPTN  Mar11C  80.5,ADH1C 80.5,Currency option.,Option,Curncy,CME,Currency,filter
BBG000GW8VN9,A$ CURR FUT OPTN  Mar11C    81,ADH1C 81,Currency option.,Option,Curncy,CME,Currency,filter
BBG000GW8W66,A$ CURR FUT OPTN  Mar11C  81.5,ADH1C 81.5,Currency option.,Option,Curncy,CME,Currency,filter
BBG000GW8WZ4,A$ CURR FUT OPTN  Mar11C    82,ADH1C 82,Currency option.,Option,Curncy,CME,Currency,filter
BBG000GW8Y53,A$ CURR FUT OPTN  Mar11C  82.5,ADH1C 82.5,Currency option.,Option,Curncy,CME,Currency,filter
BBG000GW8YW3,A$ CURR FUT OPTN  Mar11C    83,ADH1C 83,Currency option.,Option,Curncy,CME,Currency,filter
BBG000GW8ZH7,A$ CURR FUT OPTN  Mar11C  83.5,ADH1C 83.5,Currency option.,Option,Curncy,CME,Currency,filter
BBG000GW8ZZ7,A$ CURR FUT OPTN  Mar11C    84,ADH1C 84,Currency option.,Option,Curncy,CME,Currency,filter
BBG000GW90R2,A$ CURR FUT OPTN  Mar11C  84.5,ADH1C 84.5,Currency option.,Option,Curncy,CME,Currency,filter
BBG000GW91P2,A$ CURR FUT OPTN  Mar11C    85,ADH1C 85,Currency option.,Option,Curncy,CME,Currency,filter
BBG000GW92F1,A$ CURR FUT OPTN  Mar11C  85.5,ADH1C 85.5,Currency option.,Option,Curncy,CME,Currency,filter
BBG000GW9396,A$ CURR FUT OPTN  Mar11C    86,ADH1C 86,Currency option.,Option,Curncy,CME,Currency,filter
BBG000GW93Z7,A$ CURR FUT OPTN  Mar11C  86.5,ADH1C 86.5,Currency option.,Option,Curncy,CME,Currency,filter
BBG000GW94W8,A$ CURR FUT OPTN  Mar11C    87,ADH1C 87,Currency option.,Option,Curncy,CME,Currency,filter
BBG000GW95J0,A$ CURR FUT OPTN  Mar11C  87.5,ADH1C 87.5,Currency option.,Option,Curncy,CME,Currency,filter
BBG000GW9662,A$ CURR FUT OPTN  Mar11C    88,ADH1C 88,Currency option.,Option,Curncy,CME,Currency,filter
BBG000GW96S8,A$ CURR FUT OPTN  Mar11C  88.5,ADH1C 88.5,Currency option.,Option,Curncy,CME,Currency,filter
BBG000GWB8L8,A$ CURR FUT OPTN  Mar11C    89,ADH1C 89,Currency option.,Option,Curncy,CME,Currency,filter
BBG000GWB9G2,A$ CURR FUT OPTN  Mar11C  89.5,ADH1C 89.5,Currency option.,Option,Curncy,CME,Currency,filter
BBG000GWBB68,A$ CURR FUT OPTN  Mar11C    90,ADH1C 90,Currency option.,Option,Curncy,CME,Currency,filter
BBG000GWBBT3,A$ CURR FUT OPTN  Mar11C  90.5,ADH1C 90.5,Currency option.,Option,Curncy,CME,Currency,filter
BBG000GWBC93,A$ CURR FUT OPTN  Mar11C    91,ADH1C 91,Currency option.,Option,Curncy,CME,Currency,filter
BBG000GWBD55,A$ CURR FUT OPTN  Mar11C  91.5,ADH1C 91.5,Currency option.,Option,Curncy,CME,Currency,filter
BBG000GWCG20,A$ CURR FUT OPTN  Mar11C    92,ADH1C 92,Currency option.,Option,Curncy,CME,Currency,filter
BBG000GWCGQ4,A$ CURR FUT OPTN  Mar11C  92.5,ADH1C 92.5,Currency option.,Option,Curncy,CME,Currency,filter
BBG000GWCHN5,A$ CURR FUT OPTN  Mar11C    93,ADH1C 93,Currency option.,Option,Curncy,CME,Currency,filter
BBG000GWCJN1,A$ CURR FUT OPTN  Mar11C  93.5,ADH1C 93.5,Currency option.,Option,Curncy,CME,Currency,filter
BBG000GWCKK1,A$ CURR FUT OPTN  Mar11C    94,ADH1C 94,Currency option.,Option,Curncy,CME,Currency,filter
BBG000GWCLC8,A$ CURR FUT OPTN  Mar11C  94.5,ADH1C 94.5,Currency option.,Option,Curncy,CME,Currency,filter
BBG000GWCLR2,A$ CURR FUT OPTN  Mar11C    95,ADH1C 95,Currency option.,Option,Curncy,CME,Currency,filter
BBG000GWCMT8,A$ CURR FUT OPTN  Mar11C  95.5,ADH1C 95.5,Currency option.,Option,Curncy,CME,Currency,filter
BBG000GWCNP0,A$ CURR FUT OPTN  Mar11C    96,ADH1C 96,Currency option.,Option,Curncy,CME,Currency,filter
BBG000GWCPQ4,A$ CURR FUT OPTN  Mar11C  96.5,ADH1C 96.5,Currency option.,Option,Curncy,CME,Currency,filter
BBG000GWCR71,A$ CURR FUT OPTN  Mar11C    97,ADH1C 97,Currency option.,Option,Curncy,CME,Currency,filter
BBG000GWCRH0,A$ CURR FUT OPTN  Mar11C  97.5,ADH1C 97.5,Currency option.,Option,Curncy,CME,Currency,filter
BBG000GWCS42,A$ CURR FUT OPTN  Mar11C    98,ADH1C 98,Currency option.,Option,Curncy,CME,Currency,filter
BBG000GWCSR7,A$ CURR FUT OPTN  Mar11C  98.5,ADH1C 98.5,Currency option.,Option,Curncy,CME,Currency,filter
BBG000GWCT04,A$ CURR FUT OPTN  Mar11C    99,ADH1C 99,Currency option.,Option,Curncy,CME,Currency,filter
BBG000GWCT77,A$ CURR FUT OPTN  Mar11C  99.5,ADH1C 99.5,Currency option.,Option,Curncy,CME,Currency,filter
BBG000GWCVH1,A$ CURR FUT OPTN  Mar11C   100,ADH1C 100,Currency option.,Option,Curncy,CME,Currency,filter
BBG000GWCWL4,A$ CURR FUT OPTN  Mar11C 100.5,ADH1C 100.5,Currency option.,Option,Curncy,CME,Currency,filter
BBG000GWCX23,A$ CURR FUT OPTN  Mar11P  68.5,ADH1P 68.5,Currency option.,Option,Curncy,CME,Currency,filter
BBG000GWCXP8,A$ CURR FUT OPTN  Mar11P    69,ADH1P 69,Currency option.,Option,Curncy,CME,Currency,filter
BBG000GWCY85,A$ CURR FUT OPTN  Mar11P  69.5,ADH1P 69.5,Currency option.,Option,Curncy,CME,Currency,filter
BBG000GWCZ28,A$ CURR FUT OPTN  Mar11P    70,ADH1P 70,Currency option.,Option,Curncy,CME,Currency,filter
BBG000GWCZP3,A$ CURR FUT OPTN  Mar11P  70.5,ADH1P 70.5,Currency option.,Option,Curncy,CME,Currency,filter
BBG000GWD0K4,A$ CURR FUT OPTN  Mar11P    71,ADH1P 71,Currency option.,Option,Curncy,CME,Currency,filter
BBG000GWD0X0,A$ CURR FUT OPTN  Mar11P  71.5,ADH1P 71.5,Currency option.,Option,Curncy,CME,Currency,filter
BBG000GWD1F8,A$ CURR FUT OPTN  Mar11P    72,ADH1P 72,Currency option.,Option,Curncy,CME,Currency,filter
BBG000GWD284,A$ CURR FUT OPTN  Mar11P  72.5,ADH1P 72.5,Currency option.,Option,Curncy,CME,Currency,filter
BBG000GWD328,A$ CURR FUT OPTN  Mar11P    73,ADH1P 73,Currency option.,Option,Curncy,CME,Currency,filter
BBG000GWD480,A$ CURR FUT OPTN  Mar11P  73.5,ADH1P 73.5,Currency option.,Option,Curncy,CME,Currency,filter
BBG000GWD532,A$ CURR FUT OPTN  Mar11P    74,ADH1P 74,Currency option.,Option,Curncy,CME,Currency,filter
BBG000GWF7X3,A$ CURR FUT OPTN  Mar11P  74.5,ADH1P 74.5,Currency option.,Option,Curncy,CME,Currency,filter
BBG000GWF8P0,A$ CURR FUT OPTN  Mar11P    75,ADH1P 75,Currency option.,Option,Curncy,CME,Currency,filter
BBG000GWF9M1,A$ CURR FUT OPTN  Mar11P  75.5,ADH1P 75.5,Currency option.,Option,Curncy,CME,Currency,filter
BBG000GWFB73,A$ CURR FUT OPTN  Mar11P    76,ADH1P 76,Currency option.,Option,Curncy,CME,Currency,filter
BBG0000012J2,RURAL PORTFOLIO CAPITAL,RPINZ 10.14 04/15/11,PUBLIC,Preferred Stock,Pfd,NEW ZEALAND,Equity,filter
BBG0000012K0,AMF INC.,MNST V0 PERP,PUBLIC,Preferred Stock,Pfd,NOT LISTED,Equity,filter
BBG0000012L9,FITCHBURG G & E,UTL 5.125 PERP,PRIVATE,Preferred Stock,Pfd,NOT LISTED,Equity,filter
BBG0000012M8,ALABAMA POWER CO,SO 4.2 PERP,PUBLIC,Preferred Stock,Pfd,OTC US,Equity,filter
BBG0000012N7,ALABAMA POWER CO,SO 4.52 PERP,PUBLIC,Preferred Stock,Pfd,OTC US,Equity,filter
BBG0000012P5,BRODERICK CDO II,BRODER V0 02/01/49 144A,PRIVATE,Preferred Stock,Pfd,NOT LISTED,Equity,filter
BBG0000012Q4,AYT CEDULAS CAJAS XI,AYTCED F 11/03/11,PUBLIC,Preferred Stock,Pfd,AIAF,Equity,filter
BBG0000012R3,BRODERICK CDO II,BRODER V0 02/01/49 REGS,PUBLIC,Preferred Stock,Pfd,NOT LISTED,Equity,filter
BBG0000012S2,OLYMPIC FIN B,OLYMPB 0 PERP,PUBLIC,Preferred Stock,Pfd,NOT LISTED,Equity,filter
BBG0000012T1,OLYMPIC FIN A,OLYMPA 0 PERP,PUBLIC,Preferred Stock,Pfd,NOT LISTED,Equity,filter
BBG0000012V8,BROOKLYN 2006-1 CDO,BKLYN V0 02/03/47 REGS,PUBLIC,Preferred Stock,Pfd,NOT LISTED,Equity,filter
BBG0000012W7,ALABAMA POWER CO,SO 4.6 PERP AP,PUBLIC,Preferred Stock,Pfd,OTC US,Equity,filter
BBG0000012X6,ALABAMA POWER CO,SO 4.72 PERP *,PUBLIC,Preferred Stock,Pfd,OTC US,Equity,filter
BBG0000012Y5,ALABAMA POWER CO,SO 4.92 PERP,PUBLIC,Preferred Stock,Pfd,OTC US,Equity,filter
BBG0000012Z4,PUTNAM DIV INCOME FUND,PDI 0 PERP A,PUBLIC,Preferred Stock,Pfd,NOT LISTED,Equity,filter
BBG000001300,SUNCORP-METWAY LTD,SUNCBK F 06/14/13 CPS,PUBLIC,Preferred Stock,Pfd,AUSTRALIA,Equity,filter
BBG000001319,ALABAMA POWER CO,SO 11 PERP,PUBLIC,Preferred Stock,Pfd,NOT LISTED,Equity,filter
BBG000001328,ALABAMA POWER CO,SO 9.44 PERP 1974,PUBLIC,Preferred Stock,Pfd,NOT LISTED,Equity,filter
BBG000001337,ALABAMA POWER CO,SO 9.24 PERP,PUBLIC,Preferred Stock,Pfd,NOT LISTED,Equity,filter
BBG000001346,BB&T CAPITAL TRUST V,BBT V8.95 09/15/63,PUBLIC,Preferred Stock,Pfd,NOT LISTED,Equity,filter
BBG000001355,ALLIS-CHALMERS ENERGY IN,ARCHER 5.875 PERP C,PUBLIC,Preferred Stock,Pfd,NOT LISTED,Equity,filter
BBG000001364,ANDREA INVESTMENTS (JERS,ANDINV 0 09/06/11 HSGm,PUBLIC,Preferred Stock,Pfd,CHANNEL ISLANDS,Equity,filter
BBG000001373,AMERICAN CAN CO,AMECAN 3 PERP,PUBLIC,Preferred Stock,Pfd,NOT LISTED,Equity,filter
BBG000001382,AMBAC FINANCIAL GRP INC,ABK 9.5 05/17/11,PUBLIC,Preferred Stock,Pfd,NOT LISTED,Equity,filter
BBG000001391,AMER CONTL. CORP,AMKKQ 3.44 PERP,PUBLIC,Preferred Stock,Pfd,NOT LISTED,Equity,filter
BBG0000013B8,AMER EXPRESS CO,AXP 0 PERP,PUBLIC,Preferred Stock,Pfd,NOT LISTED,Equity,filter
BBG0000013C7,AMER EXPRESS CO,AXP 0 PERP B,PUBLIC,Preferred Stock,Pfd,NOT LISTED,Equity,filter
BBG0000013D6,AMER EXPRESS CO,AXP 0 PERP C,PUBLIC,Preferred Stock,Pfd,NOT LISTED,Equity,filter
BBG0000013F4,AMER EXPRESS CO,AXP 0 PERP D,PUBLIC,Preferred Stock,Pfd,NOT LISTED,Equity,filter
BBG0000013G3,AMER TEL & TEL,T 3.64 PERP,PUBLIC,Preferred Stock,Pfd,NOT LISTED,Equity,filter
BBG0000013H2,CADILLAC FAIRVIEW PPTIES,CADLAC V0 PERP A,PRIVATE,Preferred Stock,Pfd,NOT LISTED,Equity,filter
BBG0000013J0,DEWAN HOUSING FINANCE,PICAHF 1 12/09/10 P3,PUBLIC,Preferred Stock,Pfd,NSE INDIA,Equity,filter
BBG0000013K8,APPALACHIAN POWER,AEP 4.5 PERP OLD,PUBLIC,Preferred Stock,Pfd,NOT LISTED,Equity,filter
BBG0000013L7,COMMODORE CDO V LTD/INC,COMMOD V0 01/02/47 144A,PRIVATE,Preferred Stock,Pfd,NOT LISTED,Equity,filter
BBG0000013M6,NETWORK 18 FINCAP,NETMIN 5 02/20/14,PUBLIC,Preferred Stock,Pfd,NSE INDIA,Equity,filter
BBG0000013N5,COMMODORE CDO V LTD/INC,COMMOD V0 01/02/47 REGS,PUBLIC,Preferred Stock,Pfd,NOT LISTED,Equity,filter
BBG0000013P3,ARIZONA PUB SERV,PNW 1.1 PERP,PUBLIC,Preferred Stock,Pfd,NOT LISTED,Equity,filter
BBG0000013Q2,ARIZONA PUB SERV,PNW 2.36 PERP,PUBLIC,Preferred Stock,Pfd,NOT LISTED,Equity,filter
BBG0000013R1,ARIZONA PUB SERV,PNW 2.5 PERP,PUBLIC,Preferred Stock,Pfd,NOT LISTED,Equity,filter
BBG0000013S0,ARIZONA PUB SERV,PNW 2.4 PERP,PUBLIC,Preferred Stock,Pfd,NOT LISTED,Equity,filter
BBG0000013T9,ARIZONA PUB SERV,PNW 3.25 PERP,PUBLIC,Preferred Stock,Pfd,NOT LISTED,Equity,filter
BBG0000013V6,TIGRIS CDO LTD,TGRS V0 07/23/52 144A,PRIVATE,Preferred Stock,Pfd,NOT LISTED,Equity,filter
BBG0000013W5,YELLOW PAGES DIGITAL & M,YCN V6.75 PERP 3,PUBLIC,Preferred Stock,Pfd,NOT LISTED,Equity,filter
BBG0000013X4,PMFG INC,PMFG 6 PERP A,PRIVATE,Preferred Stock,Pfd,NOT LISTED,Equity,filter
BBG0000013Y3,ENTERGY ARKANSAS INC,ETR 4.32 PERP,PUBLIC,Preferred Stock,Pfd,NOT LISTED,Equity,filter
BBG0000013Z2,ENTERGY ARKANSAS INC,ETR 4.56 PERP,PUBLIC,Preferred Stock,Pfd,NOT LISTED,Equity,filter
BBG000001408,ENTERGY ARKANSAS INC,ETR 4.56 PERP 1965,PUBLIC,Preferred Stock,Pfd,NOT LISTED,Equity,filter
BBG000001417,ENTERGY ARKANSAS INC,ETR 4.72 PERP,PUBLIC,Preferred Stock,Pfd,NOT LISTED,Equity,filter
BBG000001426,ENTERGY ARKANSAS INC,ETR 6.08 PERP *,PUBLIC,Preferred Stock,Pfd,NOT LISTED,Equity,filter
BBG000001435,QCR HOLDINGS INC,QCRH 8 PERP B,PRIVATE,Preferred Stock,Pfd,NOT LISTED,Equity,filter
BBG000001444,REGIONS FINANCING TR III,RF 8.875 06/15/78,PUBLIC,Preferred Stock,Pfd,NOT LISTED,Equity,filter
BBG000001453,COUNTRYWIDE NIM,CWALN V0 02/09/47,PRIVATE,Preferred Stock,Pfd,NOT LISTED,Equity,filter
BBG000001462,SPRINGDALE CDO 2006-1,SPRDAL V0 09/15/51 144A,PRIVATE,Preferred Stock,Pfd,NOT LISTED,Equity,filter
BBG000001471,AUST & NZ BANKING GROUP,ANZ F PERP CPS,PUBLIC,Preferred Stock,Pfd,NOT LISTED,Equity,filter
BBG000001480,ARK PWR & LT,ETR 10.4 PERP,PUBLIC,Preferred Stock,Pfd,NOT LISTED,Equity,filter
BBG000001499,SPRINGDALE CDO 2006-1,SPRDAL V0 09/15/51 REGS,PUBLIC,Preferred Stock,Pfd,NOT LISTED,Equity,filter
BBG0000014B6,AVIV LCDO 2006-1 LTD/CP,AVILCD V0 12/22/11 REGS,PUBLIC,Preferred Stock,Pfd,,Equity,filter
BBG0000014C5,AVIV LCDO 2006-1 LTD/CP,AVILCD V0 12/22/11 144A,PRIVATE,Preferred Stock,Pfd,,Equity,filter
BBG0000014D4,ROYAL BK CANADA,RY V6.25 PERP AN,PUBLIC,Preferred Stock,Pfd,NOT LISTED,Equity,filter
BBG0000014F2,AVIV LCDO 2006-1 LTD/CP,AVILCD V0 12/22/11 AI,PRIVATE,Preferred Stock,Pfd,,Equity,filter
BBG0000014G1,KLEROS PREF FUNDING III,KLROS V0 10/26/50 144A,PRIVATE,Preferred Stock,Pfd,NOT LISTED,Equity,filter
BBG0000014H0,BALTIMORE GAS & ELECTRIC,EXC 7.88 PERP 1971,PUBLIC,Preferred Stock,Pfd,NOT LISTED,Equity,filter
BBG0000014J8,CAPITEC BANK HLDS,CPISJ V0 PERP,PUBLIC,Preferred Stock,Pfd,JOHANNESBURG,Equity,filter
BBG0000014K6,SUNTRUST BANKS INC,STI 0 PERP,PUBLIC,Preferred Stock,Pfd,NOT LISTED,Equity,filter
BBG0000014L5,BANK NEW ENGLAND,BANKNE 0 PERP 1984,PUBLIC,Preferred Stock,Pfd,NOT LISTED,Equity,filter
BBG0000014M4,LLOYDS BANKING GROUP PLC,LLOYDS V12 PERP,PRIVATE,Preferred Stock,Pfd,NOT LISTED,Equity,filter
BBG0000014N3,KLEROS PREF FUNDING III,KLROS V0 10/26/50 REGS,PUBLIC,Preferred Stock,Pfd,NOT LISTED,Equity,filter
BBG0000014P1,PNC CAPITAL TRUST E,PNC 7.75 03/15/68,PUBLIC,Preferred Stock,Pfd,NOT LISTED,Equity,filter
BBG0000014Q0,KLEROS PREF FUNDING III,KLROS V0 10/26/50 AI,PRIVATE,Preferred Stock,Pfd,NOT LISTED,Equity,filter
BBG0000014R9,BETHLEHEM STEEL CORP,BHMSQ 2.5 PERP,PUBLIC,Preferred Stock,Pfd,NOT LISTED,Equity,filter
BBG0000014S8,BOATMEN'S BANCSHARES INC,BAC F PERP A,PUBLIC,Preferred Stock,Pfd,NOT LISTED,Equity,filter
BBG0000014T7,REMEDIATION SERVICES INC,LNDT 8 PERP A,PRIVATE,Preferred Stock,Pfd,NOT LISTED,Equity,filter
BBG0000014V4,BROOKLYN UN GAS,NGGLN 8.6 PERP C,PUBLIC,Preferred Stock,Pfd,NOT LISTED,Equity,filter
BBG0000014W3,BROOKLYN UN GAS,NGGLN 8.92 PERP D,PUBLIC,Preferred Stock,Pfd,NOT LISTED,Equity,filter
BBG0000014X2,BROOKLYN UN GAS,NGGLN 2.47 PERP I,PUBLIC,Preferred Stock,Pfd,NOT LISTED,Equity,filter
BBG0000014Y1,NORTHSTAR REALTY FIN,NRF 8.75 PERP A,PUBLIC,Preferred Stock,Pfd,NOT LISTED,Equity,filter
BBG0000014Z0,BANK OF AMERICA CORP,BAC 6.204 PERP D,PUBLIC,Preferred Stock,Pfd,NOT LISTED,Equity,filter
BBG000001505,RMR MORTGAGE TRUST,RIF 0 PERP F,PUBLIC,Preferred Stock,Pfd,NOT LISTED,Equity,filter
BBG000001514,CITIGROUP CAPITAL XV,C 6.5 09/15/66,PUBLIC,Preferred Stock,Pfd,NOT LISTED,Equity,filter
BBG000001523,BANK OF NOVA SCOTIA,BNS V6.25 PERP 24,PUBLIC,Preferred Stock,Pfd,NOT LISTED,Equity,filter
BBG000001532,BANK OF MONTREAL,BMO V6.5 PERP 18,PUBLIC,Preferred Stock,Pfd,NOT LISTED,Equity,filter
BBG000001541,CAROLINA PWR & LIGHT CO,DUK 4.2 PERP,PUBLIC,Preferred Stock,Pfd,NOT LISTED,Equity,filter
BBG000001550,CAROLINA PWR & LIGHT CO,DUK 5 PERP,PUBLIC,Preferred Stock,Pfd,NOT LISTED,Equity,filter
BBG000001569,CAROLINA PWR & LIGHT CO,DUK 5.44 PERP,PUBLIC,Preferred Stock,Pfd,NOT LISTED,Equity,filter
BBG000001578,CAROLINA P & L,DUK 9.1 PERP,PUBLIC,Preferred Stock,Pfd,NOT LISTED,Equity,filter
BBG000001587,CAROLINA P & L,DUK 8.48 PERP,PUBLIC,Preferred Stock,Pfd,NOT LISTED,Equity,filter
BBG000001596,AUCTION PASS THRU TRUST,AUCTPT 0 PERP B7-3,PRIVATE,Preferred Stock,Pfd,NOT LISTED,Equity,filter
BBG0000015B3,ALLIED IRISH BANKS PLC,AIBID 8 PERP,PUBLIC,Preferred Stock,Pfd,NOT LISTED,Equity,filter
BBG0000015C2,TARMAC UK PLC,AALLN 0 PERP C,PRIVATE,Preferred Stock,Pfd,NOT LISTED,Equity,filter
BBG0000015D1,DENVER & EPHRATA TEL & T,WIN 4.5 PERP,PUBLIC,Preferred Stock,Pfd,NOT LISTED,Equity,filter
BBG0000015F9,TARMAC UK PLC,AALLN 0 PERP B,PRIVATE,Preferred Stock,Pfd,NOT LISTED,Equity,filter
BBG0000015G8,CENTRAL HUDSON GAS & ELE,FTSCN 4.5 PERP,PUBLIC,Preferred Stock,Pfd,NOT LISTED,Equity,filter
BBG0000015H7,CENTRAL HUDSON GAS & ELE,FTSCN 4.75 PERP,PUBLIC,Preferred Stock,Pfd,NOT LISTED,Equity,filter
BBG0000015J5,CENTRAL ILLINOIS LIGHT C,AEE 4.5 PERP *,PUBLIC,Preferred Stock,Pfd,NOT LISTED,Equity,filter
BBG0000015K3,CENTRAL ILLINOIS LIGHT C,AEE 4.64 PERP,PUBLIC,Preferred Stock,Pfd,NOT LISTED,Equity,filter
BBG0000015L2,AMEREN ILLINOIS CO,AEE 4 PERP,PUBLIC,Preferred Stock,Pfd,OTC US,Equity,filter
BBG0000015M1,AMEREN ILLINOIS CO,AEE 4.92 PERP,PUBLIC,Preferred Stock,Pfd,OTC US,Equity,filter
BBG0000015N0,AMEREN ILLINOIS CO,AEE 4.9 PERP,PUBLIC,Preferred Stock,Pfd,OTC US,Equity,filter
BBG0000015P8,CENT ILL PUB SER,AEE 7.48 PERP,PUBLIC,Preferred Stock,Pfd,NOT LISTED,Equity,filter
BBG0000015Q7,NEW AMER HI INCOME FUND,HYB 0 PERP,PUBLIC,Preferred Stock,Pfd,NOT LISTED,Equity,filter
BBG00000VJH4,NEPMK 2007-1 A,NEPMK 2007-1 A,ABS Other,ABS,Mtge,NOT LISTED,Bond,filter
BBG00000VT00,NEPMK 2007-1 B,NEPMK 2007-1 B,ABS Other,ABS,Mtge,NOT LISTED,Bond,filter
BBG000013PP0,CAGAM 2005-1 A5,CAGAM 2005-1 A5,ABS Other,ABS,Mtge,BURSA MALAYSIA,Bond,filter
BBG000016FG9,CAGAM 2005-1 A6,CAGAM 2005-1 A6,ABS Other,ABS,Mtge,BURSA MALAYSIA,Bond,filter
BBG000035J41,CAGAM 2007-1 5,CAGAM 2007-1 5,Prvt CMO Other,Whole Loan,Mtge,BURSA MALAYSIA,Bond,filter
BBG0000364Z9,CAGAM 2007-1 6,CAGAM 2007-1 6,Prvt CMO Other,Whole Loan,Mtge,BURSA MALAYSIA,Bond,filter
BBG000036JM0,CAGAM 2007-1 7,CAGAM 2007-1 7,Prvt CMO Other,Whole Loan,Mtge,BURSA MALAYSIA,Bond,filter
BBG00003S5X4,SPVMK 2003-1 A,SPVMK 2003-1 A,ABS Other,ABS,Mtge,NOT LISTED,Bond,filter
BBG00003XBL8,PUBMK 2007-1 1,PUBMK 2007-1 1,ABS Other,ABS Other,Mtge,NOT LISTED,Bond,filter
BBG00003XG46,PUBMK 2007-1 2,PUBMK 2007-1 2,ABS Other,ABS Other,Mtge,NOT LISTED,Bond,filter
BBG00003XG82,PUBMK 2007-1 3,PUBMK 2007-1 3,ABS Other,ABS Other,Mtge,NOT LISTED,Bond,filter
BBG00003XPG3,PUBMK 2007-1 4,PUBMK 2007-1 4,ABS Other,ABS Other,Mtge,NOT LISTED,Bond,filter
BBG00003YXK0,PUBMK 2007-1 5,PUBMK 2007-1 5,ABS Other,ABS Other,Mtge,NOT LISTED,Bond,filter
BBG000048MQ5,ABSMK 2007-1 A,ABSMK 2007-1 A,ABS Other,ABS,Mtge,NOT LISTED,Bond,filter
BBG00004KBH5,ABSMK 2007-1 B,ABSMK 2007-1 B,ABS Other,ABS,Mtge,NOT LISTED,Bond,filter
BBG000060CQ0,IDCMK 2006-1 A,IDCMK 2006-1 A,ABS Other,ABS Other,Mtge,NOT LISTED,Bond,filter
BBG000069Q99,CPBMK 2005-1 A1,CPBMK 2005-1 A1,CF,ABS Other,Mtge,NOT LISTED,Bond,filter
BBG00006B0P5,CPBMK 2005-1 A2,CPBMK 2005-1 A2,CF,ABS Other,Mtge,NOT LISTED,Bond,filter
BBG00006BQN0,CPBMK 2005-1 B,CPBMK 2005-1 B,CF,ABS Other,Mtge,NOT LISTED,Bond,filter
BBG00006CN47,CPBMK 2005-1 SUB,CPBMK 2005-1 SUB,CF,ABS Other,Mtge,NOT LISTED,Bond,filter
BBG00008H6N4,IDCMK 2006-1 B,IDCMK 2006-1 B,ABS Other,ABS Other,Mtge,NOT LISTED,Bond,filter
BBG0000B7033,IDCMK 2006-1 C,IDCMK 2006-1 C,ABS Other,ABS Other,Mtge,NOT LISTED,Bond,filter
BBG0000BKV21,IDCMK 2006-1 D,IDCMK 2006-1 D,ABS Other,ABS Other,Mtge,NOT LISTED,Bond,filter
BBG0000DG4J4,IDCMK 2006-1 SUB,IDCMK 2006-1 SUB,ABS Other,ABS Other,Mtge,NOT LISTED,Bond,filter
BBG0000PYL18,CCMSC 1996-1 A1,CCMSC 1996-1 A1,CMBS,CMBS,Mtge,,Bond,filter
BBG0000PYL27,CCMSC 1996-1 A2,CCMSC 1996-1 A2,CMBS,CMBS,Mtge,,Bond,filter
BBG0000PYL36,CCMSC 1996-1 P,CCMSC 1996-1 P,CMBS,CMBS,Mtge,,Bond,filter
BBG0000PYL45,CCMSC 1996-1 X,CCMSC 1996-1 X,CMBS,CMBS,Mtge,,Bond,filter
BBG0000PYL54,CCMSC 1996-1 B,CCMSC 1996-1 B,CMBS,CMBS,Mtge,,Bond,filter
BBG0000PYL63,CCMSC 1996-1 C,CCMSC 1996-1 C,CMBS,CMBS,Mtge,,Bond,filter
BBG0000PYL72,CCMSC 1996-1 D,CCMSC 1996-1 D,CMBS,CMBS,Mtge,,Bond,filter
BBG0000PYL81,CCMSC 1996-1 E,CCMSC 1996-1 E,CMBS,CMBS,Mtge,,Bond,filter
BBG0000PYL90,CCMSC 1996-1 F,CCMSC 1996-1 F,CMBS,CMBS,Mtge,,Bond,filter
BBG0000PZML3,CCMSC 1996-1 G,CCMSC 1996-1 G,CMBS,CMBS,Mtge,,Bond,filter
BBG0000PZMM2,CCMSC 1996-1 H,CCMSC 1996-1 H,CMBS,CMBS,Mtge,,Bond,filter
BBG0000PZMN1,CCMSC 1996-1 R,CCMSC 1996-1 R,CMBS,CMBS,Mtge,,Bond,filter
BBG0000PZMP9,AMER 1 A,AMER 1 A,Agncy CMO Other,CMO,Mtge,,Bond,filter
BBG0000PZMQ8,AMER 1 B,AMER 1 B,Agncy CMO Other,CMO,Mtge,,Bond,filter
BBG0000PZMR7,AMER 1 C,AMER 1 C,Agncy CMO Other,CMO,Mtge,,Bond,filter
BBG0000PZMS6,AMER 1 Z,AMER 1 Z,Agncy CMO Z,CMO,Mtge,,Bond,filter
BBG0000PZMT5,AMW 1985-A 1,AMW 1985-A 1,Agncy CMO Other,Whole Loan,Mtge,,Bond,filter
BBG0000PZMV2,AMW 1985-A 2,AMW 1985-A 2,Agncy CMO Other,Whole Loan,Mtge,,Bond,filter
BBG0000PZMW1,AMW 1985-A 3,AMW 1985-A 3,Agncy CMO Z,Whole Loan,Mtge,,Bond,filter
BBG0000PZMX0,AMW 1985-B 1,AMW 1985-B 1,ABS Other,ABS,Mtge,,Bond,filter
BBG0000PZMY9,AMW 1985-B 2,AMW 1985-B 2,ABS Other,ABS,Mtge,,Bond,filter
BBG0000PZMZ8,AMW 1985-B 3,AMW 1985-B 3,ABS Other,ABS,Mtge,,Bond,filter
BBG0000PZN04,ASW P 1,ASW P 1,Prvt CMO Other,Whole Loan,Mtge,,Bond,filter
BBG0000PZN13,ASW P 2,ASW P 2,Prvt CMO Other,Whole Loan,Mtge,,Bond,filter
BBG0000PZN22,ASW P 3,ASW P 3,Prvt CMO Other,Whole Loan,Mtge,,Bond,filter
BBG0000PZN31,ASW P 4,ASW P 4,Prvt CMO Z,Whole Loan,Mtge,,Bond,filter
BBG0000PZN40,ASW O 1,ASW O 1,ABS Other,ABS,Mtge,,Bond,filter
BBG0000PZN59,ASW O 2,ASW O 2,ABS Other,ABS,Mtge,,Bond,filter
BBG0000PZN68,ASW O 3,ASW O 3,ABS Other,ABS,Mtge,,Bond,filter
BBG0000PZN77,ASW O 4,ASW O 4,ABS Other,ABS,Mtge,,Bond,filter
BBG0000PZN86,ASW M 1,ASW M 1,Agncy CMO Other,CMO,Mtge,,Bond,filter
BBG0000PZN95,ASW M 2,ASW M 2,Agncy CMO Other,CMO,Mtge,,Bond,filter
BBG0000PZNB2,ASW M 3,ASW M 3,Agncy CMO Other,CMO,Mtge,,Bond,filter
BBG0000PZNC1,ASW M 4,ASW M 4,Agncy CMO Z,CMO,Mtge,,Bond,filter
BBG0000PZND0,ASW K 1,ASW K 1,Agncy CMO Other,CMO,Mtge,,Bond,filter
BBG0000PZNF8,ASW K 2,ASW K 2,Agncy CMO Other,CMO,Mtge,,Bond,filter
BBG0000PZNG7,ASW K 3,ASW K 3,Agncy CMO Z,CMO,Mtge,,Bond,filter
BBG0000PZNH6,ASW J 1,ASW J 1,Agncy CMO Other,Whole Loan,Mtge,,Bond,filter
BBG0000PZNJ4,ASW J 2,ASW J 2,Agncy CMO Other,Whole Loan,Mtge,,Bond,filter
BBG0000PZNK2,ASW J 3,ASW J 3,Agncy CMO Z,Whole Loan,Mtge,,Bond,filter
BBG0000PZNL1,ASF A 1,ASF A 1,ABS Other,ABS,Mtge,,Bond,filter
BBG0000PZNM0,ASF A 2,ASF A 2,ABS Other,ABS,Mtge,,Bond,filter
BBG0000PZNN9,ASF A 3,ASF A 3,ABS Other,ABS,Mtge,,Bond,filter
BBG0000PZNP7,ASF A 4,ASF A 4,ABS Other,ABS,Mtge,,Bond,filter
BBG0000PZNQ6,ASW F 1,ASW F 1,Agncy CMO Other,CMO,Mtge,,Bond,filter
BBG0000PZNR5,ASW F 2,ASW F 2,Agncy CMO Other,CMO,Mtge,,Bond,filter
BBG0000PZNS4,ASW F 3,ASW F 3,Agncy CMO Other,CMO,Mtge,,Bond,filter
BBG0000PZNT3,ASW F 4,ASW F 4,Agncy CMO Z,CMO,Mtge,,Bond,filter
BBG0000PZNV0,ASW G 1,ASW G 1,Agncy CMO Other,CMO,Mtge,,Bond,filter
BBG0000PZNW9,ASW G 2,ASW G 2,Agncy CMO Other,CMO,Mtge,,Bond,filter
BBG0000PZNX8,ASW G 3,ASW G 3,Agncy CMO Other,CMO,Mtge,,Bond,filter
BBG0000PZNY7,ASW G 4,ASW G 4,Agncy CMO Z,CMO,Mtge,,Bond,filter
BBG0000PZNZ6,ASW I 1,ASW I 1,Agncy CMO Other,Whole Loan,Mtge,,Bond,filter
BBG0000PZP09,ASW I 2,ASW I 2,Agncy CMO Other,Whole Loan,Mtge,,Bond,filter
BBG0000PZP18,ASW I 3,ASW I 3,Agncy CMO Z,Whole Loan,Mtge,,Bond,filter
BBG0000PZP27,ASW E 1,ASW E 1,Agncy CMO Other,CMO,Mtge,,Bond,filter
BBG0000PZP36,ASW E 2,ASW E 2,Agncy CMO Other,CMO,Mtge,,Bond,filter
BBG0000PZP45,ASW E 3,ASW E 3,Agncy CMO Other,CMO,Mtge,,Bond,filter
BBG0000PZP54,ASW E 4,ASW E 4,Agncy CMO Z,CMO,Mtge,,Bond,filter
BBG0000PZP63,ASW C 1,ASW C 1,Agncy CMO Other,CMO,Mtge,,Bond,filter
BBG0000PZP72,ASW C 2,ASW C 2,Agncy CMO Other,CMO,Mtge,,Bond,filter
BBG0000PZP81,ASW C 3,ASW C 3,Agncy CMO Other,CMO,Mtge,,Bond,filter
BBG0000PZP90,ASW C 4,ASW C 4,Agncy CMO Z,CMO,Mtge,,Bond,filter
BBG0000PZPB7,CTX E 1,CTX E 1,Agncy CMO Other,CMO,Mtge,,Bond,filter
BBG0000PZPC6,CTX E 2,CTX E 2,Agncy CMO Other,CMO,Mtge,,Bond,filter
BBG0000PZPD5,CTX E 3,CTX E 3,Agncy CMO Other,CMO,Mtge,,Bond,filter
BBG0000PZPF3,CTX E 4,CTX E 4,Agncy CMO Z,CMO,Mtge,,Bond,filter
BBG0000PZPG2,CTX F 1,CTX F 1,Agncy CMO Other,CMO,Mtge,,Bond,filter
BBG0000PZPH1,CTX F 2,CTX F 2,Agncy CMO Other,CMO,Mtge,,Bond,filter
BBG0000PZPJ9,CTX F 3,CTX F 3,Agncy CMO Other,CMO,Mtge,,Bond,filter
BBG0000PZPK7,CTX F 4,CTX F 4,Agncy CMO Z,CMO,Mtge,,Bond,filter
BBG0000PZPL6,CTX I 1,CTX I 1,Agncy CMO Other,CMO,Mtge,,Bond,filter
BBG0000PZPM5,CTX I 2,CTX I 2,Agncy CMO Other,CMO,Mtge,,Bond,filter
BBG0000PZPN4,CTX I 3,CTX I 3,Agncy CMO Other,CMO,Mtge,,Bond,filter
BBG0000PZPP2,CTX I 4,CTX I 4,Agncy CMO Z,CMO,Mtge,,Bond,filter
BBG0000PZPQ1,CTX J 1,CTX J 1,Agncy CMO Other,Whole Loan,Mtge,,Bond,filter
BBG0013R5N17,ALCOA INC,AA,U.S. CP,CP,M-Mkt,,Bond,filter
BBG0013R5NF2,AMRO BANK N.V.,AMRONA,EURO CD,CD,M-Mkt,,Bond,filter
BBG0013R5PJ3,AMRO BANK N.V.,AMRONA,EURO MTN,MTN,M-Mkt,,Bond,filter
BBG0013R5PN8,ROYAL BK SCOTLAND NV/NY,ABNNYA,DEPOSIT NOTE,DN,M-Mkt,,Bond,filter
BBG0013R5Q92,ABN-AMRO N AMER FIN INC,ABNFIN,U.S. CP,CP,M-Mkt,,Bond,filter
BBG0013R5R63,BANCO ABN AMRO SA,BANABN,EURO MTN,MTN,M-Mkt,,Bond,filter
BBG0013R5RG2,AAH PLC,AAHLN,STERLING CP,CP,M-Mkt,,Bond,filter
BBG0013R5S52,ABB INTL FINANCE NV,ABBINT,EURO MTN,MTN,M-Mkt,,Bond,filter
BBG0013R5SS7,ABB FINANCE INC,ABBINC,EURO MTN,MTN,M-Mkt,,Bond,filter
BBG0013R5SW2,ABB CAPITAL BV,ABBCBV,EURO MTN,MTN,M-Mkt,,Bond,filter
BBG0013R5T23,ABB CAPITAL BV,ABBCBV,EURO CP,CP,M-Mkt,,Bond,filter
BBG0013R5TC2,ABBEY NATL TREASURY SERV,ABBEY,MED TERM NOTE,MTN,M-Mkt,,Bond,filter
BBG0013R5TL2,ABBEY NATL TREASURY SERV,ABBEY,EURO CD,CD,M-Mkt,,Bond,filter
BBG0013R5TV1,ABBEY NATIONAL N AMERICA,ABBYNA,U.S. CP,CP,M-Mkt,,Bond,filter
BBG0013R5V64,ABBEY NATL TREASURY SERV,ABBEY,EURO MTN,MTN,M-Mkt,,Bond,filter
BBG0013R5VF4,ABBEY NATL TREASURY SERV,ABBEY,EURO CP,CP,M-Mkt,,Bond,filter
BBG0013R5WD4,AMERICAN BANKERS INS GRP,ABIG,MED TERM NOTE,MTN,M-Mkt,,Bond,filter
BBG0013R5WM4,ASSOCIATED BRITISH PORTS,ABPH,STERLING CP,CP,M-Mkt,,Bond,filter
BBG0013R5WV4,ALBERTSON'S INC,ABS,MED TERM NOTE,MTN,M-Mkt,,Bond,filter
BBG0013R5X33,ABBOTT LABORATORIES,ABT,U.S. CP,CP,M-Mkt,,Bond,filter
BBG0013R5X88,ABBOTT LABORATORIES,ABT,MED TERM NOTE,MTN,M-Mkt,,Bond,filter
BBG0013R5XG9,ADOLPH COORS COMPANY,ACCOB,MED TERM NOTE,MTN,M-Mkt,,Bond,filter
BBG0013R5XP9,ACCOR SA,ACCOR,EURO CP,CP,M-Mkt,,Bond,filter
BBG0013R5Y68,ACINDAR INDUSTRIA ARGENT,ACINDA,EURO MTN,MTN,M-Mkt,,Bond,filter
BBG0013R5YH6,ARMSTRONG WORLD IND INC,ACK,U.S. CP,CP,M-Mkt,,Bond,filter
BBG0013R5YS4,ARMSTRONG WORLD IND INC,ACK,MED TERM NOTE,MTN,M-Mkt,,Bond,filter
BBG0013R5YZ6,ACUMULADORES MEXICANOS,ACUMEX,EURO MTN,MTN,M-Mkt,,Bond,filter
BBG0013R5Z74,ANDEAN DEVELOPMENT CORP,ADC,EURO MTN,MTN,M-Mkt,,Bond,filter
BBG0013R5ZH3,ARCHER DANIELS MIDLAND,ADM,MED TERM NOTE,MTN,M-Mkt,,Bond,filter
BBG0013R5ZS1,ARCHER DANIELS MIDLAND,ADM,U.S. CP,CP,M-Mkt,,Bond,filter
BBG0013R6007,ADVANTA CORP,ADVN,MED TERM NOTE,MTN,M-Mkt,,Bond,filter
BBG0013R6089,AEGON NV,AEGONA,EURO MTN,MTN,M-Mkt,,Bond,filter
BBG0013R60Q9,AEGON NV,AEGON,U.S. CP,CP,M-Mkt,,Bond,filter
BBG0013R6114,AEGON NV,AEGONB,EURO MTN,MTN,M-Mkt,,Bond,filter
BBG0013R6141,AEGON NV,AEGON,EURO CP,CP,M-Mkt,,Bond,filter
BBG0013R6196,AEGON NV,AEGON,MED TERM NOTE,MTN,M-Mkt,,Bond,filter
BBG0013R61K3,AEGON NV,AEGNV,EURO MTN,MTN,M-Mkt,,Bond,filter
BBG0013R61Z7,KENTUCKY POWER CO,KENPWR,U.S. CP,CP,M-Mkt,,Bond,filter
BBG0013R6294,INDIANA MICHIGAN POWER,INDMIC,MED TERM NOTE,MTN,M-Mkt,,Bond,filter
BBG0013R62K1,COLUMBUS SOUTHERN POWER,COLSOU,MED TERM NOTE,MTN,M-Mkt,,Bond,filter
BBG0013R62R4,COLUMBUS SOUTHERN POWER,COLPWR,MED TERM NOTE,MTN,M-Mkt,,Bond,filter
BBG0013R6383,COLUMBUS SOUTHERN POWER,CSP,MED TERM NOTE,MTN,M-Mkt,,Bond,filter
BBG0013R63Q3,APPALACHIAN POWER CO,APPPWR,MED TERM NOTE,MTN,M-Mkt,,Bond,filter
BBG0013R63Z3,INDIANA MICHIGAN POWER,INDPWR,MED TERM NOTE,MTN,M-Mkt,,Bond,filter
BBG0013R6472,APPALACHIAN POWER CO,APPPOW,MED TERM NOTE,MTN,M-Mkt,,Bond,filter
BBG0013R64J9,OHIO POWER COMPANY,OHIPWR,MED TERM NOTE,MTN,M-Mkt,,Bond,filter
BBG0013R64W4,AES HAWAII INC,AESBAR,U.S. CP,CP,M-Mkt,,Bond,filter
BBG0013R6560,AES SHADY POINT INC,AESSHA,U.S. CP,CP,M-Mkt,,Bond,filter
BBG0013R65F0,AFCO CREDIT CORP,AFCOCR,MED TERM NOTE,MTN,M-Mkt,,Bond,filter
BBG0013R65Q8,AFRICAN DEVELOPMENT BANK,AFDB,MED TERM NOTE,MTN,M-Mkt,,Bond,filter
BBG0013R65Z8,AFRICAN DEVELOPMENT BANK,AFDBII,MED TERM NOTE,MTN,M-Mkt,,Bond,filter
BBG0013R6677,AFRICAN DEVELOPMENT BANK,AFDB,EURO MTN,MTN,M-Mkt,,Bond,filter
BBG0013R66F8,AGIV AG FUR IND UND VERK,AFIGR,GERMAN CP,CP,M-Mkt,,Bond,filter
BBG0013R66Q6,AGC CAPITAL INC,AGACAP,U.S. CP,CP,M-Mkt,,Bond,filter
BBG0013R66Y7,AGA AB,AGA,EURO MTN,MTN,M-Mkt,,Bond,filter
BBG0013R6784,AGA AB,AGA,EURO CP,CP,M-Mkt,,Bond,filter
BBG0013R67R3,AGA AB,AGA,GERMAN CP,CP,M-Mkt,,Bond,filter
BBG0013R67Z4,AMERICAN GENERAL FIN CRP,AGFC,U.S. CP,CP,M-Mkt,,Bond,filter
BBG0013R68B8,AMER GENL INVESTMENT CO,AGIC,U.S. CP,CP,M-Mkt,,Bond,filter
BBG0013R68L7,AMERICAN GENERAL CORP,AGC,MED TERM NOTE,MTN,M-Mkt,,Bond,filter
BBG0013R68Y3,AMERICAN GENERAL FIN CRP,AGFCA,MED TERM NOTE,MTN,M-Mkt,,Bond,filter
BBG0013R6917,AMERICAN GENERAL FIN CRP,AGFCB,MED TERM NOTE,MTN,M-Mkt,,Bond,filter
BBG0013R6980,AMERICAN GENERAL FIN CRP,AGFCC,MED TERM NOTE,MTN,M-Mkt,,Bond,filter
BBG0013R69H0,ALLERGAN INC,AGN,U.S. CP,CP,M-Mkt,,Bond,filter
BBG0013R69P1,ALLERGAN INC,AGN,MED TERM NOTE,MTN,M-Mkt,,Bond,filter
BBG0013R6B03,ALASKA HOUSING FINANCE,AHF,MED TERM NOTE,MTN,M-Mkt,,Bond,filter
BBG0013R6BB1,ALASKA HOUSING FINANCE,AHFC,MED TERM NOTE,MTN,M-Mkt,,Bond,filter
BBG0013R6BK1,ALASKA HOUSING FINANCE,AKHF,MED TERM NOTE,MTN,M-Mkt,,Bond,filter
BBG0013R6BR4,ALASKA HOUSING FINANCE,AKHFC,MED TERM NOTE,MTN,M-Mkt,,Bond,filter
BBG0013R6BV9,ALASKA HOUSING FINANCE,AKHOUS,MED TERM NOTE,MTN,M-Mkt,,Bond,filter
BBG0013R6C29,AMERICAN HOME PRODUCTS,AHP,U.S. CP,CP,M-Mkt,,Bond,filter
BBG0013R6CJ1,FIRST NATL BK MARYLAND,FNBMD,SHORT TERM BN,BN,M-Mkt,,Bond,filter
BBG0013R6CX5,ALLIED IRISH BANKS PLC,AIBPLC,EURO MTN,MTN,M-Mkt,,Bond,filter
BBG0013R6D72,YORK BANK & TRUST CO,YORKBT,BANK NOTE,BN,M-Mkt,,Bond,filter
BBG0013R6DF3,YORK BANK & TRUST CO,YORKBT,SHORT TERM BN,BN,M-Mkt,,Bond,filter
BBG0013R6DM5,FIRST OMNI BANK NA,OMNIBK,BANK NOTE,BN,M-Mkt,,Bond,filter
BBG0013R6DT8,FIRST OMNI BANK NA,OMNIBK,DEPOSIT NOTE,DN,M-Mkt,,Bond,filter
BBG0013R6DY2,FIRST OMNI BANK NA,OMNIBK,SHORT TERM BN,BN,M-Mkt,,Bond,filter
BBG0013R6F22,FIRST NATL BK MARYLAND,FNBMD,BANK NOTE,BN,M-Mkt,,Bond,filter
BBG0013R6F68,FIRST NATL BK MARYLAND,FNBMD,DEPOSIT NOTE,DN,M-Mkt,,Bond,filter
BBG0013R6FG7,AUSTRALIAN INDUSTRY DEV,AIDC,EURO CP,CP,M-Mkt,,Bond,filter
BBG0013R6FP7,AUSTRALIAN INDUSTRY DEV,AIDC,EURO MTN,MTN,M-Mkt,,Bond,filter
BBG0013R6FV0,AIG FUNDING INC,AIGFUN,U.S. CP,CP,M-Mkt,,Bond,filter
BBG0013R6G11,AMERICAN INTL GROUP,AIG,MED TERM NOTE,MTN,M-Mkt,,Bond,filter
BBG0013R6GJ2,INTL LEASE FINANCE CORP,ILFCD,MED TERM NOTE,MTN,M-Mkt,,Bond,filter
BBG0013R6GQ4,INTL LEASE FINANCE CORP,ILFCE,MED TERM NOTE,MTN,M-Mkt,,Bond,filter
BBG0013R6GT1,INTL LEASE FINANCE CORP,ILFCC,MED TERM NOTE,MTN,M-Mkt,,Bond,filter
BBG0013R6GZ4,INTL LEASE FINANCE CORP,ILFC,U.S. CP,CP,M-Mkt,,Bond,filter
BBG0013R6H28,INTL LEASE FINANCE CORP,ILFCF,MED TERM NOTE,MTN,M-Mkt,,Bond,filter
BBG0013R6H73,INTL LEASE FINANCE CORP,ILFCG,MED TERM NOTE,MTN,M-Mkt,,Bond,filter
BBG0013R6HT9,AMERITECH CAP FDG CORP,AITCAP,MED TERM NOTE,MTN,M-Mkt,,Bond,filter
BBG0013R6J33,MICHIGAN BELL TELEPHONE,MICBEL,MED TERM NOTE,MTN,M-Mkt,,Bond,filter
BBG0013R6JR7,MICHIGAN BELL TELEPHONE,MICBEL,EURO MTN,MTN,M-Mkt,,Bond,filter
BBG0013R6JW1,AMERITECH CORPORATION,AIT,EURO CP,CP,M-Mkt,,Bond,filter
BBG0013R6K21,AJINOMOTO USA INC,AJIUSA,U.S. CP,CP,M-Mkt,,Bond,filter
BBG0013R6KD9,ALCAN ALUMINUM CORP,ALCRP,U.S. CP,CP,M-Mkt,,Bond,filter
BBG0013R6KM9,ALCATEL ALSTHOM INC,ALCINC,MED TERM NOTE,MTN,M-Mkt,,Bond,filter
BBG0013R6KS3,ALCATEL ALSTHOM INC,ALCINC,U.S. CP,CP,M-Mkt,,Bond,filter
BBG0013R6L74,ALCATEL ALSTHOM FIN LTD,ALCFIN,AUSTRALIAN CP,CP,M-Mkt,,Bond,filter
BBG0013R6LF5,ALCATEL NV,ALCNV,EURO MTN,MTN,M-Mkt,,Bond,filter
BBG0001SDC32,January 10 Calls on RND,RND 01/16/10 C30,Index Option,Option,Index,US,Derivative,filter
BBG0001SDC41,January 10 Calls on RND,RND 01/16/10 C32.5,Index Option,Option,Index,US,Derivative,filter
BBG0001SDC50,January 10 Calls on RND,RND 01/16/10 C35,Index Option,Option,Index,US,Derivative,filter
BBG0001SDC69,January 10 Calls on RND,RND 01/16/10 C37.5,Index Option,Option,Index,US,Derivative,filter
BBG0001SDC78,January 10 Calls on RND,RND 01/16/10 C40,Index Option,Option,Index,US,Derivative,filter
BBG0001SDC87,January 10 Calls on RND,RND 01/16/10 C42.5,Index Option,Option,Index,US,Derivative,filter
BBG0001SDC96,January 10 Calls on RND,RND 01/16/10 C45,Index Option,Option,Index,US,Derivative,filter
BBG0001SDCB3,January 10 Calls on RND,RND 01/16/10 C47.5,Index Option,Option,Index,US,Derivative,filter
BBG0001SDCC2,January 10 Calls on RND,RND 01/16/10 C50,Index Option,Option,Index,US,Derivative,filter
BBG0001SDCD1,January 10 Calls on RND,RND 01/16/10 C52.5,Index Option,Option,Index,US,Derivative,filter
BBG0001SDCF9,January 10 Puts on RND,RND 01/16/10 P30,Index Option,Option,Index,US,Derivative,filter
BBG0001SDCG8,January 10 Puts on RND,RND 01/16/10 P32.5,Index Option,Option,Index,US,Derivative,filter
BBG0001SDCH7,January 10 Puts on RND,RND 01/16/10 P35,Index Option,Option,Index,US,Derivative,filter
BBG0001SDCJ5,January 10 Puts on RND,RND 01/16/10 P37.5,Index Option,Option,Index,US,Derivative,filter
BBG0001SDCK3,January 10 Puts on RND,RND 01/16/10 P40,Index Option,Option,Index,US,Derivative,filter
BBG0001SDCL2,January 10 Puts on RND,RND 01/16/10 P42.5,Index Option,Option,Index,US,Derivative,filter
BBG0001SDCM1,January 10 Puts on RND,RND 01/16/10 P45,Index Option,Option,Index,US,Derivative,filter
BBG0001SDCN0,January 10 Puts on RND,RND 01/16/10 P47.5,Index Option,Option,Index,US,Derivative,filter
BBG0001SDCP8,January 10 Puts on RND,RND 01/16/10 P50,Index Option,Option,Index,US,Derivative,filter
BBG0001SDCQ7,January 10 Puts on RND,RND 01/16/10 P52.5,Index Option,Option,Index,US,Derivative,filter
BBG0001SDCR6,January 06 Calls on RND,RND 01/21/06 C27.5,Index Option,Option,Index,US,Derivative,filter
BBG0001SDCS5,January 06 Calls on RND,RND 01/21/06 C32.5,Index Option,Option,Index,US,Derivative,filter
BBG0001SDCT4,January 06 Calls on RND,RND 01/21/06 C37.5,Index Option,Option,Index,US,Derivative,filter
BBG0001SDCV1,January 06 Calls on RND,RND 01/21/06 C42.5,Index Option,Option,Index,US,Derivative,filter
BBG0001SDCW0,January 06 Calls on RND,RND 01/21/06 C47.5,Index Option,Option,Index,US,Derivative,filter
BBG0001SDCX9,January 06 Calls on RND,RND 01/21/06 C52.5,Index Option,Option,Index,US,Derivative,filter
BBG0001SDCY8,January 06 Calls on RND,RND 01/21/06 C57.5,Index Option,Option,Index,US,Derivative,filter
BBG0001SDCZ7,January 06 Puts on RND,RND 01/21/06 P27.5,Index Option,Option,Index,US,Derivative,filter
BBG0001SDD03,January 06 Puts on RND,RND 01/21/06 P32.5,Index Option,Option,Index,US,Derivative,filter
BBG0001SDD12,January 06 Puts on RND,RND 01/21/06 P37.5,Index Option,Option,Index,US,Derivative,filter
BBG0001SDD21,January 06 Puts on RND,RND 01/21/06 P42.5,Index Option,Option,Index,US,Derivative,filter
BBG0001SDD30,January 06 Puts on RND,RND 01/21/06 P47.5,Index Option,Option,Index,US,Derivative,filter
BBG0001SDD49,January 06 Puts on RND,RND 01/21/06 P52.5,Index Option,Option,Index,US,Derivative,filter
BBG0001SDD58,January 06 Puts on RND,RND 01/21/06 P57.5,Index Option,Option,Index,US,Derivative,filter
BBG0001SDD67,January 07 Calls on RND,RND 01/20/07 C27.5,Index Option,Option,Index,US,Derivative,filter
BBG0001SDD76,January 07 Calls on RND,RND 01/20/07 C30,Index Option,Option,Index,US,Derivative,filter
BBG0001SDD85,January 07 Calls on RND,RND 01/20/07 C32.5,Index Option,Option,Index,US,Derivative,filter
BBG0001SDD94,January 07 Calls on RND,RND 01/20/07 C35,Index Option,Option,Index,US,Derivative,filter
BBG0001SDDB1,January 07 Calls on RND,RND 01/20/07 C37.5,Index Option,Option,Index,US,Derivative,filter
BBG0001SDDC0,January 07 Calls on RND,RND 01/20/07 C40,Index Option,Option,Index,US,Derivative,filter
BBG0001SDDD9,January 07 Calls on RND,RND 01/20/07 C42.5,Index Option,Option,Index,US,Derivative,filter
BBG0001SDDF7,January 07 Calls on RND,RND 01/20/07 C45,Index Option,Option,Index,US,Derivative,filter
BBG0001SDDG6,January 07 Calls on RND,RND 01/20/07 C47.5,Index Option,Option,Index,US,Derivative,filter
BBG0001SDDH5,January 07 Calls on RND,RND 01/20/07 C50,Index Option,Option,Index,US,Derivative,filter
BBG0001SDDJ3,January 07 Calls on RND,RND 01/20/07 C52.5,Index Option,Option,Index,US,Derivative,filter
BBG0001SDDK1,January 07 Calls on RND,RND 01/20/07 C55,Index Option,Option,Index,US,Derivative,filter
BBG0001SDDL0,January 07 Calls on RND,RND 01/20/07 C57.5,Index Option,Option,Index,US,Derivative,filter
BBG0001SDDM9,January 07 Puts on RND,RND 01/20/07 P27.5,Index Option,Option,Index,US,Derivative,filter
BBG0001SDDN8,January 07 Puts on RND,RND 01/20/07 P30,Index Option,Option,Index,US,Derivative,filter
BBG0001SDDP6,January 07 Puts on RND,RND 01/20/07 P32.5,Index Option,Option,Index,US,Derivative,filter
BBG0001SDDQ5,January 07 Puts on RND,RND 01/20/07 P35,Index Option,Option,Index,US,Derivative,filter
BBG0001SDDR4,January 07 Puts on RND,RND 01/20/07 P37.5,Index Option,Option,Index,US,Derivative,filter
BBG0001SDDS3,January 07 Puts on RND,RND 01/20/07 P40,Index Option,Option,Index,US,Derivative,filter
BBG0001SDDT2,January 07 Puts on RND,RND 01/20/07 P42.5,Index Option,Option,Index,US,Derivative,filter
BBG0001SDDV9,January 07 Puts on RND,RND 01/20/07 P45,Index Option,Option,Index,US,Derivative,filter
BBG0001SDDW8,January 07 Puts on RND,RND 01/20/07 P47.5,Index Option,Option,Index,US,Derivative,filter
BBG0001SDDX7,January 07 Puts on RND,RND 01/20/07 P50,Index Option,Option,Index,US,Derivative,filter
BBG0001SDDY6,January 07 Puts on RND,RND 01/20/07 P52.5,Index Option,Option,Index,US,Derivative,filter
BBG0001SDDZ5,January 07 Puts on RND,RND 01/20/07 P55,Index Option,Option,Index,US,Derivative,filter
BBG0001SDF08,January 07 Puts on RND,RND 01/20/07 P57.5,Index Option,Option,Index,US,Derivative,filter
BBG0001SDF17,January 08 Calls on RND,RND 01/19/08 C35,Index Option,Option,Index,US,Derivative,filter
BBG0001SDF26,January 08 Calls on RND,RND 01/19/08 C37.5,Index Option,Option,Index,US,Derivative,filter
BBG0001SDF35,January 08 Calls on RND,RND 01/19/08 C40,Index Option,Option,Index,US,Derivative,filter
BBG0001SDF44,January 08 Calls on RND,RND 01/19/08 C42.5,Index Option,Option,Index,US,Derivative,filter
BBG0001SDF53,January 08 Calls on RND,RND 01/19/08 C45,Index Option,Option,Index,US,Derivative,filter
BBG0001SDF62,January 08 Calls on RND,RND 01/19/08 C47.5,Index Option,Option,Index,US,Derivative,filter
BBG0001SDF71,January 08 Calls on RND,RND 01/19/08 C50,Index Option,Option,Index,US,Derivative,filter
BBG0001SDF80,January 08 Calls on RND,RND 01/19/08 C52.5,Index Option,Option,Index,US,Derivative,filter
BBG0001SDF99,January 08 Calls on RND,RND 01/19/08 C55,Index Option,Option,Index,US,Derivative,filter
BBG0001SDFB6,January 08 Calls on RND,RND 01/19/08 C57.5,Index Option,Option,Index,US,Derivative,filter
BBG0001SDFC5,January 08 Puts on RND,RND 01/19/08 P35,Index Option,Option,Index,US,Derivative,filter
BBG0001SDFD4,January 08 Puts on RND,RND 01/19/08 P37.5,Index Option,Option,Index,US,Derivative,filter
BBG0001SDFF2,January 08 Puts on RND,RND 01/19/08 P40,Index Option,Option,Index,US,Derivative,filter
BBG0001SDFG1,January 08 Puts on RND,RND 01/19/08 P42.5,Index Option,Option,Index,US,Derivative,filter
BBG0001SDFH0,January 08 Puts on RND,RND 01/19/08 P45,Index Option,Option,Index,US,Derivative,filter
BBG0001SDFJ8,January 08 Puts on RND,RND 01/19/08 P47.5,Index Option,Option,Index,US,Derivative,filter
BBG0001SDFK6,January 08 Puts on RND,RND 01/19/08 P50,Index Option,Option,Index,US,Derivative,filter
BBG0001SDFL5,January 08 Puts on RND,RND 01/19/08 P52.5,Index Option,Option,Index,US,Derivative,filter
BBG0001SDFM4,January 08 Puts on RND,RND 01/19/08 P55,Index Option,Option,Index,US,Derivative,filter
BBG0001SDFN3,January 08 Puts on RND,RND 01/19/08 P57.5,Index Option,Option,Index,US,Derivative,filter
BBG0001SDFP1,January 09 Calls on RND,RND 01/17/09 C27.5,Index Option,Option,Index,US,Derivative,filter
BBG0001SDFQ0,January 09 Calls on RND,RND 01/17/09 C30,Index Option,Option,Index,US,Derivative,filter
BBG0001SDFR9,January 09 Calls on RND,RND 01/17/09 C32.5,Index Option,Option,Index,US,Derivative,filter
BBG0001SDFS8,January 09 Calls on RND,RND 01/17/09 C35,Index Option,Option,Index,US,Derivative,filter
BBG0001SDFT7,January 09 Calls on RND,RND 01/17/09 C37.5,Index Option,Option,Index,US,Derivative,filter
BBG0001SDFV4,January 09 Calls on RND,RND 01/17/09 C40,Index Option,Option,Index,US,Derivative,filter
BBG0001SDFW3,January 09 Calls on RND,RND 01/17/09 C42.5,Index Option,Option,Index,US,Derivative,filter
BBG0001SDFX2,January 09 Calls on RND,RND 01/17/09 C45,Index Option,Option,Index,US,Derivative,filter
BBG0001SDFY1,January 09 Calls on RND,RND 01/17/09 C47.5,Index Option,Option,Index,US,Derivative,filter
BBG0001SDFZ0,January 09 Calls on RND,RND 01/17/09 C50,Index Option,Option,Index,US,Derivative,filter
BBG0001SDG06,January 09 Calls on RND,RND 01/17/09 C52.5,Index Option,Option,Index,US,Derivative,filter
BBG0001SDG15,January 09 Puts on RND,RND 01/17/09 P27.5,Index Option,Option,Index,US,Derivative,filter
BBG0001SDG24,January 09 Puts on RND,RND 01/17/09 P30,Index Option,Option,Index,US,Derivative,filter
BBG0001SDG33,January 09 Puts on RND,RND 01/17/09 P32.5,Index Option,Option,Index,US,Derivative,filter
BBG0001SDG42,January 09 Puts on RND,RND 01/17/09 P35,Index Option,Option,Index,US,Derivative,filter
BBG0001SDG51,January 09 Puts on RND,RND 01/17/09 P37.5,Index Option,Option,Index,US,Derivative,filter
BBG0001SDG60,January 09 Puts on RND,RND 01/17/09 P40,Index Option,Option,Index,US,Derivative,filter
BBG0001SDG79,January 09 Puts on RND,RND 01/17/09 P42.5,Index Option,Option,Index,US,Derivative,filter
BBG0001SDG88,January 09 Puts on RND,RND 01/17/09 P45,Index Option,Option,Index,US,Derivative,filter
BBG0001SDG97,January 09 Puts on RND,RND 01/17/09 P47.5,Index Option,Option,Index,US,Derivative,filter
BBG0001RT9P0,July 09 Puts on A US,A 07/18/09 P12.5,Equity Option,Option,Equity,US,Equity,filter
BBG0001RT9Q9,July 09 Calls on A US,A 07/18/09 C12.5,Equity Option,Option,Equity,US,Equity,filter
BBG0001RT9R8,July 09 Puts on A US,A 07/18/09 P15,Equity Option,Option,Equity,US,Equity,filter
BBG0001RT9S7,July 09 Calls on A US,A 07/18/09 C15,Equity Option,Option,Equity,US,Equity,filter
BBG0001RT9T6,July 09 Puts on A US,A 07/18/09 P17.5,Equity Option,Option,Equity,US,Equity,filter
BBG0001RT9V3,July 09 Calls on A US,A 07/18/09 C17.5,Equity Option,Option,Equity,US,Equity,filter
BBG0001RT9W2,July 09 Puts on A US,A 07/18/09 P20,Equity Option,Option,Equity,US,Equity,filter
BBG0001RT9X1,July 09 Calls on A US,A 07/18/09 C20,Equity Option,Option,Equity,US,Equity,filter
BBG0001RT9Y0,July 09 Puts on A US,A 07/18/09 P22.5,Equity Option,Option,Equity,US,Equity,filter
BBG0001RT9Z9,July 09 Calls on A US,A 07/18/09 C22.5,Equity Option,Option,Equity,US,Equity,filter
BBG0001RTB02,July 09 Puts on A US,A 07/18/09 P25,Equity Option,Option,Equity,US,Equity,filter
BBG0001RTB11,July 09 Calls on A US,A 07/18/09 C25,Equity Option,Option,Equity,US,Equity,filter
BBG0001RTB20,August 09 Puts on A US,A 08/22/09 P2.5,Equity Option,Option,Equity,US,Equity,filter
BBG0001RTB39,August 09 Calls on A US,A 08/22/09 C2.5,Equity Option,Option,Equity,US,Equity,filter
BBG0001RTB48,August 09 Puts on A US,A 08/22/09 P5,Equity Option,Option,Equity,US,Equity,filter
BBG0001RTB57,August 09 Calls on A US,A 08/22/09 C5,Equity Option,Option,Equity,US,Equity,filter
BBG0001RTB66,August 09 Puts on A US,A 08/22/09 P7.5,Equity Option,Option,Equity,US,Equity,filter
BBG0001RTB75,August 09 Calls on A US,A 08/22/09 C7.5,Equity Option,Option,Equity,US,Equity,filter
BBG0001RTB84,August 09 Puts on A US,A 08/22/09 P10,Equity Option,Option,Equity,US,Equity,filter
BBG0001RTB93,August 09 Calls on A US,A 08/22/09 C10,Equity Option,Option,Equity,US,Equity,filter
BBG0001RTBB0,August 09 Puts on A US,A 08/22/09 P12.5,Equity Option,Option,Equity,US,Equity,filter
BBG0001RTBC9,August 09 Calls on A US,A 08/22/09 C12.5,Equity Option,Option,Equity,US,Equity,filter
BBG0001RTBD8,August 09 Puts on A US,A 08/22/09 P15,Equity Option,Option,Equity,US,Equity,filter
BBG0001RTBF6,August 09 Calls on A US,A 08/22/09 C15,Equity Option,Option,Equity,US,Equity,filter
BBG0001RTBG5,August 09 Puts on A US,A 08/22/09 P17.5,Equity Option,Option,Equity,US,Equity,filter
BBG0001RTBH4,August 09 Calls on A US,A 08/22/09 C17.5,Equity Option,Option,Equity,US,Equity,filter
BBG0001RTBJ2,August 09 Puts on A US,A 08/22/09 P20,Equity Option,Option,Equity,US,Equity,filter
BBG0001RTBK0,August 09 Calls on A US,A 08/22/09 C20,Equity Option,Option,Equity,US,Equity,filter
BBG0001RTBL9,August 09 Puts on A US,A 08/22/09 P22.5,Equity Option,Option,Equity,US,Equity,filter
BBG0001RTBM8,August 09 Calls on A US,A 08/22/09 C22.5,Equity Option,Option,Equity,US,Equity,filter
BBG0001RTBN7,August 09 Puts on A US,A 08/22/09 P25,Equity Option,Option,Equity,US,Equity,filter
BBG0001RTBP5,August 09 Calls on A US,A 08/22/09 C25,Equity Option,Option,Equity,US,Equity,filter
BBG0001RTBQ4,August 09 Puts on A US,A 08/22/09 P30,Equity Option,Option,Equity,US,Equity,filter
BBG0001RTBR3,August 09 Calls on A US,A 08/22/09 C30,Equity Option,Option,Equity,US,Equity,filter
BBG0001RTBS2,September 09 Puts on A US,A 09/19/09 P15,Equity Option,Option,Equity,US,Equity,filter
BBG0001RTBT1,September 09 Calls on A US,A 09/19/09 C15,Equity Option,Option,Equity,US,Equity,filter
BBG0001RTBV8,September 09 Puts on A US,A 09/19/09 P17.5,Equity Option,Option,Equity,US,Equity,filter
BBG0001RTBW7,September 09 Calls on A US,A 09/19/09 C17.5,Equity Option,Option,Equity,US,Equity,filter
BBG0001RTBX6,September 09 Puts on A US,A 09/19/09 P20,Equity Option,Option,Equity,US,Equity,filter
BBG0001RTBY5,September 09 Calls on A US,A 09/19/09 C20,Equity Option,Option,Equity,US,Equity,filter
BBG0001RTBZ4,September 09 Puts on A US,A 09/19/09 P22.5,Equity Option,Option,Equity,US,Equity,filter
BBG0001RTC00,September 09 Calls on A US,A 09/19/09 C22.5,Equity Option,Option,Equity,US,Equity,filter
BBG0001RTC19,September 09 Puts on A US,A 09/19/09 P25,Equity Option,Option,Equity,US,Equity,filter
BBG0001RTC28,September 09 Calls on A US,A 09/19/09 C25,Equity Option,Option,Equity,US,Equity,filter
BBG0001RTC37,September 09 Puts on A US,A 09/19/09 P30,Equity Option,Option,Equity,US,Equity,filter
BBG0001RTC46,September 09 Calls on A US,A 09/19/09 C30,Equity Option,Option,Equity,US,Equity,filter
BBG0001RTC55,October 09 Puts on A US,A 10/17/09 P17.5,Equity Option,Option,Equity,US,Equity,filter
BBG0001RTC64,October 09 Calls on A US,A 10/17/09 C17.5,Equity Option,Option,Equity,US,Equity,filter
BBG0001RTC73,October 09 Puts on A US,A 10/17/09 P20,Equity Option,Option,Equity,US,Equity,filter
BBG0001RTC82,October 09 Calls on A US,A 10/17/09 C20,Equity Option,Option,Equity,US,Equity,filter
BBG0001RTC91,October 09 Puts on A US,A 10/17/09 P22.5,Equity Option,Option,Equity,US,Equity,filter
BBG0001RTCB8,October 09 Calls on A US,A 10/17/09 C22.5,Equity Option,Option,Equity,US,Equity,filter
BBG0001RTCC7,October 09 Puts on A US,A 10/17/09 P25,Equity Option,Option,Equity,US,Equity,filter
BBG0001RTCD6,October 09 Calls on A US,A 10/17/09 C25,Equity Option,Option,Equity,US,Equity,filter
BBG0001RTCF4,October 09 Puts on A US,A 10/17/09 P27.5,Equity Option,Option,Equity,US,Equity,filter
BBG0001RTCG3,October 09 Calls on A US,A 10/17/09 C27.5,Equity Option,Option,Equity,US,Equity,filter
BBG0001RTCH2,October 09 Puts on A US,A 10/17/09 P30,Equity Option,Option,Equity,US,Equity,filter
BBG0001RTCJ0,October 09 Calls on A US,A 10/17/09 C30,Equity Option,Option,Equity,US,Equity,filter
BBG0001RTCK8,November 09 Puts on A US,A 11/21/09 P10,Equity Option,Option,Equity,US,Equity,filter
BBG0001RTCL7,November 09 Calls on A US,A 11/21/09 C10,Equity Option,Option,Equity,US,Equity,filter
BBG0001RTCM6,November 09 Puts on A US,A 11/21/09 P12.5,Equity Option,Option,Equity,US,Equity,filter
BBG0001RTCN5,November 09 Calls on A US,A 11/21/09 C12.5,Equity Option,Option,Equity,US,Equity,filter
BBG0001RTCP3,November 09 Puts on A US,A 11/21/09 P15,Equity Option,Option,Equity,US,Equity,filter
BBG0001RTCQ2,November 09 Calls on A US,A 11/21/09 C15,Equity Option,Option,Equity,US,Equity,filter
BBG0001RTCR1,November 09 Puts on A US,A 11/21/09 P17.5,Equity Option,Option,Equity,US,Equity,filter
BBG0001RTCS0,November 09 Calls on A US,A 11/21/09 C17.5,Equity Option,Option,Equity,US,Equity,filter
BBG0001RTCT9,November 09 Puts on A US,A 11/21/09 P20,Equity Option,Option,Equity,US,Equity,filter
BBG0001RTCV6,November 09 Calls on A US,A 11/21/09 C20,Equity Option,Option,Equity,US,Equity,filter
BBG0001RTCW5,November 09 Puts on A US,A 11/21/09 P22.5,Equity Option,Option,Equity,US,Equity,filter
BBG0001RTCX4,November 09 Calls on A US,A 11/21/09 C22.5,Equity Option,Option,Equity,US,Equity,filter
BBG0001RTCY3,November 09 Puts on A US,A 11/21/09 P25,Equity Option,Option,Equity,US,Equity,filter
BBG0001RTCZ2,November 09 Calls on A US,A 11/21/09 C25,Equity Option,Option,Equity,US,Equity,filter
BBG0001RTD08,November 09 Puts on A US,A 11/21/09 P27.5,Equity Option,Option,Equity,US,Equity,filter
BBG0001RTD17,November 09 Calls on A US,A 11/21/09 C27.5,Equity Option,Option,Equity,US,Equity,filter
BBG0001RTD26,November 09 Puts on A US,A 11/21/09 P30,Equity Option,Option,Equity,US,Equity,filter
BBG0001RTD35,November 09 Calls on A US,A 11/21/09 C30,Equity Option,Option,Equity,US,Equity,filter
BBG0001RTD44,November 09 Puts on A US,A 11/21/09 P32.5,Equity Option,Option,Equity,US,Equity,filter
BBG0001RTD53,November 09 Calls on A US,A 11/21/09 C32.5,Equity Option,Option,Equity,US,Equity,filter
BBG0001RTD62,November 09 Puts on A US,A 11/21/09 P35,Equity Option,Option,Equity,US,Equity,filter
BBG0001RTD71,November 09 Calls on A US,A 11/21/09 C35,Equity Option,Option,Equity,US,Equity,filter
BBG0001RTD80,December 09 Puts on A US,A 12/19/09 P22.5,Equity Option,Option,Equity,US,Equity,filter
BBG0001RTD99,December 09 Calls on A US,A 12/19/09 C22.5,Equity Option,Option,Equity,US,Equity,filter
BBG0001RTDB6,December 09 Puts on A US,A 12/19/09 P25,Equity Option,Option,Equity,US,Equity,filter
BBG0001RTDC5,December 09 Calls on A US,A 12/19/09 C25,Equity Option,Option,Equity,US,Equity,filter
BBG0001RTDD4,December 09 Puts on A US,A 12/19/09 P26,Equity Option,Option,Equity,US,Equity,filter
BBG0001RTDF2,December 09 Calls on A US,A 12/19/09 C26,Equity Option,Option,Equity,US,Equity,filter
BBG0001RTDG1,December 09 Puts on A US,A 12/19/09 P27,Equity Option,Option,Equity,US,Equity,filter
BBG0001RTDH0,December 09 Calls on A US,A 12/19/09 C27,Equity Option,Option,Equity,US,Equity,filter
BBG0001RTDJ8,December 09 Puts on A US,A 12/19/09 P30,Equity Option,Option,Equity,US,Equity,filter
BBG0001RTDK6,December 09 Calls on A US,A 12/19/09 C30,Equity Option,Option,Equity,US,Equity,filter
BBG0001RTDL5,December 09 Puts on A US,A 12/19/09 P35,Equity Option,Option,Equity,US,Equity,filter
BBG0001RTDM4,December 09 Calls on A US,A 12/19/09 C35,Equity Option,Option,Equity,US,Equity,filter
BBG0001RTDN3,December 09 Puts on A US,A 12/19/09 P40,Equity Option,Option,Equity,US,Equity,filter
BBG0001RTDP1,December 09 Calls on A US,A 12/19/09 C40,Equity Option,Option,Equity,US,Equity,filter
BBG0001RTDQ0,January 10 Puts on A US,A 01/16/10 P2.5,Equity Option,Option,Equity,US,Equity,filter
BBG0001RTDR9,January 10 Calls on A US,A 01/16/10 C2.5,Equity Option,Option,Equity,US,Equity,filter
BBG0001RTDS8,January 10 Puts on A US,A 01/16/10 P5,Equity Option,Option,Equity,US,Equity,filter
BBG0001RTDT7,January 10 Calls on A US,A 01/16/10 C5,Equity Option,Option,Equity,US,Equity,filter
BBG0001RTDV4,January 10 Puts on A US,A 01/16/10 P7.5,Equity Option,Option,Equity,US,Equity,filter
BBG0001RTDW3,January 10 Calls on A US,A 01/16/10 C7.5,Equity Option,Option,Equity,US,Equity,filter
BBG00055NY48,September 09 Puts on ABF LN,ABR 09/18/09 P480,Equity Option,Option,Equity,LN,Equity,filter
BBG00055NY57,September 09 Calls on ABF LN,ABR 09/18/09 C480,Equity Option,Option,Equity,LN,Equity,filter
BBG00055NY66,September 09 Puts on ABF LN,ABR 09/18/09 P560,Equity Option,Option,Equity,LN,Equity,filter
BBG00055NY75,September 09 Calls on ABF LN,ABR 09/18/09 C560,Equity Option,Option,Equity,LN,Equity,filter
BBG00055NY84,September 09 Puts on ABF LN,ABR 09/18/09 P600,Equity Option,Option,Equity,LN,Equity,filter
BBG00055NY93,September 09 Calls on ABF LN,ABR 09/18/09 C600,Equity Option,Option,Equity,LN,Equity,filter
BBG00055NYB0,September 09 Puts on ABF LN,ABR 09/18/09 P640,Equity Option,Option,Equity,LN,Equity,filter
BBG00055NYC9,September 09 Calls on ABF LN,ABR 09/18/09 C640,Equity Option,Option,Equity,LN,Equity,filter
BBG00055NYD8,September 09 Puts on ABF LN,ABR 09/18/09 P680,Equity Option,Option,Equity,LN,Equity,filter
BBG00055NYF6,September 09 Calls on ABF LN,ABR 09/18/09 C680,Equity Option,Option,Equity,LN,Equity,filter
BBG00055NYG5,September 09 Puts on ABF LN,ABR 09/18/09 P720,Equity Option,Option,Equity,LN,Equity,filter
BBG00055NYH4,September 09 Calls on ABF LN,ABR 09/18/09 C720,Equity Option,Option,Equity,LN,Equity,filter
BBG00055NYJ2,September 09 Puts on ABF LN,ABR 09/18/09 P740,Equity Option,Option,Equity,LN,Equity,filter
BBG00055NYK0,September 09 Calls on ABF LN,ABR 09/18/09 C740,Equity Option,Option,Equity,LN,Equity,filter
BBG00055NYL9,September 09 Puts on ABF LN,ABR 09/18/09 P760,Equity Option,Option,Equity,LN,Equity,filter
BBG00055NYM8,September 09 Calls on ABF LN,ABR 09/18/09 C760,Equity Option,Option,Equity,LN,Equity,filter
BBG00055NYN7,September 09 Puts on ABF LN,ABR 09/18/09 P780,Equity Option,Option,Equity,LN,Equity,filter
BBG00055NYP5,September 09 Calls on ABF LN,ABR 09/18/09 C780,Equity Option,Option,Equity,LN,Equity,filter
BBG00055NYQ4,September 09 Puts on ABF LN,ABR 09/18/09 P800,Equity Option,Option,Equity,LN,Equity,filter
BBG00055NYR3,September 09 Calls on ABF LN,ABR 09/18/09 C800,Equity Option,Option,Equity,LN,Equity,filter
BBG00055NYS2,September 09 Puts on ABF LN,ABR 09/18/09 P820,Equity Option,Option,Equity,LN,Equity,filter
BBG00055NYT1,September 09 Calls on ABF LN,ABR 09/18/09 C820,Equity Option,Option,Equity,LN,Equity,filter
BBG00055NYV8,September 09 Puts on ABF LN,ABR 09/18/09 P840,Equity Option,Option,Equity,LN,Equity,filter
BBG00055NYW7,September 09 Calls on ABF LN,ABR 09/18/09 C840,Equity Option,Option,Equity,LN,Equity,filter
BBG00055NYX6,September 09 Puts on ABF LN,ABR 09/18/09 P860,Equity Option,Option,Equity,LN,Equity,filter
BBG00055NYY5,September 09 Calls on ABF LN,ABR 09/18/09 C860,Equity Option,Option,Equity,LN,Equity,filter
BBG00055NYZ4,September 09 Puts on ABF LN,ABR 09/18/09 P880,Equity Option,Option,Equity,LN,Equity,filter
BBG00055NZ09,September 09 Calls on ABF LN,ABR 09/18/09 C880,Equity Option,Option,Equity,LN,Equity,filter
BBG00055NZ18,September 09 Puts on ABF LN,ABR 09/18/09 P920,Equity Option,Option,Equity,LN,Equity,filter
BBG00055NZ27,September 09 Calls on ABF LN,ABR 09/18/09 C920,Equity Option,Option,Equity,LN,Equity,filter
BBG00055NZ36,September 09 Puts on ABF LN,ABR 09/18/09 P960,Equity Option,Option,Equity,LN,Equity,filter
BBG00055NZ45,September 09 Calls on ABF LN,ABR 09/18/09 C960,Equity Option,Option,Equity,LN,Equity,filter
BBG00055NZ54,December 09 Puts on ABF LN,ABR 12/18/09 P480,Equity Option,Option,Equity,LN,Equity,filter
BBG00055NZ63,December 09 Calls on ABF LN,ABR 12/18/09 C480,Equity Option,Option,Equity,LN,Equity,filter
BBG00055NZ72,December 09 Puts on ABF LN,ABR 12/18/09 P560,Equity Option,Option,Equity,LN,Equity,filter
BBG00055NZ81,December 09 Calls on ABF LN,ABR 12/18/09 C560,Equity Option,Option,Equity,LN,Equity,filter
BBG00055NZ90,December 09 Puts on ABF LN,ABR 12/18/09 P600,Equity Option,Option,Equity,LN,Equity,filter
BBG00055NZB7,December 09 Calls on ABF LN,ABR 12/18/09 C600,Equity Option,Option,Equity,LN,Equity,filter
BBG00055NZC6,December 09 Puts on ABF LN,ABR 12/18/09 P640,Equity Option,Option,Equity,LN,Equity,filter
BBG00055NZD5,December 09 Calls on ABF LN,ABR 12/18/09 C640,Equity Option,Option,Equity,LN,Equity,filter
BBG00055NZF3,December 09 Puts on ABF LN,ABR 12/18/09 P680,Equity Option,Option,Equity,LN,Equity,filter
BBG00055NZG2,December 09 Calls on ABF LN,ABR 12/18/09 C680,Equity Option,Option,Equity,LN,Equity,filter
BBG00055NZH1,December 09 Puts on ABF LN,ABR 12/18/09 P720,Equity Option,Option,Equity,LN,Equity,filter
BBG00055NZJ9,December 09 Calls on ABF LN,ABR 12/18/09 C720,Equity Option,Option,Equity,LN,Equity,filter
BBG00055NZK7,December 09 Puts on ABF LN,ABR 12/18/09 P760,Equity Option,Option,Equity,LN,Equity,filter
BBG00055NZL6,December 09 Calls on ABF LN,ABR 12/18/09 C760,Equity Option,Option,Equity,LN,Equity,filter
BBG00055NZM5,December 09 Puts on ABF LN,ABR 12/18/09 P780,Equity Option,Option,Equity,LN,Equity,filter
BBG00055NZN4,December 09 Calls on ABF LN,ABR 12/18/09 C780,Equity Option,Option,Equity,LN,Equity,filter
BBG00055NZP2,December 09 Puts on ABF LN,ABR 12/18/09 P800,Equity Option,Option,Equity,LN,Equity,filter
BBG00055NZQ1,December 09 Calls on ABF LN,ABR 12/18/09 C800,Equity Option,Option,Equity,LN,Equity,filter
BBG00055NZR0,December 09 Puts on ABF LN,ABR 12/18/09 P820,Equity Option,Option,Equity,LN,Equity,filter
BBG00055NZS9,December 09 Calls on ABF LN,ABR 12/18/09 C820,Equity Option,Option,Equity,LN,Equity,filter
BBG00055NZT8,December 09 Puts on ABF LN,ABR 12/18/09 P840,Equity Option,Option,Equity,LN,Equity,filter
BBG00055NZV5,December 09 Calls on ABF LN,ABR 12/18/09 C840,Equity Option,Option,Equity,LN,Equity,filter
BBG00055NZW4,December 09 Puts on ABF LN,ABR 12/18/09 P860,Equity Option,Option,Equity,LN,Equity,filter
BBG00055NZX3,December 09 Calls on ABF LN,ABR 12/18/09 C860,Equity Option,Option,Equity,LN,Equity,filter
BBG00055NZY2,December 09 Puts on ABF LN,ABR 12/18/09 P880,Equity Option,Option,Equity,LN,Equity,filter
BBG00055NZZ1,December 09 Calls on ABF LN,ABR 12/18/09 C880,Equity Option,Option,Equity,LN,Equity,filter
BBG00055P004,December 09 Puts on ABF LN,ABR 12/18/09 P920,Equity Option,Option,Equity,LN,Equity,filter
BBG00055P013,December 09 Calls on ABF LN,ABR 12/18/09 C920,Equity Option,Option,Equity,LN,Equity,filter
BBG00055P022,December 09 Puts on ABF LN,ABR 12/18/09 P960,Equity Option,Option,Equity,LN,Equity,filter
BBG00055P031,December 09 Calls on ABF LN,ABR 12/18/09 C960,Equity Option,Option,Equity,LN,Equity,filter
BBG00055P040,March 10 Puts on ABF LN,ABR 03/19/10 P640,Equity Option,Option,Equity,LN,Equity,filter
BBG00055P059,March 10 Calls on ABF LN,ABR 03/19/10 C640,Equity Option,Option,Equity,LN,Equity,filter
BBG00055P068,March 10 Puts on ABF LN,ABR 03/19/10 P680,Equity Option,Option,Equity,LN,Equity,filter
BBG00055P077,March 10 Calls on ABF LN,ABR 03/19/10 C680,Equity Option,Option,Equity,LN,Equity,filter
BBG00055P086,March 10 Puts on ABF LN,ABR 03/19/10 P720,Equity Option,Option,Equity,LN,Equity,filter
BBG00055P095,March 10 Calls on ABF LN,ABR 03/19/10 C720,Equity Option,Option,Equity,LN,Equity,filter
BBG00055P0B2,March 10 Puts on ABF LN,ABR 03/19/10 P760,Equity Option,Option,Equity,LN,Equity,filter
BBG00055P0C1,March 10 Calls on ABF LN,ABR 03/19/10 C760,Equity Option,Option,Equity,LN,Equity,filter
BBG00055P0D0,March 10 Puts on ABF LN,ABR 03/19/10 P800,Equity Option,Option,Equity,LN,Equity,filter
BBG00055P0F8,March 10 Calls on ABF LN,ABR 03/19/10 C800,Equity Option,Option,Equity,LN,Equity,filter
BBG00055P0G7,March 10 Puts on ABF LN,ABR 03/19/10 P820,Equity Option,Option,Equity,LN,Equity,filter
BBG00055P0H6,March 10 Calls on ABF LN,ABR 03/19/10 C820,Equity Option,Option,Equity,LN,Equity,filter
BBG00055P0J4,March 10 Puts on ABF LN,ABR 03/19/10 P840,Equity Option,Option,Equity,LN,Equity,filter
BBG00055P0K2,March 10 Calls on ABF LN,ABR 03/19/10 C840,Equity Option,Option,Equity,LN,Equity,filter
BBG00055P0L1,March 10 Puts on ABF LN,ABR 03/19/10 P860,Equity Option,Option,Equity,LN,Equity,filter
BBG00055P0M0,March 10 Calls on ABF LN,ABR 03/19/10 C860,Equity Option,Option,Equity,LN,Equity,filter
BBG00055P0N9,March 10 Puts on ABF LN,ABR 03/19/10 P880,Equity Option,Option,Equity,LN,Equity,filter
BBG00055P0P7,March 10 Calls on ABF LN,ABR 03/19/10 C880,Equity Option,Option,Equity,LN,Equity,filter
BBG00055P0Q6,March 10 Puts on ABF LN,ABR 03/19/10 P900,Equity Option,Option,Equity,LN,Equity,filter
BBG00055P0R5,March 10 Calls on ABF LN,ABR 03/19/10 C900,Equity Option,Option,Equity,LN,Equity,filter
BBG00055P0S4,March 10 Puts on ABF LN,ABR 03/19/10 P920,Equity Option,Option,Equity,LN,Equity,filter
BBG00055P0T3,March 10 Calls on ABF LN,ABR 03/19/10 C920,Equity Option,Option,Equity,LN,Equity,filter
BBG00055P0V0,March 10 Puts on ABF LN,ABR 03/19/10 P940,Equity Option,Option,Equity,LN,Equity,filter
BBG00055P0W9,March 10 Calls on ABF LN,ABR 03/19/10 C940,Equity Option,Option,Equity,LN,Equity,filter
BBG00055P0X8,March 10 Puts on ABF LN,ABR 03/19/10 P960,Equity Option,Option,Equity,LN,Equity,filter
BBG00055P0Y7,March 10 Calls on ABF LN,ABR 03/19/10 C960,Equity Option,Option,Equity,LN,Equity,filter
BBG00055P0Z6,March 10 Puts on ABF LN,ABR 03/19/10 P980,Equity Option,Option,Equity,LN,Equity,filter
BBG00055P102,March 10 Calls on ABF LN,ABR 03/19/10 C980,Equity Option,Option,Equity,LN,Equity,filter
BBG00055P111,March 10 Puts on ABF LN,ABR 03/19/10 P1000,Equity Option,Option,Equity,LN,Equity,filter
BBG00055P120,March 10 Calls on ABF LN,ABR 03/19/10 C1000,Equity Option,Option,Equity,LN,Equity,filter
BBG00055P139,March 10 Puts on ABF LN,ABR 03/19/10 P1100,Equity Option,Option,Equity,LN,Equity,filter
BBG00055P148,March 10 Calls on ABF LN,ABR 03/19/10 C1100,Equity Option,Option,Equity,LN,Equity,filter
BBG00055P157,June 10 Puts on ABF LN,ABR 06/18/10 P720,Equity Option,Option,Equity,LN,Equity,filter
BBG00055P166,June 10 Calls on ABF LN,ABR 06/18/10 C720,Equity Option,Option,Equity,LN,Equity,filter
BBG00055P175,June 10 Puts on ABF LN,ABR 06/18/10 P760,Equity Option,Option,Equity,LN,Equity,filter
BBG00055P184,June 10 Calls on ABF LN,ABR 06/18/10 C760,Equity Option,Option,Equity,LN,Equity,filter
BBG00055P193,June 10 Puts on ABF LN,ABR 06/18/10 P800,Equity Option,Option,Equity,LN,Equity,filter
BBG00055P1B0,June 10 Calls on ABF LN,ABR 06/18/10 C800,Equity Option,Option,Equity,LN,Equity,filter
BBG0002GKBL1,December 10 Puts on 1306 JP,1306 12/09/10 P950,Equity Option,Option,Equity,JP,Equity,filter
BBG0002GKBM0,December 10 Calls on 1306 JP,1306 12/09/10 C950,Equity Option,Option,Equity,JP,Equity,filter
BBG0002GKBQ6,December 10 Puts on 1306 JP,1306 12/09/10 P1000,Equity Option,Option,Equity,JP,Equity,filter
BBG0002GKBR5,December 10 Calls on 1306 JP,1306 12/09/10 C1000,Equity Option,Option,Equity,JP,Equity,filter
BBG0002GKBV0,December 10 Puts on 1306 JP,1306 12/09/10 P1100,Equity Option,Option,Equity,JP,Equity,filter
BBG0002GKBW9,December 10 Calls on 1306 JP,1306 12/09/10 C1100,Equity Option,Option,Equity,JP,Equity,filter
BBG0002GKBZ6,December 10 Puts on 1306 JP,1306 12/09/10 P1200,Equity Option,Option,Equity,JP,Equity,filter
BBG0002GKC02,December 10 Calls on 1306 JP,1306 12/09/10 C1200,Equity Option,Option,Equity,JP,Equity,filter
BBG0002GKC39,March 11 Puts on 1306 JP,1306 03/10/11 P750,Equity Option,Option,Equity,JP,Equity,filter
BBG0002GKC48,March 11 Calls on 1306 JP,1306 03/10/11 C750,Equity Option,Option,Equity,JP,Equity,filter
BBG0002GKC75,March 11 Puts on 1306 JP,1306 03/10/11 P800,Equity Option,Option,Equity,JP,Equity,filter
BBG0002GKC84,March 11 Calls on 1306 JP,1306 03/10/11 C800,Equity Option,Option,Equity,JP,Equity,filter
BBG0002GKCC9,March 11 Puts on 1306 JP,1306 03/10/11 P850,Equity Option,Option,Equity,JP,Equity,filter
BBG0002GKCD8,March 11 Calls on 1306 JP,1306 03/10/11 C850,Equity Option,Option,Equity,JP,Equity,filter
BBG0002GKCH4,March 11 Puts on 1306 JP,1306 03/10/11 P900,Equity Option,Option,Equity,JP,Equity,filter
BBG0002GKCJ2,March 11 Calls on 1306 JP,1306 03/10/11 C900,Equity Option,Option,Equity,JP,Equity,filter
BBG0002GKCM8,March 11 Puts on 1306 JP,1306 03/10/11 P950,Equity Option,Option,Equity,JP,Equity,filter
BBG0002GKCN7,March 11 Calls on 1306 JP,1306 03/10/11 C950,Equity Option,Option,Equity,JP,Equity,filter
BBG0002GKCR3,March 11 Puts on 1306 JP,1306 03/10/11 P1000,Equity Option,Option,Equity,JP,Equity,filter
BBG0002GKCS2,March 11 Calls on 1306 JP,1306 03/10/11 C1000,Equity Option,Option,Equity,JP,Equity,filter
BBG0002GKCW7,August 10 Puts on 1320 JP,1320 08/12/10 P8000,Equity Option,Option,Equity,JP,Equity,filter
BBG0002GKCX6,August 10 Calls on 1320 JP,1320 08/12/10 C8000,Equity Option,Option,Equity,JP,Equity,filter
BBG0002GKD00,August 10 Puts on 1320 JP,1320 08/12/10 P8500,Equity Option,Option,Equity,JP,Equity,filter
BBG0002GKD19,August 10 Calls on 1320 JP,1320 08/12/10 C8500,Equity Option,Option,Equity,JP,Equity,filter
BBG0002GKD46,August 10 Puts on 1320 JP,1320 08/12/10 P9000,Equity Option,Option,Equity,JP,Equity,filter
BBG0002GKD55,August 10 Calls on 1320 JP,1320 08/12/10 C9000,Equity Option,Option,Equity,JP,Equity,filter
BBG0002GKD82,August 10 Puts on 1320 JP,1320 08/12/10 P9500,Equity Option,Option,Equity,JP,Equity,filter
BBG0002GKD91,August 10 Calls on 1320 JP,1320 08/12/10 C9500,Equity Option,Option,Equity,JP,Equity,filter
BBG0002GKDD6,August 10 Puts on 1320 JP,1320 08/12/10 P10000,Equity Option,Option,Equity,JP,Equity,filter
BBG0002GKDF4,August 10 Calls on 1320 JP,1320 08/12/10 C10000,Equity Option,Option,Equity,JP,Equity,filter
BBG0002GKDJ0,August 10 Puts on 1320 JP,1320 08/12/10 P11000,Equity Option,Option,Equity,JP,Equity,filter
BBG0002GKDK8,August 10 Calls on 1320 JP,1320 08/12/10 C11000,Equity Option,Option,Equity,JP,Equity,filter
BBG0002GKDN5,August 10 Puts on 1320 JP,1320 08/12/10 P12000,Equity Option,Option,Equity,JP,Equity,filter
BBG0002GKDP3,August 10 Calls on 1320 JP,1320 08/12/10 C12000,Equity Option,Option,Equity,JP,Equity,filter
BBG0002GKDS0,September 10 Puts on 1320 JP,1320 09/09/10 P8000,Equity Option,Option,Equity,JP,Equity,filter
BBG0002GKDT9,September 10 Calls on 1320 JP,1320 09/09/10 C8000,Equity Option,Option,Equity,JP,Equity,filter
BBG0002GKDX4,September 10 Puts on 1320 JP,1320 09/09/10 P8500,Equity Option,Option,Equity,JP,Equity,filter
BBG0002GKDY3,September 10 Calls on 1320 JP,1320 09/09/10 C8500,Equity Option,Option,Equity,JP,Equity,filter
BBG0002GKF14,September 10 Puts on 1320 JP,1320 09/09/10 P9000,Equity Option,Option,Equity,JP,Equity,filter
BBG0002GKF23,September 10 Calls on 1320 JP,1320 09/09/10 C9000,Equity Option,Option,Equity,JP,Equity,filter
BBG0002GKF50,September 10 Puts on 1320 JP,1320 09/09/10 P9500,Equity Option,Option,Equity,JP,Equity,filter
BBG0002GKF69,September 10 Calls on 1320 JP,1320 09/09/10 C9500,Equity Option,Option,Equity,JP,Equity,filter
BBG0002GKF96,September 10 Puts on 1320 JP,1320 09/09/10 P10000,Equity Option,Option,Equity,JP,Equity,filter
BBG0002GKFB3,September 10 Calls on 1320 JP,1320 09/09/10 C10000,Equity Option,Option,Equity,JP,Equity,filter
BBG0002GKFF9,September 10 Puts on 1320 JP,1320 09/09/10 P11000,Equity Option,Option,Equity,JP,Equity,filter
BBG0002GKFG8,September 10 Calls on 1320 JP,1320 09/09/10 C11000,Equity Option,Option,Equity,JP,Equity,filter
BBG0002GKFK3,September 10 Puts on 1320 JP,1320 09/09/10 P12000,Equity Option,Option,Equity,JP,Equity,filter
BBG0002GKFL2,September 10 Calls on 1320 JP,1320 09/09/10 C12000,Equity Option,Option,Equity,JP,Equity,filter
BBG0002GKFP8,September 10 Puts on 1320 JP,1320 09/09/10 P13000,Equity Option,Option,Equity,JP,Equity,filter
BBG0002GKFQ7,September 10 Calls on 1320 JP,1320 09/09/10 C13000,Equity Option,Option,Equity,JP,Equity,filter
BBG0002GKFT4,December 10 Puts on 1320 JP,1320 12/09/10 P8000,Equity Option,Option,Equity,JP,Equity,filter
BBG0002GKFV1,December 10 Calls on 1320 JP,1320 12/09/10 C8000,Equity Option,Option,Equity,JP,Equity,filter
BBG0002GKFY8,December 10 Puts on 1320 JP,1320 12/09/10 P8500,Equity Option,Option,Equity,JP,Equity,filter
BBG0002GKFZ7,December 10 Calls on 1320 JP,1320 12/09/10 C8500,Equity Option,Option,Equity,JP,Equity,filter
BBG0002GKG21,December 10 Puts on 1320 JP,1320 12/09/10 P9000,Equity Option,Option,Equity,JP,Equity,filter
BBG0002GKG30,December 10 Calls on 1320 JP,1320 12/09/10 C9000,Equity Option,Option,Equity,JP,Equity,filter
BBG0002GKG67,December 10 Puts on 1320 JP,1320 12/09/10 P9500,Equity Option,Option,Equity,JP,Equity,filter
BBG0002GKG76,December 10 Calls on 1320 JP,1320 12/09/10 C9500,Equity Option,Option,Equity,JP,Equity,filter
BBG0002GKGB1,December 10 Puts on 1320 JP,1320 12/09/10 P10000,Equity Option,Option,Equity,JP,Equity,filter
BBG0002GKGC0,December 10 Calls on 1320 JP,1320 12/09/10 C10000,Equity Option,Option,Equity,JP,Equity,filter
BBG0002GKGG6,December 10 Puts on 1320 JP,1320 12/09/10 P11000,Equity Option,Option,Equity,JP,Equity,filter
BBG0002GKGH5,December 10 Calls on 1320 JP,1320 12/09/10 C11000,Equity Option,Option,Equity,JP,Equity,filter
BBG0002GKGL0,December 10 Puts on 1320 JP,1320 12/09/10 P12000,Equity Option,Option,Equity,JP,Equity,filter
BBG0002GKGM9,December 10 Calls on 1320 JP,1320 12/09/10 C12000,Equity Option,Option,Equity,JP,Equity,filter
BBG0002GKGQ5,December 10 Puts on 1320 JP,1320 12/09/10 P13000,Equity Option,Option,Equity,JP,Equity,filter
BBG0002GKGR4,December 10 Calls on 1320 JP,1320 12/09/10 C13000,Equity Option,Option,Equity,JP,Equity,filter
BBG0002GKGV9,March 11 Puts on 1320 JP,1320 03/10/11 P8000,Equity Option,Option,Equity,JP,Equity,filter
BBG0002GKGW8,March 11 Calls on 1320 JP,1320 03/10/11 C8000,Equity Option,Option,Equity,JP,Equity,filter
BBG0002GKGZ5,March 11 Puts on 1320 JP,1320 03/10/11 P8500,Equity Option,Option,Equity,JP,Equity,filter
BBG0002GKH01,March 11 Calls on 1320 JP,1320 03/10/11 C8500,Equity Option,Option,Equity,JP,Equity,filter
BBG0002GKH38,March 11 Puts on 1320 JP,1320 03/10/11 P9000,Equity Option,Option,Equity,JP,Equity,filter
BBG0002GKH47,March 11 Calls on 1320 JP,1320 03/10/11 C9000,Equity Option,Option,Equity,JP,Equity,filter
BBG0002GKH74,March 11 Puts on 1320 JP,1320 03/10/11 P9500,Equity Option,Option,Equity,JP,Equity,filter
BBG0002GKH83,March 11 Calls on 1320 JP,1320 03/10/11 C9500,Equity Option,Option,Equity,JP,Equity,filter
BBG0002GKHC8,March 11 Puts on 1320 JP,1320 03/10/11 P10000,Equity Option,Option,Equity,JP,Equity,filter
BBG0002GKHD7,March 11 Calls on 1320 JP,1320 03/10/11 C10000,Equity Option,Option,Equity,JP,Equity,filter
BBG0002GKHH3,March 11 Puts on 1320 JP,1320 03/10/11 P11000,Equity Option,Option,Equity,JP,Equity,filter
BBG0002GKHJ1,March 11 Calls on 1320 JP,1320 03/10/11 C11000,Equity Option,Option,Equity,JP,Equity,filter
BBG0002GKHM7,March 11 Puts on 1320 JP,1320 03/10/11 P12000,Equity Option,Option,Equity,JP,Equity,filter
BBG0002GKHN6,March 11 Calls on 1320 JP,1320 03/10/11 C12000,Equity Option,Option,Equity,JP,Equity,filter
BBG0002GKHR2,August 10 Puts on 1321 JP,1321 08/12/10 P8000,Equity Option,Option,Equity,JP,Equity,filter
BBG0002GKHS1,August 10 Calls on 1321 JP,1321 08/12/10 C8000,Equity Option,Option,Equity,JP,Equity,filter
BBG0002GKHW6,August 10 Puts on 1321 JP,1321 08/12/10 P8500,Equity Option,Option,Equity,JP,Equity,filter
BBG0002GKHX5,August 10 Calls on 1321 JP,1321 08/12/10 C8500,Equity Option,Option,Equity,JP,Equity,filter
BBG0002GKJ07,August 10 Puts on 1321 JP,1321 08/12/10 P9000,Equity Option,Option,Equity,JP,Equity,filter
BBG0002GKJ16,August 10 Calls on 1321 JP,1321 08/12/10 C9000,Equity Option,Option,Equity,JP,Equity,filter
BBG0002GKJ43,August 10 Puts on 1321 JP,1321 08/12/10 P9500,Equity Option,Option,Equity,JP,Equity,filter
BBG0002GKJ52,August 10 Calls on 1321 JP,1321 08/12/10 C9500,Equity Option,Option,Equity,JP,Equity,filter
BBG0002GKJ89,August 10 Puts on 1321 JP,1321 08/12/10 P10000,Equity Option,Option,Equity,JP,Equity,filter
BBG0002GKJ98,August 10 Calls on 1321 JP,1321 08/12/10 C10000,Equity Option,Option,Equity,JP,Equity,filter
BBG0002GKJD3,August 10 Puts on 1321 JP,1321 08/12/10 P11000,Equity Option,Option,Equity,JP,Equity,filter
BBG0002GKJF1,August 10 Calls on 1321 JP,1321 08/12/10 C11000,Equity Option,Option,Equity,JP,Equity,filter
BBG0002GKJJ7,August 10 Puts on 1321 JP,1321 08/12/10 P12000,Equity Option,Option,Equity,JP,Equity,filter
BBG0002GKJK5,August 10 Calls on 1321 JP,1321 08/12/10 C12000,Equity Option,Option,Equity,JP,Equity,filter
BBG0002GKJN2,September 10 Puts on 1321 JP,1321 09/09/10 P8000,Equity Option,Option,Equity,JP,Equity,filter
BBG0002GKJP0,September 10 Calls on 1321 JP,1321 09/09/10 C8000,Equity Option,Option,Equity,JP,Equity,filter
BBG0002GKJS7,September 10 Puts on 1321 JP,1321 09/09/10 P8500,Equity Option,Option,Equity,JP,Equity,filter
BBG0002GKJT6,September 10 Calls on 1321 JP,1321 09/09/10 C8500,Equity Option,Option,Equity,JP,Equity,filter
BBG0002GKJX1,September 10 Puts on 1321 JP,1321 09/09/10 P9000,Equity Option,Option,Equity,JP,Equity,filter
BBG0002GKJY0,September 10 Calls on 1321 JP,1321 09/09/10 C9000,Equity Option,Option,Equity,JP,Equity,filter
BBG0001SJNH7,August 09 Puts on ACE1 GR,ACE 08/21/09 P.01,Equity Option,Option,Equity,GR,Equity,filter
BBG0001SJNJ5,August 09 Calls on ACE1 GR,ACE 08/21/09 C.01,Equity Option,Option,Equity,GR,Equity,filter
BBG0001SJNK3,August 09 Puts on ACE1 GR,ACE 08/21/09 P10,Equity Option,Option,Equity,GR,Equity,filter
BBG0001SJNL2,August 09 Calls on ACE1 GR,ACE 08/21/09 C10,Equity Option,Option,Equity,GR,Equity,filter
BBG0001SJNM1,August 09 Puts on ACE1 GR,ACE 08/21/09 P10.5,Equity Option,Option,Equity,GR,Equity,filter
BBG0001SJNN0,August 09 Calls on ACE1 GR,ACE 08/21/09 C10.5,Equity Option,Option,Equity,GR,Equity,filter
BBG0001SJNP8,August 09 Puts on ACE1 GR,ACE 08/21/09 P11,Equity Option,Option,Equity,GR,Equity,filter
BBG0001SJNQ7,August 09 Calls on ACE1 GR,ACE 08/21/09 C11,Equity Option,Option,Equity,GR,Equity,filter
BBG0001SJNR6,August 09 Puts on ACE1 GR,ACE 08/21/09 P11.5,Equity Option,Option,Equity,GR,Equity,filter
BBG0001SJNS5,August 09 Calls on ACE1 GR,ACE 08/21/09 C11.5,Equity Option,Option,Equity,GR,Equity,filter
BBG0001SJNT4,August 09 Puts on ACE1 GR,ACE 08/21/09 P12,Equity Option,Option,Equity,GR,Equity,filter
BBG0001SJNV1,August 09 Calls on ACE1 GR,ACE 08/21/09 C12,Equity Option,Option,Equity,GR,Equity,filter
BBG0001SJNW0,August 09 Puts on ACE1 GR,ACE 08/21/09 P12.5,Equity Option,Option,Equity,GR,Equity,filter
BBG0001SJNX9,August 09 Calls on ACE1 GR,ACE 08/21/09 C12.5,Equity Option,Option,Equity,GR,Equity,filter
BBG0001SJNY8,August 09 Puts on ACE1 GR,ACE 08/21/09 P13,Equity Option,Option,Equity,GR,Equity,filter
BBG0001SJNZ7,August 09 Calls on ACE1 GR,ACE 08/21/09 C13,Equity Option,Option,Equity,GR,Equity,filter
BBG0001SJP00,August 09 Puts on ACE1 GR,ACE 08/21/09 P13.5,Equity Option,Option,Equity,GR,Equity,filter
BBG0001SJP19,August 09 Calls on ACE1 GR,ACE 08/21/09 C13.5,Equity Option,Option,Equity,GR,Equity,filter
BBG0001SJP28,August 09 Puts on ACE1 GR,ACE 08/21/09 P14,Equity Option,Option,Equity,GR,Equity,filter
BBG0001SJP37,August 09 Calls on ACE1 GR,ACE 08/21/09 C14,Equity Option,Option,Equity,GR,Equity,filter
BBG0001SJP46,August 09 Puts on ACE1 GR,ACE 08/21/09 P14.5,Equity Option,Option,Equity,GR,Equity,filter
BBG0001SJP55,August 09 Calls on ACE1 GR,ACE 08/21/09 C14.5,Equity Option,Option,Equity,GR,Equity,filter
BBG0001SJP64,August 09 Puts on ACE1 GR,ACE 08/21/09 P15,Equity Option,Option,Equity,GR,Equity,filter
BBG0001SJP73,August 09 Calls on ACE1 GR,ACE 08/21/09 C15,Equity Option,Option,Equity,GR,Equity,filter
BBG0001SJP82,August 09 Puts on ACE1 GR,ACE 08/21/09 P15.5,Equity Option,Option,Equity,GR,Equity,filter
BBG0001SJP91,August 09 Calls on ACE1 GR,ACE 08/21/09 C15.5,Equity Option,Option,Equity,GR,Equity,filter
BBG0001SJPB8,August 09 Puts on ACE1 GR,ACE 08/21/09 P16,Equity Option,Option,Equity,GR,Equity,filter
BBG0001SJPC7,August 09 Calls on ACE1 GR,ACE 08/21/09 C16,Equity Option,Option,Equity,GR,Equity,filter
BBG0001SJPD6,September 09 Puts on ACE1 GR,ACE 09/18/09 P.01,Equity Option,Option,Equity,GR,Equity,filter
BBG0001SJPF4,September 09 Calls on ACE1 GR,ACE 09/18/09 C.01,Equity Option,Option,Equity,GR,Equity,filter
BBG0001SJPG3,September 09 Puts on ACE1 GR,ACE 09/18/09 P7.25,Equity Option,Option,Equity,GR,Equity,filter
BBG0001SJPH2,September 09 Calls on ACE1 GR,ACE 09/18/09 C7.25,Equity Option,Option,Equity,GR,Equity,filter
BBG0001SJPJ0,September 09 Puts on ACE1 GR,ACE 09/18/09 P7.5,Equity Option,Option,Equity,GR,Equity,filter
BBG0001SJPK8,September 09 Calls on ACE1 GR,ACE 09/18/09 C7.5,Equity Option,Option,Equity,GR,Equity,filter
BBG0001SJPL7,September 09 Puts on ACE1 GR,ACE 09/18/09 P7.75,Equity Option,Option,Equity,GR,Equity,filter
BBG0001SJPM6,September 09 Calls on ACE1 GR,ACE 09/18/09 C7.75,Equity Option,Option,Equity,GR,Equity,filter
BBG0001SJPN5,September 09 Puts on ACE1 GR,ACE 09/18/09 P8,Equity Option,Option,Equity,GR,Equity,filter
BBG0001SJPP3,September 09 Calls on ACE1 GR,ACE 09/18/09 C8,Equity Option,Option,Equity,GR,Equity,filter
BBG0001SJPQ2,September 09 Puts on ACE1 GR,ACE 09/18/09 P8.25,Equity Option,Option,Equity,GR,Equity,filter
BBG0001SJPR1,September 09 Calls on ACE1 GR,ACE 09/18/09 C8.25,Equity Option,Option,Equity,GR,Equity,filter
BBG0001SJPS0,September 09 Puts on ACE1 GR,ACE 09/18/09 P8.5,Equity Option,Option,Equity,GR,Equity,filter
BBG0001SJPT9,September 09 Calls on ACE1 GR,ACE 09/18/09 C8.5,Equity Option,Option,Equity,GR,Equity,filter
BBG0001SJPV6,September 09 Puts on ACE1 GR,ACE 09/18/09 P8.75,Equity Option,Option,Equity,GR,Equity,filter
BBG0001SJPW5,September 09 Calls on ACE1 GR,ACE 09/18/09 C8.75,Equity Option,Option,Equity,GR,Equity,filter
BBG0001SJPX4,September 09 Puts on ACE1 GR,ACE 09/18/09 P9,Equity Option,Option,Equity,GR,Equity,filter
BBG0001SJPY3,September 09 Calls on ACE1 GR,ACE 09/18/09 C9,Equity Option,Option,Equity,GR,Equity,filter
BBG0001SJPZ2,September 09 Puts on ACE1 GR,ACE 09/18/09 P9.25,Equity Option,Option,Equity,GR,Equity,filter
BBG0001SJQ08,September 09 Calls on ACE1 GR,ACE 09/18/09 C9.25,Equity Option,Option,Equity,GR,Equity,filter
BBG0001SJQ17,September 09 Puts on ACE1 GR,ACE 09/18/09 P9.5,Equity Option,Option,Equity,GR,Equity,filter
BBG0001SJQ26,September 09 Calls on ACE1 GR,ACE 09/18/09 C9.5,Equity Option,Option,Equity,GR,Equity,filter
BBG0001SJQ35,September 09 Puts on ACE1 GR,ACE 09/18/09 P9.75,Equity Option,Option,Equity,GR,Equity,filter
BBG0001SJQ44,September 09 Calls on ACE1 GR,ACE 09/18/09 C9.75,Equity Option,Option,Equity,GR,Equity,filter
BBG0001SJQ53,September 09 Puts on ACE1 GR,ACE 09/18/09 P10,Equity Option,Option,Equity,GR,Equity,filter
BBG0001SJQ62,September 09 Calls on ACE1 GR,ACE 09/18/09 C10,Equity Option,Option,Equity,GR,Equity,filter
BBG0001SJQ71,September 09 Puts on ACE1 GR,ACE 09/18/09 P10.5,Equity Option,Option,Equity,GR,Equity,filter
BBG0001SJQ80,September 09 Calls on ACE1 GR,ACE 09/18/09 C10.5,Equity Option,Option,Equity,GR,Equity,filter
BBG0001SJQ99,September 09 Puts on ACE1 GR,ACE 09/18/09 P11,Equity Option,Option,Equity,GR,Equity,filter
BBG0001SJQB6,September 09 Calls on ACE1 GR,ACE 09/18/09 C11,Equity Option,Option,Equity,GR,Equity,filter
BBG0001SJQC5,September 09 Puts on ACE1 GR,ACE 09/18/09 P11.5,Equity Option,Option,Equity,GR,Equity,filter
BBG0001SJQD4,September 09 Calls on ACE1 GR,ACE 09/18/09 C11.5,Equity Option,Option,Equity,GR,Equity,filter
BBG0001SJQF2,September 09 Puts on ACE1 GR,ACE 09/18/09 P12,Equity Option,Option,Equity,GR,Equity,filter
BBG0001SJQG1,September 09 Calls on ACE1 GR,ACE 09/18/09 C12,Equity Option,Option,Equity,GR,Equity,filter
BBG0001SJQH0,September 09 Puts on ACE1 GR,ACE 09/18/09 P12.5,Equity Option,Option,Equity,GR,Equity,filter
BBG0001SJQJ8,September 09 Calls on ACE1 GR,ACE 09/18/09 C12.5,Equity Option,Option,Equity,GR,Equity,filter
BBG0001SJQK6,September 09 Puts on ACE1 GR,ACE 09/18/09 P13,Equity Option,Option,Equity,GR,Equity,filter
BBG0001SJQL5,September 09 Calls on ACE1 GR,ACE 09/18/09 C13,Equity Option,Option,Equity,GR,Equity,filter
BBG0001SJQM4,September 09 Puts on ACE1 GR,ACE 09/18/09 P13.5,Equity Option,Option,Equity,GR,Equity,filter
BBG0001SJQN3,September 09 Calls on ACE1 GR,ACE 09/18/09 C13.5,Equity Option,Option,Equity,GR,Equity,filter
BBG0001SJQP1,September 09 Puts on ACE1 GR,ACE 09/18/09 P14,Equity Option,Option,Equity,GR,Equity,filter
BBG0001SJQQ0,September 09 Calls on ACE1 GR,ACE 09/18/09 C14,Equity Option,Option,Equity,GR,Equity,filter
BBG0001SJQR9,September 09 Puts on ACE1 GR,ACE 09/18/09 P14.5,Equity Option,Option,Equity,GR,Equity,filter
BBG0001SJQS8,September 09 Calls on ACE1 GR,ACE 09/18/09 C14.5,Equity Option,Option,Equity,GR,Equity,filter
BBG0001SJQT7,September 09 Puts on ACE1 GR,ACE 09/18/09 P15,Equity Option,Option,Equity,GR,Equity,filter
BBG0001SJQV4,September 09 Calls on ACE1 GR,ACE 09/18/09 C15,Equity Option,Option,Equity,GR,Equity,filter
BBG0001SJQW3,September 09 Puts on ACE1 GR,ACE 09/18/09 P15.5,Equity Option,Option,Equity,GR,Equity,filter
BBG0001SJQX2,September 09 Calls on ACE1 GR,ACE 09/18/09 C15.5,Equity Option,Option,Equity,GR,Equity,filter
BBG0001SJQY1,September 09 Puts on ACE1 GR,ACE 09/18/09 P16,Equity Option,Option,Equity,GR,Equity,filter
BBG0001SJQZ0,September 09 Calls on ACE1 GR,ACE 09/18/09 C16,Equity Option,Option,Equity,GR,Equity,filter
BBG0001SJR06,September 09 Puts on ACE1 GR,ACE 09/18/09 P16.5,Equity Option,Option,Equity,GR,Equity,filter
BBG0001SJR15,September 09 Calls on ACE1 GR,ACE 09/18/09 C16.5,Equity Option,Option,Equity,GR,Equity,filter
BBG0001SJR24,September 09 Puts on ACE1 GR,ACE 09/18/09 P17,Equity Option,Option,Equity,GR,Equity,filter
BBG0001SJR33,September 09 Calls on ACE1 GR,ACE 09/18/09 C17,Equity Option,Option,Equity,GR,Equity,filter
BBG0001SJR42,September 09 Puts on ACE1 GR,ACE 09/18/09 P17.5,Equity Option,Option,Equity,GR,Equity,filter
BBG0001SJR51,September 09 Calls on ACE1 GR,ACE 09/18/09 C17.5,Equity Option,Option,Equity,GR,Equity,filter
BBG0001SJR60,September 09 Puts on ACE1 GR,ACE 09/18/09 P18,Equity Option,Option,Equity,GR,Equity,filter
BBG0001SJR79,September 09 Calls on ACE1 GR,ACE 09/18/09 C18,Equity Option,Option,Equity,GR,Equity,filter
BBG0001SJR88,September 09 Puts on ACE1 GR,ACE 09/18/09 P18.5,Equity Option,Option,Equity,GR,Equity,filter
BBG0001SJR97,September 09 Calls on ACE1 GR,ACE 09/18/09 C18.5,Equity Option,Option,Equity,GR,Equity,filter
BBG0001SJRB4,September 09 Puts on ACE1 GR,ACE 09/18/09 P19,Equity Option,Option,Equity,GR,Equity,filter
BBG0001SJRC3,September 09 Calls on ACE1 GR,ACE 09/18/09 C19,Equity Option,Option,Equity,GR,Equity,filter
BBG0001SJRD2,September 09 Puts on ACE1 GR,ACE 09/18/09 P19.5,Equity Option,Option,Equity,GR,Equity,filter
BBG0001SJRF0,September 09 Calls on ACE1 GR,ACE 09/18/09 C19.5,Equity Option,Option,Equity,GR,Equity,filter
BBG0001SJRG9,September 09 Puts on ACE1 GR,ACE 09/18/09 P20,Equity Option,Option,Equity,GR,Equity,filter
BBG0001SJRH8,September 09 Calls on ACE1 GR,ACE 09/18/09 C20,Equity Option,Option,Equity,GR,Equity,filter
BBG0001SJRJ6,October 09 Puts on ACE1 GR,ACE 10/16/09 P.01,Equity Option,Option,Equity,GR,Equity,filter
BBG0001SJRK4,October 09 Calls on ACE1 GR,ACE 10/16/09 C.01,Equity Option,Option,Equity,GR,Equity,filter
BBG0001SJRL3,October 09 Puts on ACE1 GR,ACE 10/16/09 P12,Equity Option,Option,Equity,GR,Equity,filter
BBG0001SJRM2,October 09 Calls on ACE1 GR,ACE 10/16/09 C12,Equity Option,Option,Equity,GR,Equity,filter
BBG0001SJRN1,October 09 Puts on ACE1 GR,ACE 10/16/09 P12.5,Equity Option,Option,Equity,GR,Equity,filter
BBG0001SJRP9,October 09 Calls on ACE1 GR,ACE 10/16/09 C12.5,Equity Option,Option,Equity,GR,Equity,filter
BBG000009KS4,GOLDMAN SACHS & CO WERT,GS 0 01/26/11 001I,EURO-ZONE,Corp,Corp,FF ZERTIFIKATE,Bond,filter
BBG000009L93,MEDIOBANCA,BACRED V0 06/30/11,EURO-ZONE,Corp,Corp,MILAN,Bond,filter
BBG000009LH4,COMMERZBANK AG,CMZB 0 PERP 06AV,EURO-ZONE,Corp,Corp,FF ZERTIFIKATE,Bond,filter
BBG000009LP5,DEUTSCHE BANK AG,DB 0 PERP 258,EURO-ZONE,Corp,Corp,FF ZERTIFIKATE,Bond,filter
BBG000009LT1,UBS AG LONDON,UBS 0 08/11/10 81,DOMESTIC,Corp,Corp,EUWAX STUTTGART,Bond,filter
BBG000009LZ4,HSBC TRINKAUS+BURKHARDT,TRIBUK 0 PERP 9789,EURO-ZONE,Corp,Corp,EUWAX STUTTGART,Bond,filter
BBG000009MC7,HSBC TRINKAUS+BURKHARDT,TRIBUK 0 PERP 2526,EURO-ZONE,Corp,Corp,EUWAX STUTTGART,Bond,filter
BBG000009N44,VOLKSBANK DREIEICH,VBKDRE 3.7 01/25/07 ++66,EURO-ZONE,Corp,Corp,NOT LISTED,Bond,filter
BBG000009NB6,COMMERZBANK AG,CMZB 0 PERP 133,EURO-ZONE,Corp,Corp,FRANKFURT,Bond,filter
BBG000009P21,COMMERZBANK AG,CMZB 0 PERP D789,EURO-ZONE,Corp,Corp,EUWAX STUTTGART,Bond,filter
BBG000009PC0,COMMERZBANK AG,CMZB 0 PERP 3676,EURO-ZONE,Corp,Corp,EUWAX STUTTGART,Bond,filter
BBG000009PD9,BARCLAYS BANK PLC,BACR 8 08/27/10 0000,EURO MTN,Corp,Corp,NOT LISTED,Bond,filter
BBG000009Q01,UBS AG LONDON,UBS 0 08/11/10 82,DOMESTIC,Corp,Corp,EUWAX STUTTGART,Bond,filter
BBG000009Q83,COMMERZBANK AG,CMZB 0 PERP 0B0P,EURO-ZONE,Corp,Corp,EURONEXT-PARIS,Bond,filter
BBG000009QG4,BNP EMISSION-U. HANDELSG,BNP 0 09/26/08 SIE,EURO-ZONE,Corp,Corp,FRANKFURT,Bond,filter
BBG000009QR2,SOCIETE GEN ACCEPTANCE,SOCGEN 0 05/14/14 BSKT,EURO MTN,Corp,Corp,LUXEMBOURG,Bond,filter
BBG000009R18,COMMERZBANK AG,CMZB 0 PERP D593,EURO-ZONE,Corp,Corp,EUWAX STUTTGART,Bond,filter
BBG000009RJ9,COMMERZBANK AG,CMZB 0 PERP E595,EURO-ZONE,Corp,Corp,EUWAX STUTTGART,Bond,filter
BBG000009RW4,DZ BANK AG,DZBK 4.4 08/25/10 EMTN,EURO MTN,Corp,Corp,FRANKFURT,Bond,filter
BBG000009T96,ATLANTEO CAPITAL LTD,ATLCAP V0 11/30/32 153,EURO MTN,Corp,Corp,LUXEMBOURG,Bond,filter
BBG000009TR6,COMMERZBANK AG,CMZB 0 PERP AGN1,EURO-ZONE,Corp,Corp,STUTTGART,Bond,filter
BBG000009TV1,ERSTE GROUP BANK AG,ERSTBK 5.31 05/15/28 EMTN,EURO MTN,Corp,Corp,NOT LISTED,Bond,filter
BBG000009TW0,JP MORGAN STRUCTURED PRO,JPM 7 09/27/10 0000,EURO MTN,Corp,Corp,NOT LISTED,Bond,filter
BBG000009TY8,OESTERREICH VOLKSBANKEN,IMIGON 0 02/24/13 BSKT,EURO MTN,Corp,Corp,VIENNA,Bond,filter
BBG000009V91,COMMERZBANK AG,CMZB 0 PERP N915,EURO-ZONE,Corp,Corp,FF ZERTIFIKATE,Bond,filter
BBG000009W26,SOC GENERALE EFFECTENBK,SOCGEN 0 PERP EOA1,EURO-ZONE,Corp,Corp,FRANKFURT,Bond,filter
BBG000009W99,SOC GENERALE EFFECTENBK,SOCGEN 0 PERP EOA2,EURO-ZONE,Corp,Corp,FRANKFURT,Bond,filter
BBG000009WP1,GOLDMAN SACHS & CO WERT,GS 0 PERP USJY,EURO-ZONE,Corp,Corp,FRANKFURT,Bond,filter
BBG000009X06,GOLDMAN SACHS & CO WERT,GS 0 PERP USJy,EURO-ZONE,Corp,Corp,FRANKFURT,Bond,filter
BBG000009XN1,COMMERZBANK AG,CMZB 0 PERP 0P7G,EURO-ZONE,Corp,Corp,EURONEXT-PARIS,Bond,filter
BBG000009XR7,COMMERZBANK AG,CMZB 0 PERP ALT1,EURO-ZONE,Corp,Corp,STUTTGART,Bond,filter
BBG000009XS6,DEUTSCHE BANK AG LONDON,DB 0 03/31/14 DBAC,EURO MTN,Corp,Corp,NOT LISTED,Bond,filter
BBG000009XW1,SOC GENERALE EFFECTENBK,SOCGEN 0 PERP EDF1,EURO-ZONE,Corp,Corp,FRANKFURT,Bond,filter
BBG000009Y77,COMMERZBANK AG,CMZB 0 PERP 3524,EURO-ZONE,Corp,Corp,FF ZERTIFIKATE,Bond,filter
BBG000009YW9,HSBC TRINKAUS+BURKHARDT,TRIBUK 0 PERP 146,EURO-ZONE,Corp,Corp,FRANKFURT,Bond,filter
BBG000009ZC8,RAIFFEISEN BANK INTL,RBIAV 0 PERP 00QX,EURO-ZONE,Corp,Corp,FF ZERTIFIKATE,Bond,filter
BBG000009ZJ1,ROYAL BK OF SCOTLAND NV,RBS 0 12/29/13,EURO-ZONE,Corp,Corp,NOT LISTED,Bond,filter
BBG000009ZQ3,UNICREDIT FAMILY FIN BK,UCGIM F 03/15/16,EURO-ZONE,Corp,Corp,NOT LISTED,Bond,filter
BBG00000B041,UBS AG LONDON,UBS V0 10/15/29 +++B,EURO NON-DOLLAR,Corp,Corp,LUXEMBOURG,Bond,filter
BBG00000B078,DEUTSCHE BANK AG,DB 0 PERP 02GP,EURO-ZONE,Corp,Corp,EUWAX STUTTGART,Bond,filter
BBG00000B096,COMMERZBANK AG,CMZB 0 PERP 846B,EURO-ZONE,Corp,Corp,EURONEXT-PARIS,Bond,filter
BBG00000B0C2,ALLEGRO INVEST CORP SA,ALLINV 6 04/16/12 EMTN,EURO MTN,Corp,Corp,FRANKFURT,Bond,filter
BBG00000B0P8,DEUTSCHE BANK AG,DB 0 PERP DAX4,EURO-ZONE,Corp,Corp,FRANKFURT,Bond,filter
BBG00000B112,NOMURA BANK INTL PLC,NOMURA V0 12/18/14 0001,EURO NON-DOLLAR,Corp,Corp,NOT LISTED,Bond,filter
BBG00000B130,UBS AG LONDON,UBS 0 06/29/12 125,DOMESTIC,Corp,Corp,EUWAX STUTTGART,Bond,filter
BBG00000B149,COMMERZBANK AG,CMZB 0 PERP Y624,EURO-ZONE,Corp,Corp,EURONEXT-PARIS,Bond,filter
BBG00000B185,ROYAL BK OF SCOTLAND PLC,NWG V0 04/05/12,EURO NON-DOLLAR,Corp,Corp,NOT LISTED,Bond,filter
BBG00000B1C0,BNP EMISSION-U. HANDELSG,BNP 0 PERP 8122,EURO-ZONE,Corp,Corp,EUWAX STUTTGART,Bond,filter
BBG00000B1T2,DEUTSCHE BANK AG,DB 0 10/29/49 AWD,EURO-ZONE,Corp,Corp,FRANKFURT,Bond,filter
BBG00000B2K9,VALUE HOLDINGS AG,VALUE 7 11/01/13,EURO-ZONE,Corp,Corp,MUNICH,Bond,filter
BBG00000B2Z3,MERRILL LYNCH BV,BAC V0 04/24/17 EMTN,EURO MTN,Corp,Corp,LUXEMBOURG,Bond,filter
BBG00000B345,RADIAN,ACAFP V3.43 12/17/12,EURO-ZONE,Corp,Corp,EURONEXT-PARIS,Bond,filter
BBG00000B372,HYPO-WOHNBAUBANK AG,HYPOBK V0 01/15/17 +++4,EURO-ZONE,Corp,Corp,VIENNA,Bond,filter
BBG00000B3P2,HAEMATO AG,HAEGR 8 PERP +++1,EURO-ZONE,Corp,Corp,FRANKFURT,Bond,filter
BBG00000B489,COMMERZBANK AG,CMZB 0 PERP Y625,EURO-ZONE,Corp,Corp,EURONEXT-PARIS,Bond,filter
BBG00000B498,RAIFFEISEN BANK INTL,RBIAV 4.53 01/16/13 EMTN,EURO MTN,Corp,Corp,VIENNA,Bond,filter
BBG00000B4L4,SOC GENERALE EFFECTENBK,SOCGEN 0 PERP EDF2,EURO-ZONE,Corp,Corp,FRANKFURT,Bond,filter
BBG00000B4P0,DZ BANK AG,DZBK 3.05 11/07/11 2410,EURO-ZONE,Corp,Corp,NOT LISTED,Bond,filter
BBG00000B540,GOLDMAN SACHS & CO WERT,GS 0 01/26/11 001X,EURO-ZONE,Corp,Corp,FF ZERTIFIKATE,Bond,filter
BBG00000B577,DEUTSCHE BANK AG,DB 0 PERP 1537,EURO-ZONE,Corp,Corp,EUWAX STUTTGART,Bond,filter
BBG00000B5Q6,COMMERZBANK AG,CMZB 0 PERP 32,EURO-ZONE,Corp,Corp,FRANKFURT,Bond,filter
BBG00000B6P5,GOLDMAN SACHS & CO WERT,GS 0 PERP 8752,EURO-ZONE,Corp,Corp,FF ZERTIFIKATE,Bond,filter
BBG00000B6Z4,MONTE DEI PASCHI SIENA,MONTE 7 03/04/19 EMTN,EURO MTN,Corp,Corp,NOT LISTED,Bond,filter
BBG00000B7D6,LB SCHLESWIG-HOLSTEIN,HCOB F 12/02/04 3862,EURO-ZONE,Corp,Corp,HAMBURG,Bond,filter
BBG00000B7J0,HSBC TRINKAUS+BURKHARDT,TRIBUK 0 PERP 2511,EURO-ZONE,Corp,Corp,EUWAX STUTTGART,Bond,filter
BBG00000B7R1,EARLS FOUR LTD #445,EARLS V0 01/05/11 EMTN,EURO MTN,Corp,Corp,LUXEMBOURG,Bond,filter
BBG00000B7S0,DEUTSCHE BANK AG,DB 0 PERP 06HM,EURO-ZONE,Corp,Corp,EUWAX STUTTGART,Bond,filter
BBG00000B7T9,COMMERZBANK AG,CMZB 0 04/23/08 254,EURO-ZONE,Corp,Corp,EUWAX STUTTGART,Bond,filter
BBG00000B880,BNP EMISSION-U. HANDELSG,BNP 0 PERP H011,EURO-ZONE,Corp,Corp,EUWAX STUTTGART,Bond,filter
BBG00000B8M4,DEUTSCHE BANK AG LONDON,DB 0 12/29/49 INdX,EURO-ZONE,Corp,Corp,NOT LISTED,Bond,filter
BBG00000B9H8,COMMERZBANK AG,CMZB 0 PERP EUCH,EURO-ZONE,Corp,Corp,EUWAX STUTTGART,Bond,filter
BBG00000B9R7,HSBC TRINKAUS+BURKHARDT,TRIBUK 0 PERP C619,EURO-ZONE,Corp,Corp,EUWAX STUTTGART,Bond,filter
BBG00000BB01,UBS AG LONDON,UBS 0 07/30/10,DOMESTIC,Corp,Corp,SIX STRUCTURED,Bond,filter
BBG00000BB74,CREDIT SUISSE FB INTL,CS V0 05/31/11,PRIV PLACEMENT,Corp,Corp,LUXEMBOURG,Bond,filter
BBG00000BBY4,ONO FINANCE PLC,ONOSM 13 05/01/09 AUT,PRIV PLACEMENT,Corp,Corp,PORTAL,Bond,filter
BBG00000BCF3,DEUTSCHE GENOSSEN-HYPOBK,DZHYP F 01/25/13 EMTN,EURO MTN,Corp,Corp,HAMBURG,Bond,filter
BBG00000BCS9,HSBC TRINKAUS+BURKHARDT,TRIBUK 0 PERP DB1,EURO-ZONE,Corp,Corp,FRANKFURT,Bond,filter
BBG00000BCY2,BANCA NAZIONALE LAVORO,LAVORO 2.2 12/30/12,EURO-ZONE,Corp,Corp,NOT LISTED,Bond,filter
BBG00000BD43,SALZBURG LAND HYPO AG,RFLBOB V0 05/15/13,EURO-ZONE,Corp,Corp,VIENNA,Bond,filter
BBG00000BDD3,SOC GENERALE EFFECTENBK,SOCGEN 0 PERP FME2,EURO-ZONE,Corp,Corp,FRANKFURT,Bond,filter
BBG00000BDL4,COMMERZBANK AG,CMZB 0 PERP 3667,EURO-ZONE,Corp,Corp,EUWAX STUTTGART,Bond,filter
BBG00000BDS7,NOMURA BANK INTL PLC,NOMURA 7 02/05/15 0000,EURO NON-DOLLAR,Corp,Corp,NOT LISTED,Bond,filter
BBG00000BDW2,ATLANTEO CAPITAL LTD,ATLCAP V0 08/31/16 83,EURO MTN,Corp,Corp,LUXEMBOURG,Bond,filter
BBG00000BFC9,COMMERZBANK AG,CMZB 0 PERP 0IF3,EURO-ZONE,Corp,Corp,EURONEXT-PARIS,Bond,filter
BBG00000BG64,RAIFFEISEN BANK INTL,RBIAV 4.815 01/15/14 EMTN,EURO MTN,Corp,Corp,VIENNA,Bond,filter
BBG00000BG82,RAIFFEISEN LB STEIERMARK,RFLBST 4 01/16/19 3PP,EURO-ZONE,Corp,Corp,VIENNA,Bond,filter
BBG00000BGK8,HSBC TRINKAUS+BURKHARDT,TRIBUK 0 PERP EUS1,EURO-ZONE,Corp,Corp,FRANKFURT,Bond,filter
BBG000009NY1,INVESCO ENGLISH & INTL,IVZ 10.625 09/30/14,DOMESTIC,Corp,Corp,NOT LISTED,Bond,filter
BBG00000B7F4,RESORT HOTELS PLC,RHTLN 12.375 12/31/16,DOMESTIC,Corp,Corp,NOT LISTED,Bond,filter
BBG00000B8W3,BRITISH LAND,BLNDLN 10.25 03/26/12,EURO NON-DOLLAR,Corp,Corp,LUXEMBOURG,Bond,filter
BBG00000B9X0,NOMURA BANK INTL PLC,NOMURA V0 12/18/14 0002,EURO NON-DOLLAR,Corp,Corp,NOT LISTED,Bond,filter
BBG00000BB92,ROYAL BK OF SCOTLAND PLC,NWG V0 12/06/11 EMtN,EURO MTN,Corp,Corp,NOT LISTED,Bond,filter
BBG00000BJ68,AMERICAN INTL GROUP,AIG V0 03/15/37 A2,GLOBAL,Corp,Corp,NOT LISTED,Bond,filter
BBG00000BK38,LLOYDS TSB BANK PLC,LLOYDS F 06/13/11 EmTN,EURO MTN,Corp,Corp,NOT LISTED,Bond,filter
BBG00000BM61,SWAN GROUP,SEWLTD 5 PERP,DOMESTIC,Corp,Corp,NOT LISTED,Bond,filter
BBG00000BM98,SWAN GROUP,SEWLTD 4 PERP ++1,DOMESTIC,Corp,Corp,NOT LISTED,Bond,filter
BBG00000BMB5,WREXHAM WATER PLC,WREX 3.5 PERP,DOMESTIC,Corp,Corp,NOT LISTED,Bond,filter
BBG00000BNG8,NOMURA BANK INTL PLC,NOMURA 7.5 02/05/15 0000,EURO NON-DOLLAR,Corp,Corp,NOT LISTED,Bond,filter
BBG00000BR15,GOLDMAN SACHS & CO WERT,GS 0 01/28/11 0003,DOMESTIC,Corp,Corp,LUXEMBOURG,Bond,filter
BBG00000BZC5,ICICI BANK UK PLC,ICICI F 12/28/17 EMTN,EURO MTN,Corp,Corp,NOT LISTED,Bond,filter
BBG00000C139,ALLIANCE TRUST,ATST 4.5 PERP,DOMESTIC,Corp,Corp,NOT LISTED,Bond,filter
BBG00000CBW5,SWAN GROUP,SEWLTD 4 PERP ++2,DOMESTIC,Corp,Corp,NOT LISTED,Bond,filter
BBG00000CCH0,RABOBANK STRUCTURED PROD,RABOBK 0 11/28/10 0000,DOMESTIC,Corp,Corp,SIX STRUCTURED,Bond,filter
BBG00000CH61,AMP GROUP FINANCE SERV,AMPAU 6.875 08/23/22,EURO NON-DOLLAR,Corp,Corp,LUXEMBOURG,Bond,filter
BBG00000CKN5,RAILTRACK PLC,RAITRA 3.5 03/18/09 REGS,EURO NON-DOLLAR,Corp,Corp,LONDON,Bond,filter
BBG00000CMW1,REAL HOTEL CO LTD,RHCLN 11.125 07/01/15,DOMESTIC,Corp,Corp,LONDON,Bond,filter
BBG00000CQJ7,ROYAL BK OF SCOTLAND PLC,NWG 10.5 03/01/13,EURO NON-DOLLAR,Corp,Corp,LONDON,Bond,filter
BBG00000CRP8,RAILTRACK PLC,RAITRA 3.5 03/18/09 144A,PRIV PLACEMENT,Corp,Corp,LONDON,Bond,filter
BBG00000CS49,PEEL SOUTH EAST LTD,PEELLN 12.5 04/30/20,DOMESTIC,Corp,Corp,LONDON,Bond,filter
BBG00000CSG6,PEEL SOUTH EAST LTD,PEELLN 11.625 04/30/18,DOMESTIC,Corp,Corp,LONDON,Bond,filter
BBG00000CSS3,PEEL SOUTH EAST LTD,PEELLN 10 04/30/26,DOMESTIC,Corp,Corp,LONDON,Bond,filter
BBG00000CVS6,EUROPEAN INVESTMENT BANK,EIB 8.75 08/25/17,EURO NON-DOLLAR,Corp,Corp,LSE-RETAIL,Bond,filter
BBG00000CZ16,SOUTH EAST WATER LTD,MIDWTR 11 06/30/16,DOMESTIC,Corp,Corp,LONDON,Bond,filter
BBG00000CZC4,NOMURA BANK INTL PLC,NOMURA V0 02/12/15 0000,EURO NON-DOLLAR,Corp,Corp,NOT LISTED,Bond,filter
BBG00000D744,SCOTTISH INVT TRUST PLC,SCIN 5 PERP,DOMESTIC,Corp,Corp,NOT LISTED,Bond,filter
BBG00000D7J8,ASHPOL PLC,ALLLON 10.75 12/31/25,DOMESTIC,Corp,Corp,NOT LISTED,Bond,filter
BBG00000D7L5,BRIXTON LTD,SGROLN 9.5 12/31/26,DOMESTIC,Corp,Corp,NOT LISTED,Bond,filter
BBG00000D7M4,BLD PROPERTY HOLDINGS,BLNDLN 10.3125 10/01/11,DOMESTIC,Corp,Corp,LONDON,Bond,filter
BBG00000D7X2,DE VERE GROUP PLC,DVRLN 11.5 03/24/14 +RG,DOMESTIC,Corp,Corp,NOT LISTED,Bond,filter
BBG00000D7Y1,BRIXTON LTD,SGROLN 11.25 12/31/23,DOMESTIC,Corp,Corp,NOT LISTED,Bond,filter
BBG00000D833,BRIXTON LTD,SGROLN 11.75 03/31/18,DOMESTIC,Corp,Corp,NOT LISTED,Bond,filter
BBG00000D860,DUNEDIN INCOME GROWTH,FSAMTR 11.5 01/31/16,DOMESTIC,Corp,Corp,NOT LISTED,Bond,filter
BBG00000D879,ESTATES & GENL INVESTMNT,ESGN 11.25 12/31/18,DOMESTIC,Corp,Corp,NOT LISTED,Bond,filter
BBG00000D888,U AND I GROUP PLC,UAILN 11 01/06/16,DOMESTIC,Corp,Corp,LONDON,Bond,filter
BBG00000D8B4,CITY SITE ESTATES PLC,CSELN 10.5 03/31/17,DOMESTIC,Corp,Corp,NOT LISTED,Bond,filter
BBG00000DCC4,BAA LYNTON PLC,LPP 10.25 07/31/17,DOMESTIC,Corp,Corp,LONDON,Bond,filter
BBG00000DD87,MEPC PLC,MEPC 12 09/30/17,DOMESTIC,Corp,Corp,LONDON,Bond,filter
BBG00000DDT4,WOLVERHAMPTON & DUDLEY,MARSLN 11.5 10/01/10,DOMESTIC,Corp,Corp,LONDON,Bond,filter
BBG00000DDX9,AMER EXPRESS CREDIT CO,AXP 5.375 10/01/14 EMTN,EURO MTN,Corp,Corp,LUXEMBOURG,Bond,filter
BBG00000DFK8,PEACHY PROPERTY CORP,PCHY 9.5 10/15/15,DOMESTIC,Corp,Corp,NOT LISTED,Bond,filter
BBG00000DFM6,MONKS INVESTMENT TRUST,MNKSLN 11 06/01/12,DOMESTIC,Corp,Corp,LONDON,Bond,filter
BBG00000DFN5,MERIVALE MOORE PLC,MVM 10.5 12/31/20,DOMESTIC,Corp,Corp,LONDON,Bond,filter
BBG00000DFS0,PEACHEY PROPERTY CORP,PCHY 10.75 10/15/15,DOMESTIC,Corp,Corp,NOT LISTED,Bond,filter
BBG00000DG44,QUEENS MOAT HOUSES,QMOT 12 12/31/13,DOMESTIC,Corp,Corp,NOT LISTED,Bond,filter
BBG00000DHT5,THROGMORTON TRUST PLC,THRG 12.3125 11/30/10,DOMESTIC,Corp,Corp,NOT LISTED,Bond,filter
BBG00000DJ84,EAST WORCESTERSHIRE WTR,SVTLN 5 PERP,DOMESTIC,Corp,Corp,NOT LISTED,Bond,filter
BBG00000DJH4,TRIBUNE TRUST PLC,TBNE 9.125 06/30/12,DOMESTIC,Corp,Corp,NOT LISTED,Bond,filter
BBG00000DJY5,TT FINANCE PLC,THRG 11.3125 11/30/18,DOMESTIC,Corp,Corp,NOT LISTED,Bond,filter
BBG00000DK18,HOUSING FINANCE CORP LTD,HOUSFN 5 09/30/27,DOMESTIC,Corp,Corp,LONDON,Bond,filter
BBG00000DM69,PINTON ESTATES PLC,LETINV 11.25 03/03/12,DOMESTIC,Corp,Corp,NOT LISTED,Bond,filter
BBG00000DM87,SCOTTISH MTGE & TRUST,SMTLN 12 06/30/26,DOMESTIC,Corp,Corp,LONDON,Bond,filter
BBG00000DMD1,SCOTTISH MTGE & TRUST,SMTLN 14 09/30/20,DOMESTIC,Corp,Corp,LONDON,Bond,filter
BBG00000DN85,REVS LIMITED,REVS 8.5 04/09/21 MTN1,EURO MTN,Corp,Corp,LONDON,Bond,filter
BBG00000DNX7,UBS AG LONDON,UBS 0 12/21/10,DOMESTIC,Corp,Corp,LUXEMBOURG,Bond,filter
BBG00000DP53,COLLATERALISED MTGE SECS,NATHL F 05/31/30 +B,EURO NON-DOLLAR,Corp,Corp,NOT LISTED,Bond,filter
BBG00000DPB6,TMC PIMBS 4TH FINANCING,C F 04/30/29 ++5,EURO NON-DOLLAR,Corp,Corp,LONDON,Bond,filter
BBG00000DPZ0,NOMURA BANK INTL PLC,NOMURA 0.4833 03/21/16 0000,EURO NON-DOLLAR,Corp,Corp,NOT LISTED,Bond,filter
BBG00000DW67,COMMONWEALTH BANK AUST,CBAAU 5.72 08/27/10 EMTN,EURO MTN,Corp,Corp,NOT LISTED,Bond,filter
BBG00000F0X5,CENTRICA PLC,CNALN 6.4 09/04/26 EMTN,EURO MTN,Corp,Corp,LONDON,Bond,filter
BBG00000FDL0,UBS AG JERSEY BRANCH,UBS F 03/11/11 EmTN,EURO MTN,Corp,Corp,NOT LISTED,Bond,filter
BBG00000FJS0,PEEL LAND & PROPERTY INV,PEELLN 4 PERP 2,DOMESTIC,Corp,Corp,NOT LISTED,Bond,filter
BBG00000FJT9,PEEL LAND & PROPERTY INV,PEELLN 4 PERP 1,DOMESTIC,Corp,Corp,NOT LISTED,Bond,filter
BBG00000FKS7,PEEL LAND & PROPERTY INV,PEELLN 3.5 PERP,DOMESTIC,Corp,Corp,NOT LISTED,Bond,filter
BBG00000FP97,NOMURA BANK INTL PLC,NOMURA V0 03/05/15 0001,EURO NON-DOLLAR,Corp,Corp,NOT LISTED,Bond,filter
BBG00000G0L7,PEEL LAND & PROPERTY INV,PEELLN 4 PERP,DOMESTIC,Corp,Corp,NOT LISTED,Bond,filter
BBG00000G153,MERCHANTS TRUST PLC,MRCH 4 PERP,DOMESTIC,Corp,Corp,LONDON,Bond,filter
BBG00000G288,MERSEY DOCKS & HARBOUR,MDKLN 3.625 PERP,DOMESTIC,Corp,Corp,NOT LISTED,Bond,filter
BBG00000G6K5,SOUTH EAST WATER LTD,HASLUX 3.5 PERP,DOMESTIC,Corp,Corp,LONDON,Bond,filter
BBG00000G983,SOUTH EAST WATER LTD,MIDWTR 10 06/30/17,DOMESTIC,Corp,Corp,LONDON,Bond,filter
BBG00000G9P4,BRITISH & COMMONWEALTH,BCOMLN 10.5 07/31/12,DOMESTIC,Corp,Corp,CENT ANOTACIONE,Bond,filter
BBG00000GCZ6,MURRAY INTERNATIONAL TST,MYILN 4 PERP,DOMESTIC,Corp,Corp,LONDON,Bond,filter
BBG00000GDK0,ROYAL BK OF SCOTLAND PLC,NWG 5.68 10/20/10 EMTN,EURO MTN,Corp,Corp,NOT LISTED,Bond,filter
BBG00000GG14,NATIONWIDE BLDG SOCIETY,NWIDE 3.875 07/30/21,DOMESTIC,Corp,Corp,LONDON,Bond,filter
BBG00000GGZ7,SAFEWAY LTD,MRWLN 6.125 12/17/18,EURO NON-DOLLAR,Corp,Corp,LONDON,Bond,filter
BBG00000GJY2,HPC KINGS COLLEGE HOSPIT,KCH 3.443 03/31/36,EURO NON-DOLLAR,Corp,Corp,LONDON,Bond,filter
BBG00000GMQ4,PENINSULAR & ORIENTAL,PO 3.5 PERP,DOMESTIC,Corp,Corp,NOT LISTED,Bond,filter
BBG00000GMX6,PENINSULAR & ORIENTAL,PO 3.5 PERP +2,DOMESTIC,Corp,Corp,NOT LISTED,Bond,filter
BBG00000GPW0,PORTSMOUTH WATER,PWTR 3.5 PERP,DOMESTIC,Corp,Corp,NOT LISTED,Bond,filter
BBG00000GR92,JPMORGAN GLOBAL G&I,JPGILN 5.75 04/17/30 BR,EURO NON-DOLLAR,Corp,Corp,LONDON,Bond,filter
BBG00000GRD7,BANQUE INTERNATIONAL LUX,BANQUE 0 12/30/13 0000,EURO MTN,Corp,Corp,NOT LISTED,Bond,filter
BBG00000GZ03,TXU EASTERN FUNDING CO,TXUFND 7.25 03/08/30 EMTN,EURO MTN,Corp,Corp,LUXEMBOURG,Bond,filter
BBG00000H3B1,AFFINTY WATER LTD,AFFNTY 4 PERP,DOMESTIC,Corp,Corp,NOT LISTED,Bond,filter
BBG00000H6L3,RIVER PLATE & GENERAL,RPGC 4 PERP,DOMESTIC,Corp,Corp,NOT LISTED,Bond,filter
BBG00000H7N9,SAINSBURY (J) PLC,SBRYLN 8 PERP,DOMESTIC,Corp,Corp,LONDON,Bond,filter
BBG00000H8G5,SAVOY HOTEL PLC,SVOY 4 PERP ++1,DOMESTIC,Corp,Corp,LONDON,Bond,filter
BBG00000HB41,AEGON LTD,AEGON 6.125 12/15/31 EMTN,EURO MTN,Corp,Corp,LONDON,Bond,filter
BBG00000HB78,THREE VALLEYS WATER PLC,AFFNTY 4 PERP ++1,DOMESTIC,Corp,Corp,NOT LISTED,Bond,filter
BBG00000HBJ5,SCOTTISH INVT TRUST PLC,SCIN 4 PERP,DOMESTIC,Corp,Corp,NOT LISTED,Bond,filter
BBG00000HC21,AFFINITY WATER LTD,AFFNTY 5 PERP,DOMESTIC,Corp,Corp,NOT LISTED,Bond,filter
BBG00000HC76,SCOTTISH INVT TRUST PLC,SCIN 4.25 PERP,DOMESTIC,Corp,Corp,NOT LISTED,Bond,filter
BBG00000HD56,AFFINITY WATER LTD,AFFNTY 3.5 PERP,DOMESTIC,Corp,Corp,NOT LISTED,Bond,filter
BBG00000HFH8,CIE FINANCEMENT FONCIER,CFF 10.25 08/18/14 +RG,BULLDOG,Corp,Corp,LONDON,Bond,filter
BBG00000HFM2,ELECTRICITE DE FRANCE,EDF 11.75 05/17/12 ++RG,BULLDOG,Corp,Corp,LONDON,Bond,filter
BBG00000HFT5,INTER-AMERICAN DEVEL BK,IADB 9.75 05/15/15 ++RG,BULLDOG,Corp,Corp,LONDON,Bond,filter
BBG00000HFV2,INTL BK RECON & DEVELOP,IBRD 9.5 09/24/10 +RG,BULLDOG,Corp,Corp,LONDON,Bond,filter
BBG00000HND5,STANDARD CHARTERED PLC,STANLN F PERP,EURO NON-DOLLAR,Corp,Corp,LONDON,Bond,filter
BBG00000B2C8,FRANCE O.A.T. STRIP,FRTRS 0 10/25/10,EURO-ZONE,Govt,Govt,EURONEXT-PARIS,Bond,filter
BBG00000B2Q3,FRANCE O.A.T. STRIP,FRTRS 0 10/25/11,EURO-ZONE,Govt,Govt,EURONEXT-PARIS,Bond,filter
BBG00000B354,FRANCE O.A.T. STRIP,FRTRS 0 10/25/12,EURO-ZONE,Govt,Govt,EURONEXT-PARIS,Bond,filter
BBG00000B3J9,FRANCE O.A.T. STRIP,FRTRS 0 10/25/14,EURO-ZONE,Govt,Govt,EURONEXT-PARIS,Bond,filter
BBG00000B3K7,FRANCE O.A.T. STRIP,FRTRS 0 10/25/13,EURO-ZONE,Govt,Govt,EURONEXT-PARIS,Bond,filter
BBG00000B3M5,FRANCE O.A.T. STRIP,FRTRS 0 10/25/15,EURO-ZONE,Govt,Govt,EURONEXT-PARIS,Bond,filter
BBG00000B6T1,FRANCE O.A.T. STRIP,FRTRS 0 10/25/16,EURO-ZONE,Govt,Govt,EURONEXT-PARIS,Bond,filter
BBG00000B773,FRANCE O.A.T. STRIP,FRTRS 0 10/25/17,EURO-ZONE,Govt,Govt,EURONEXT-PARIS,Bond,filter
BBG00000B782,FRANCE O.A.T. PRINCIPAL,FRTRR 0 10/25/19,EURO-ZONE,Govt,Govt,EURONEXT-PARIS,Bond,filter
BBG00000B7K8,FRANCE O.A.T. STRIP,FRTRS 0 10/25/18,EURO-ZONE,Govt,Govt,EURONEXT-PARIS,Bond,filter
BBG00000B7P3,FRANCE O.A.T. STRIP,FRTRS 0 10/25/19,EURO-ZONE,Govt,Govt,EURONEXT-PARIS,Bond,filter
BBG00000BBN6,CO OPI,COMOPI V0 06/30/26,EURO-ZONE,Govt,Govt,NOT LISTED,Bond,filter
BBG00000BWS5,LAND SCHLESWIG-HOLSTEIN,SCHHOL 5.51 12/15/10 +++2,EURO-ZONE,Govt,Govt,HAMBURG,Bond,filter
BBG00000C718,FRANCE (GOVT OF),FRTR 6.5 04/25/11,EURO-ZONE,Govt,Govt,EURONEXT-PARIS,Bond,filter
BBG00000DDD1,LAND NORDRHEIN-WESTFALEN,NRW 5.36 07/16/18 +335,EURO-ZONE,Govt,Govt,DUSSELDORF,Bond,filter
BBG00000DGR9,REPUBLIC OF POLAND,POLAND 5.5 02/14/11,EURO NON-DOLLAR,Govt,Govt,FRANKFURT,Bond,filter
BBG00000DPY1,NETHERLAND GOVT STRIP,NETHRS 0 01/15/20 JA23,EURO-ZONE,Govt,Govt,EURONEXT-AMSTER,Bond,filter
BBG00000DQ33,NETHERLAND GOVT STRIP,NETHRS 0 01/15/21 JA23,EURO-ZONE,Govt,Govt,EURONEXT-AMSTER,Bond,filter
BBG00000DQB4,NETHERLAND GOVT STRIP,NETHRS 0 01/15/11 JA23,EURO-ZONE,Govt,Govt,EURONEXT-AMSTER,Bond,filter
BBG00000DQG9,NETHERLAND GOVT STRIP,NETHRS 0 01/15/12 JA23,EURO-ZONE,Govt,Govt,EURONEXT-AMSTER,Bond,filter
BBG00000DQS6,NETHERLAND GOVT STRIP,NETHRS 0 01/15/22 JA23,EURO-ZONE,Govt,Govt,EURONEXT-AMSTER,Bond,filter
BBG00000DQY9,NETHERLAND GOVT STRIP,NETHRS 0 01/15/14 JA23,EURO-ZONE,Govt,Govt,EURONEXT-AMSTER,Bond,filter
BBG00000DR13,NETHERLAND GOVT STRIP,NETHRS 0 01/15/13 JA23,EURO-ZONE,Govt,Govt,EURONEXT-AMSTER,Bond,filter
BBG00000DR68,NETHERLAND GOVT STRIP,NETHRS 0 01/15/23 JA23,EURO-ZONE,Govt,Govt,EURONEXT-AMSTER,Bond,filter
BBG00000DR86,NETHERLAND GOVT STRIP,NETHRS 0 01/15/15 JA23,EURO-ZONE,Govt,Govt,EURONEXT-AMSTER,Bond,filter
BBG00000DRF8,NETHERLAND GOVT STRIP,NETHRS 0 01/15/16 JA23,EURO-ZONE,Govt,Govt,EURONEXT-AMSTER,Bond,filter
BBG00000DRL1,NETHERLAND GOVT STRIP,NETHRS 0 01/15/17 JA23,EURO-ZONE,Govt,Govt,EURONEXT-AMSTER,Bond,filter
BBG00000DS39,NETHERLAND GOVT STRIP,NETHRS 0 01/15/18 JA23,EURO-ZONE,Govt,Govt,EURONEXT-AMSTER,Bond,filter
BBG00000DS93,NETHERLAND GOVT STRIP,NETHRS 0 01/15/19 JA23,EURO-ZONE,Govt,Govt,EURONEXT-AMSTER,Bond,filter
BBG00000DSH4,NETHERLAND PRINC STRIP,NETHRR 0 01/15/23 JA23,EURO-ZONE,Govt,Govt,EURONEXT-AMSTER,Bond,filter
BBG00000FFY1,NEDER WATERSCHAPSBANK,NEDWBK 3.888 09/25/14 EMTN,EURO MTN,Govt,Govt,NOT LISTED,Bond,filter
BBG00000FLN0,REPUBLIC OF SLOVENIA,SLOVEN 5.375 04/11/11,EURO-ZONE,Govt,Govt,TLX,Bond,filter
BBG00000FRD8,FINANZIERUNGS-SCHAETZE,FSDB 0 11/22/10 1109,EURO-ZONE,Govt,Govt,NOT LISTED,Bond,filter
BBG00000FWL8,FINANZIERUNGS-SCHAETZE,FSDB 0 11/21/11 1109,EURO-ZONE,Govt,Govt,NOT LISTED,Bond,filter
BBG00000G9K9,BK OF ENGLAND EURO NOTE,BOENWI 2.75 01/27/06 +MAR,EURO NON-DOLLAR,Govt,Govt,LONDON,Bond,filter
BBG00000GD84,REPUBLIC OF AUSTRIA,AUST F 05/10/12 EMTN,EURO MTN,Govt,Govt,NOT LISTED,Bond,filter
BBG00000GRH3,DEUT BUNDESSCHATZBRIEFE,DBSB 4 01/01/12 0106,EURO-ZONE,Govt,Govt,NOT LISTED,Bond,filter
BBG00000GRM7,AGENCE FRANCAISE DEVELOP,AGFRNC F 12/08/14 EMTN,EURO MTN,Govt,Govt,LUXEMBOURG,Bond,filter
BBG00000GYF0,LAND RHEINLAND-PFALZ,RHIPAL 6.875 02/24/14,EURO-ZONE,Govt,Govt,FRANKFURT,Bond,filter
BBG00000H7L1,DEUT BUNDESSCHATZBRIEFE,DBSB 0 01/01/13 0106,EURO-ZONE,Govt,Govt,NOT LISTED,Bond,filter
BBG00000HBM1,REPUBLIC OF ARGENTINA,ARGENT 3.38 12/31/38 PRER,EURO NON-DOLLAR,Govt,Govt,EUROTLX,Bond,filter
BBG00000HGK2,AYUNTAMIENTO DE MADRID,METMAD 5.1 12/21/11,EURO-ZONE,Govt,Govt,AIAF,Bond,filter
BBG00000HH39,PROVINCIA DE BUENOS AIRE,BUENOS 10.75 03/03/05,EURO NON-DOLLAR,Govt,Govt,FRANKFURT,Bond,filter
BBG00000HQ66,BUNDESREPUB. DEUTSCHLAND,DBR 5.625 09/20/16 ++86,EURO-ZONE,Govt,Govt,ALL GERMAN SE,Bond,filter
BBG00000HQ84,BUNDESREPUB. DEUTSCHLAND,DBR 6 06/20/16 ++86,EURO-ZONE,Govt,Govt,EUROTLX,Bond,filter
BBG00000HXM3,DEUT BUNDESSCHATZBRIEFE,DBSB 0 05/01/13 5/06,EURO-ZONE,Govt,Govt,NOT LISTED,Bond,filter
BBG00000J5K4,CAISSE FRANCAISE DE FIN,CAFFIL 3 07/25/17 EMTN,EURO MTN,Govt,Govt,LUXEMBOURG,Bond,filter
BBG00000JBZ5,DEUT BUNDESSCHATZBRIEFE,DBSB 4.75 05/01/12 5/06,EURO-ZONE,Govt,Govt,NOT LISTED,Bond,filter
BBG00000K096,REPUBLIC OF ARGENTINA,ARGENT 7.82 12/31/33 dscE,EURO NON-DOLLAR,Govt,Govt,FRANKFURT,Bond,filter
BBG00000K3C6,BUNDESREPUB. DEUTSCHLAND,DBRR 0 01/04/12,EURO-ZONE,Govt,Govt,FRANKFURT,Bond,filter
BBG00000K489,DIPUT FORAL DE VIZCAYA,VIZCAY 11.3 12/20/14,EURO-ZONE,Govt,Govt,BILBAO,Bond,filter
BBG00000KG28,FREISTAAT SACHSEN,SAXONY 5.79 09/06/10 ++95,EURO-ZONE,Govt,Govt,FRANKFURT,Bond,filter
BBG00000KR97,FRANCE (GOVT OF),FRTR 8.5 12/26/12,EURO-ZONE,Govt,Govt,EURONEXT-PARIS,Bond,filter
BBG00000L2Z2,CROATIA,CROATI 6.75 03/14/11,EURO-ZONE,Govt,Govt,EUROTLX,Bond,filter
BBG00000L5R4,FRANCE (GOVT OF),FRTR 8.5 04/25/23,EURO-ZONE,Govt,Govt,MTS FRANCE,Bond,filter
BBG00000M4F9,LAND SACHSEN-ANHALT,SACHAN 5.25 02/22/11,EURO-ZONE,Govt,Govt,FRANKFURT,Bond,filter
BBG00000M4Z7,BK OF ENGLAND EURO BILL,BOEWI 0 12/12/02 *EUR,EURO NON-DOLLAR,Govt,Govt,NOT LISTED,Bond,filter
BBG00000MC25,LAND BERLIN,BERGER 5 04/12/11 +108,EURO-ZONE,Govt,Govt,BERLIN,Bond,filter
BBG00000MCX1,BK OF ENGLAND EURO BILL,BOEWI 0 03/13/03 EURO,EURO NON-DOLLAR,Govt,Govt,NOT LISTED,Bond,filter
BBG00000MFM6,BUNDESREPUB. DEUTSCHLAND,DBRR 0 01/04/15 JA15,EURO-ZONE,Govt,Govt,FRANKFURT,Bond,filter
BBG00000MK36,BNG BANK NV,BNG 6.02 12/28/28 EMTN,EURO MTN,Govt,Govt,EURONEXT-AMSTER,Bond,filter
BBG00000MNQ5,AGENCE FRANCAISE DEVELOP,AGFRNC 5.25 04/25/11,EURO-ZONE,Govt,Govt,EURONEXT-PARIS,Bond,filter
BBG00000MY72,CO TURI,COTURI F 09/27/25,EURO-ZONE,Govt,Govt,NOT LISTED,Bond,filter
BBG00000MYH1,REGION OF UMBRIA,UMBRIA V5.56128 12/31/18 EMTN,EURO MTN,Govt,Govt,LUXEMBOURG,Bond,filter
BBG00000MZ42,CAPITAL 8 1/2% 2010,IRISH 8.5 10/01/10,EURO-ZONE,Govt,Govt,EURONEXT-DUBLIN,Bond,filter
BBG00000MZ60,DEVELOPMENT 14 3/4% 2004,IRISH 14.75 02/01/04,EURO-ZONE,Govt,Govt,EURONEXT-DUBLIN,Bond,filter
BBG00000MZX0,TREASURY 8 3/4% 2012,IRISH 8.75 09/30/12,EURO-ZONE,Govt,Govt,EURONEXT-DUBLIN,Bond,filter
BBG00000N0G5,HOUSING FINANCE AGENCY,HSGFIN 8.75 02/15/18,EURO-ZONE,Govt,Govt,EURONEXT-DUBLIN,Bond,filter
BBG00000N2B6,EXCHEQUER 6 1/2% 2005,IRISH 6.5 06/27/05,EURO-ZONE,Govt,Govt,EURONEXT-DUBLIN,Bond,filter
BBG00000NL33,LAND BRANDENBURG,BRABUR 0 08/27/12 EMTN,EURO MTN,Govt,Govt,FRANKFURT,Bond,filter
BBG00000NLG9,FREIE HANSESTADT HAMBURG,HAMBRG 7.125 02/24/14 +++5,EURO-ZONE,Govt,Govt,HAMBURG,Bond,filter
BBG00000NT81,MALTA GOVERNMENT,MALTA 5.1 08/16/22 I,EURO-ZONE,Govt,Govt,MALTA,Bond,filter
BBG00000P965,REPUBLIC OF AUSTRIA,RAGBS 0 03/15/11 MA37,EURO-ZONE,Govt,Govt,VIENNA,Bond,filter
BBG00000PBS6,PROVINCIA DI TERAMO,PVTERA 5.055 01/07/33,EURO-ZONE,Govt,Govt,NOT LISTED,Bond,filter
BBG00000PMC9,BUONI POLIENNALI PRINCIP,BTPSR 0 02/01/33 CSTR,EURO-ZONE,Govt,Govt,NOT LISTED,Bond,filter
BBG00000PW28,REPUBLIC OF AUSTRIA,RAGBS 0 03/15/12 MA37,EURO-ZONE,Govt,Govt,VIENNA,Bond,filter
BBG00000QLN8,KOREA EXPRESSWAY CORP,HIGHWY 4.375 09/27/16 mbia,EURO MTN,Govt,Govt,NOT LISTED,Bond,filter
BBG00000QQM8,PROVINCIA DE BUENOS AIRE,BUENOS 10 07/05/04,EURO NON-DOLLAR,Govt,Govt,BUENOS AIRES,Bond,filter
BBG00000RDQ2,LAND NORDRHEIN-WESTFALEN,NRW 6.75 03/22/23 +167,EURO-ZONE,Govt,Govt,DUSSELDORF,Bond,filter
BBG00000RDX4,BUNDESREPUB. DEUTSCHLAND,DBR 4.5 01/04/13 ++03,EURO-ZONE,Govt,Govt,ALL GERMAN SE,Bond,filter
BBG00000RQR2,FRANCE (GOVT OF),FRTR 8.5 10/25/19,EURO-ZONE,Govt,Govt,MTS FRANCE,Bond,filter
BBG00000RWB6,REPUBLIC OF AUSTRIA,RAGBR 0 07/15/15 JU20,EURO-ZONE,Govt,Govt,VIENNA,Bond,filter
BBG00000T792,CAISSE FRANCAISE DE FIN,CAFFIL 0 09/30/14 EMTN,EURO MTN,Govt,Govt,LUXEMBOURG,Bond,filter
BBG00000TLB8,BK NEDERLANDSE GEMEENTEN,BNG 4.5 03/10/14 EMTN,EURO MTN,Govt,Govt,EURONEXT-AMSTER,Bond,filter
BBG00000TR16,LAND HESSEN,HESSEN 6.75 04/26/23,EURO-ZONE,Govt,Govt,FRANKFURT,Bond,filter
BBG00000TZ09,KOMMUNEKREDIT,KOMMUN V0 07/12/24 EMTN,EURO MTN,Govt,Govt,LUXEMBOURG,Bond,filter
BBG00000V3Q9,GEMEINSAME BUNDESLAENDER,LANDER 3.75 09/07/11 ++19,EURO-ZONE,Govt,Govt,FRANKFURT,Bond,filter
BBG00000V726,BUNDESOBLIGATION,OBL 2.5 10/08/10 +147,EURO-ZONE,Govt,Govt,ALL GERMAN SE,Bond,filter
BBG00000VBZ1,BK NEDERLANDSE GEMEENTEN,BNG 5.625 10/25/10 EMTN,EURO MTN,Govt,Govt,EURONEXT-AMSTER,Bond,filter
BBG00000VJC9,COMUNE DI ARGENTA,CDARGE F 12/31/17,EURO-ZONE,Govt,Govt,NOT LISTED,Bond,filter
BBG00000VM05,LAND HESSEN,HESSEN 3.221 03/09/12 0817,EURO-ZONE,Govt,Govt,FRANKFURT,Bond,filter
BBG00000VTH2,NEDER WATERSCHAPSBANK,NEDWBK 4.251 07/25/11 EMTN,EURO MTN,Govt,Govt,NOT LISTED,Bond,filter
BBG00000VZ51,PROVINCIA DI MANTOVA,PRMANT F 12/31/37,EURO-ZONE,Govt,Govt,NOT LISTED,Bond,filter
BBG00000WPG0,DEXIA MUNICIPAL AGENCY,CAFFIL 2.82 09/06/12 EMTN,EURO MTN,Govt,Govt,LUXEMBOURG,Bond,filter
BBG00000WV31,FREISTAAT SACHSEN,SAXONY 5.625 11/22/10 ++98,EURO-ZONE,Govt,Govt,FRANKFURT,Bond,filter
BBG00000X0P4,CAISSE FRANCAISE DE FIN,CAFFIL 5 02/16/26 EMTn,EURO MTN,Govt,Govt,NOT LISTED,Bond,filter
BBG00000X1B7,REPUBLIC OF ITALY,ITALY 9.25 03/07/11,EURO-ZONE,Govt,Govt,LUXEMBOURG,Bond,filter
BBG00000X8H6,BUNDESOBLIGATION,OBL 4 10/11/13 153,EURO-ZONE,Govt,Govt,ALL GERMAN SE,Bond,filter
BBG00000XBC4,LAND NORDRHEIN-WESTFALEN,NRW 4.9775 06/04/38 899,EURO-ZONE,Govt,Govt,DUSSELDORF,Bond,filter
